ngay,cong_dich,tong_goi,goi_bi_drop
2026-09-16,7777,13123083,0
2026-09-16,63099,92201,0
2026-09-16,56090,47478,0
2026-09-16,8888,38497,0
2026-09-16,50217,35856,0
2026-09-16,57986,29769,0
2026-09-16,51605,14738,0
2026-09-16,56102,12005,0
2026-09-16,54348,7192,0
2026-09-16,56255,5874,0
2026-09-16,56105,5616,0
2026-09-16,58182,4738,0
2026-09-16,56388,4481,0
2026-09-16,56543,3873,0
2026-09-16,56095,3510,0
2026-09-16,10000,2798,25
2026-09-16,56113,2623,0
2026-09-16,64886,1008,0
2026-09-16,56100,462,0
2026-09-16,50082,388,0
2026-09-16,54687,353,0
2026-09-16,56123,303,0
2026-09-16,54676,298,0
2026-09-16,62486,263,0
2026-09-16,59462,214,0
2026-09-16,5678,101,101
2026-09-16,61928,97,0
2026-09-16,54434,84,0
2026-09-16,59452,82,0
2026-09-16,57543,60,0
2026-09-16,61222,56,0
2026-09-16,63804,44,0
2026-09-16,55332,37,0
2026-09-16,61385,35,0
2026-09-16,59240,31,0
2026-09-16,65168,29,0
2026-09-16,5353,26,0
2026-09-16,56687,26,0
2026-09-16,52735,22,0
2026-09-16,56430,22,0
2026-09-16,58871,21,0
2026-09-16,61006,21,0
2026-09-16,49935,20,0
2026-09-16,50355,20,0
2026-09-16,54616,20,0
2026-09-16,64812,20,0
2026-09-16,64802,19,0
2026-09-16,57769,18,0
2026-09-16,58889,18,0
2026-09-16,59392,18,0
2026-09-16,50007,17,0
2026-09-16,52720,17,0
2026-09-16,55924,17,0
2026-09-16,56841,17,0
2026-09-16,56959,17,0
2026-09-16,49674,16,0
2026-09-16,51601,16,0
2026-09-16,54490,16,0
2026-09-16,55093,16,0
2026-09-16,55276,16,0
2026-09-16,55330,16,0
2026-09-16,57133,16,0
2026-09-16,58324,16,0
2026-09-16,60817,16,0
2026-09-16,64382,16,0
2026-09-16,64413,16,0
2026-09-16,64646,16,0
2026-09-16,51444,15,0
2026-09-16,51581,15,0
2026-09-16,52521,15,0
2026-09-16,54139,15,0
2026-09-16,54483,15,0
2026-09-16,55473,15,0
2026-09-16,56086,15,0
2026-09-16,57751,15,0
2026-09-16,49500,14,0
2026-09-16,50072,14,0
2026-09-16,52853,14,0
2026-09-16,53412,14,0
2026-09-16,54383,14,0
2026-09-16,54614,14,0
2026-09-16,56553,14,0
2026-09-16,58492,14,0
2026-09-16,58501,14,0
2026-09-16,58550,14,0
2026-09-16,58949,14,0
2026-09-16,59381,14,0
2026-09-16,61402,14,0
2026-09-16,61845,14,0
2026-09-16,62898,14,0
2026-09-16,63086,14,0
2026-09-16,63983,14,0
2026-09-16,64795,14,0
2026-09-16,50107,13,0
2026-09-16,52271,13,0
2026-09-16,53722,13,0
2026-09-16,55646,13,0
2026-09-16,56422,13,0
2026-09-16,57445,13,0
2026-09-16,57858,13,0
2026-09-16,58417,13,0
2026-09-16,59321,13,0
2026-09-16,59379,13,0
2026-09-16,63348,13,0
2026-09-16,64604,13,0
2026-09-16,65395,13,0
2026-09-16,51020,12,0
2026-09-16,52874,12,0
2026-09-16,53423,12,0
2026-09-16,54659,12,0
2026-09-16,54896,12,0
2026-09-16,61931,12,0
2026-09-16,62536,12,0
2026-09-16,63011,12,0
2026-09-16,63328,12,0
2026-09-16,63898,12,0
2026-09-16,51367,11,0
2026-09-16,56237,11,0
2026-09-16,54309,10,0
2026-09-16,61824,10,0
2026-09-16,62267,10,0
2026-09-16,58043,8,0
2026-09-16,58729,8,0
2026-09-16,60087,8,0
2026-09-16,60738,8,0
2026-09-16,63562,8,0
2026-09-16,51249,7,0
2026-09-16,52269,7,0
2026-09-16,53382,7,0
2026-09-16,54569,7,0
2026-09-16,54001,6,0
2026-09-16,57512,6,0
2026-09-16,60479,6,0
2026-09-16,60919,6,0
2026-09-16,51370,5,0
2026-09-16,55991,5,0
2026-09-16,56119,5,0
2026-09-16,56544,5,0
2026-09-16,61775,5,0
2026-09-16,49961,4,0
2026-09-16,51932,4,0
2026-09-16,53398,4,0
2026-09-16,53399,4,0
2026-09-16,55848,4,0
2026-09-16,56403,4,0
2026-09-16,58642,4,0
2026-09-16,59156,4,0
2026-09-16,59158,4,0
2026-09-16,60208,4,0
2026-09-16,51369,3,0
2026-09-16,52975,3,0
2026-09-16,54002,3,0
2026-09-16,54168,3,0
2026-09-16,57924,3,0
2026-09-16,59157,3,0
2026-09-16,49168,2,0
2026-09-16,49412,2,0
2026-09-16,49440,2,0
2026-09-16,50012,2,0
2026-09-16,50120,2,0
2026-09-16,50282,2,0
2026-09-16,50451,2,0
2026-09-16,50870,2,0
2026-09-16,50903,2,0
2026-09-16,50913,2,0
2026-09-16,51257,2,0
2026-09-16,51603,2,0
2026-09-16,51783,2,0
2026-09-16,52603,2,0
2026-09-16,53081,2,0
2026-09-16,53591,2,0
2026-09-16,53922,2,0
2026-09-16,53997,2,0
2026-09-16,54349,2,0
2026-09-16,54428,2,0
2026-09-16,54603,2,0
2026-09-16,54815,2,0
2026-09-16,54868,2,0
2026-09-16,54995,2,0
2026-09-16,55067,2,0
2026-09-16,55149,2,0
2026-09-16,55572,2,0
2026-09-16,55851,2,0
2026-09-16,56440,2,0
2026-09-16,57105,2,0
2026-09-16,57238,2,0
2026-09-16,57301,2,0
2026-09-16,57323,2,0
2026-09-16,57324,2,0
2026-09-16,57824,2,0
2026-09-16,58482,2,0
2026-09-16,58544,2,0
2026-09-16,59198,2,0
2026-09-16,59385,2,0
2026-09-16,60068,2,0
2026-09-16,60225,2,0
2026-09-16,60472,2,0
2026-09-16,60779,2,0
2026-09-16,60985,2,0
2026-09-16,61308,2,0
2026-09-16,61342,2,0
2026-09-16,62289,2,0
2026-09-16,62717,2,0
2026-09-16,63380,2,0
2026-09-16,63571,2,0
2026-09-16,63747,2,0
2026-09-16,64272,2,0
2026-09-16,64851,2,0
2026-09-16,64875,2,0
2026-09-16,65434,2,0
2026-09-16,27036,1,1
2026-09-16,49856,1,0
2026-09-16,49871,1,0
2026-09-16,49881,1,0
2026-09-16,50009,1,0
2026-09-16,50273,1,0
2026-09-16,50311,1,0
2026-09-16,50423,1,0
2026-09-16,50436,1,0
2026-09-16,50532,1,0
2026-09-16,50766,1,0
2026-09-16,50824,1,0
2026-09-16,51368,1,0
2026-09-16,51371,1,0
2026-09-16,51573,1,0
2026-09-16,51794,1,0
2026-09-16,52338,1,0
2026-09-16,52343,1,0
2026-09-16,52406,1,0
2026-09-16,52516,1,0
2026-09-16,52733,1,0
2026-09-16,52739,1,0
2026-09-16,52784,1,0
2026-09-16,52893,1,0
2026-09-16,52898,1,0
2026-09-16,54281,1,0
2026-09-16,54353,1,0
2026-09-16,54572,1,0
2026-09-16,54928,1,0
2026-09-16,55063,1,0
2026-09-16,55096,1,0
2026-09-16,55291,1,0
2026-09-16,55302,1,0
2026-09-16,55334,1,0
2026-09-16,55345,1,0
2026-09-16,55437,1,0
2026-09-16,55765,1,0
2026-09-16,55797,1,0
2026-09-16,55898,1,0
2026-09-16,55954,1,0
2026-09-16,56676,1,0
2026-09-16,56948,1,0
2026-09-16,57278,1,0
2026-09-16,57643,1,0
2026-09-16,57794,1,0
2026-09-16,58008,1,0
2026-09-16,58035,1,0
2026-09-16,58150,1,0
2026-09-16,58164,1,0
2026-09-16,58760,1,0
2026-09-16,58926,1,0
2026-09-16,59562,1,0
2026-09-16,59600,1,0
2026-09-16,59842,1,0
2026-09-16,59866,1,0
2026-09-16,59933,1,0
2026-09-16,60016,1,0
2026-09-16,60047,1,0
2026-09-16,60294,1,0
2026-09-16,60440,1,0
2026-09-16,60808,1,0
2026-09-16,60885,1,0
2026-09-16,61781,1,0
2026-09-16,62515,1,0
2026-09-16,62550,1,0
2026-09-16,62963,1,0
2026-09-16,63269,1,0
2026-09-16,63370,1,0
2026-09-16,63555,1,0
2026-09-16,63710,1,0
2026-09-16,63727,1,0
2026-09-16,63888,1,0
2026-09-16,64083,1,0
2026-09-16,64143,1,0
2026-09-16,64230,1,0
2026-09-17,7777,68493433,6453272
2026-09-17,62541,292003,0
2026-09-17,8888,286933,0
2026-09-17,51124,267297,0
2026-09-17,51254,246259,0
2026-09-17,58045,143854,0
2026-09-17,61014,142228,0
2026-09-17,63099,84798,0
2026-09-17,57986,48760,0
2026-09-17,54523,31853,0
2026-09-17,63143,26130,0
2026-09-17,49695,24572,0
2026-09-17,61650,23134,0
2026-09-17,50549,22716,0
2026-09-17,50217,22507,0
2026-09-17,54786,19852,0
2026-09-17,58820,17714,0
2026-09-17,64612,15434,0
2026-09-17,49772,14529,0
2026-09-17,61808,13951,0
2026-09-17,51605,10258,0
2026-09-17,65378,10197,0
2026-09-17,64403,8581,0
2026-09-17,51419,7243,0
2026-09-17,10000,7098,104
2026-09-17,59022,6746,0
2026-09-17,56374,6574,0
2026-09-17,56388,5953,0
2026-09-17,54687,5715,0
2026-09-17,50520,5685,0
2026-09-17,50287,5451,0
2026-09-17,56255,5329,0
2026-09-17,52826,5322,0
2026-09-17,52549,5215,0
2026-09-17,55623,5130,0
2026-09-17,54338,5075,0
2026-09-17,58066,5065,0
2026-09-17,51126,4650,0
2026-09-17,51417,4578,0
2026-09-17,60795,4457,0
2026-09-17,54956,4270,0
2026-09-17,60231,3893,0
2026-09-17,54149,3876,0
2026-09-17,58357,3567,0
2026-09-17,50552,2631,0
2026-09-17,61380,2602,0
2026-09-17,56871,2598,0
2026-09-17,53352,2571,0
2026-09-17,51296,2518,0
2026-09-17,63726,2212,0
2026-09-17,52402,1787,0
2026-09-17,50119,1613,0
2026-09-17,62052,1526,0
2026-09-17,57073,1519,0
2026-09-17,50730,1308,0
2026-09-17,54337,1233,0
2026-09-17,64426,991,0
2026-09-17,56811,973,0
2026-09-17,49376,964,0
2026-09-17,52471,955,0
2026-09-17,56543,905,0
2026-09-17,53508,831,0
2026-09-17,52033,825,0
2026-09-17,51422,796,0
2026-09-17,62826,772,0
2026-09-17,64886,746,0
2026-09-17,51176,726,0
2026-09-17,51558,706,0
2026-09-17,56873,587,0
2026-09-17,62896,549,0
2026-09-17,62935,549,0
2026-09-17,60019,538,0
2026-09-17,53381,521,0
2026-09-17,5678,519,519
2026-09-17,50550,448,0
2026-09-17,60111,376,0
2026-09-17,50951,372,0
2026-09-17,64724,364,0
2026-09-17,51946,338,0
2026-09-17,54682,328,0
2026-09-17,57525,326,0
2026-09-17,55761,318,0
2026-09-17,53490,317,0
2026-09-17,61233,309,0
2026-09-17,61311,307,0
2026-09-17,61701,303,0
2026-09-17,50151,276,0
2026-09-17,64262,257,0
2026-09-17,56384,253,0
2026-09-17,49919,243,0
2026-09-17,50954,230,0
2026-09-17,53334,221,0
2026-09-17,58104,200,0
2026-09-17,56447,194,0
2026-09-17,62486,192,0
2026-09-17,61649,191,0
2026-09-17,53564,186,0
2026-09-17,52219,183,0
2026-09-17,58954,176,0
2026-09-17,49703,164,0
2026-09-17,64447,159,0
2026-09-17,64848,152,0
2026-09-17,53504,147,0
2026-09-17,54705,138,0
2026-09-17,61566,137,0
2026-09-17,58536,134,0
2026-09-17,61026,134,0
2026-09-17,56581,133,0
2026-09-17,64652,133,0
2026-09-17,50525,132,0
2026-09-17,51068,131,0
2026-09-17,64136,123,0
2026-09-17,51155,122,0
2026-09-17,58242,122,0
2026-09-17,63700,115,0
2026-09-17,56603,113,0
2026-09-17,50781,112,0
2026-09-17,49709,108,0
2026-09-17,54933,107,0
2026-09-17,55936,104,0
2026-09-17,49192,103,0
2026-09-17,63844,103,0
2026-09-17,57515,95,0
2026-09-17,63182,95,0
2026-09-17,52399,93,0
2026-09-17,51123,92,0
2026-09-17,59556,89,0
2026-09-17,59582,89,0
2026-09-17,58658,88,0
2026-09-17,54339,86,0
2026-09-17,64914,86,0
2026-09-17,55332,84,0
2026-09-17,55041,82,0
2026-09-17,59426,80,0
2026-09-17,56936,79,0
2026-09-17,63116,79,0
2026-09-17,53931,77,0
2026-09-17,53919,76,0
2026-09-17,59456,76,0
2026-09-17,62828,76,0
2026-09-17,49540,75,0
2026-09-17,54008,75,0
2026-09-17,49461,73,0
2026-09-17,63141,71,0
2026-09-17,62594,69,0
2026-09-17,64002,68,0
2026-09-17,55683,66,0
2026-09-17,57057,66,0
2026-09-17,62512,66,0
2026-09-17,54826,65,0
2026-09-17,63804,64,0
2026-09-17,64377,63,0
2026-09-17,65111,62,0
2026-09-17,50541,60,0
2026-09-17,58821,60,0
2026-09-17,56445,57,0
2026-09-17,53349,56,0
2026-09-17,64545,55,0
2026-09-17,50116,53,0
2026-09-17,50996,53,0
2026-09-17,52403,52,0
2026-09-17,52564,52,0
2026-09-17,49462,51,0
2026-09-17,51468,51,0
2026-09-17,53774,51,0
2026-09-17,59268,51,0
2026-09-17,53852,50,0
2026-09-17,55298,49,0
2026-09-17,56381,49,0
2026-09-17,60190,48,0
2026-09-17,61376,47,0
2026-09-17,54671,45,0
2026-09-17,51780,44,0
2026-09-17,52457,44,0
2026-09-17,61244,44,0
2026-09-17,63957,44,0
2026-09-17,52480,43,0
2026-09-17,59061,42,0
2026-09-17,63084,42,0
2026-09-17,5353,41,0
2026-09-17,54418,41,0
2026-09-17,57431,41,0
2026-09-17,61613,41,0
2026-09-17,61972,41,0
2026-09-17,55309,40,0
2026-09-17,56411,39,1
2026-09-17,53175,38,0
2026-09-17,53582,38,0
2026-09-17,53714,38,0
2026-09-17,60525,38,0
2026-09-17,51326,37,0
2026-09-17,60410,37,0
2026-09-17,55231,36,0
2026-09-17,60696,36,0
2026-09-17,49984,35,0
2026-09-17,57224,35,0
2026-09-17,49463,34,0
2026-09-17,50729,34,0
2026-09-17,54952,34,0
2026-09-17,57602,34,0
2026-09-17,59982,34,0
2026-09-17,61765,34,0
2026-09-17,62375,34,0
2026-09-17,62470,34,0
2026-09-17,50408,33,0
2026-09-17,60234,33,0
2026-09-17,61714,33,0
2026-09-17,61766,33,0
2026-09-17,49423,32,0
2026-09-17,49824,32,0
2026-09-17,49943,32,0
2026-09-17,51250,32,0
2026-09-17,55461,32,0
2026-09-17,61797,32,0
2026-09-17,63115,32,0
2026-09-17,58307,31,0
2026-09-17,62833,31,0
2026-09-17,64558,31,0
2026-09-17,60070,30,0
2026-09-17,50873,29,0
2026-09-17,51550,29,0
2026-09-17,51683,29,0
2026-09-17,53988,29,0
2026-09-17,59645,29,0
2026-09-17,60300,29,0
2026-09-17,64515,29,0
2026-09-17,65383,29,0
2026-09-17,50907,28,0
2026-09-17,57016,28,0
2026-09-17,57228,28,0
2026-09-17,58934,28,0
2026-09-17,58935,28,0
2026-09-17,60278,28,0
2026-09-17,62590,28,0
2026-09-17,65088,28,0
2026-09-17,54546,27,0
2026-09-17,56555,27,0
2026-09-17,60468,27,0
2026-09-17,62957,27,0
2026-09-17,64373,27,0
2026-09-17,55717,26,0
2026-09-17,55890,26,0
2026-09-17,56506,26,0
2026-09-17,60232,26,0
2026-09-17,60387,26,0
2026-09-17,61831,26,0
2026-09-17,62093,26,0
2026-09-17,62571,26,0
2026-09-17,63471,26,0
2026-09-17,63641,26,0
2026-09-17,49865,25,0
2026-09-17,51319,25,0
2026-09-17,52796,25,0
2026-09-17,54248,25,0
2026-09-17,54800,25,0
2026-09-17,56089,25,0
2026-09-17,56658,25,0
2026-09-17,60444,25,0
2026-09-17,61094,25,0
2026-09-17,61921,25,0
2026-09-17,63930,25,0
2026-09-17,49489,24,0
2026-09-17,50514,24,0
2026-09-17,52547,24,0
2026-09-17,55755,24,0
2026-09-17,57435,24,0
2026-09-17,62761,24,0
2026-09-17,63916,24,0
2026-09-17,49464,23,0
2026-09-17,49826,23,0
2026-09-17,52634,23,0
2026-09-17,53106,23,0
2026-09-17,54106,23,0
2026-09-17,61480,23,0
2026-09-17,64267,23,0
2026-09-17,137,22,22
2026-09-17,52474,22,0
2026-09-17,52738,22,0
2026-09-17,54231,22,0
2026-09-17,54470,22,0
2026-09-17,55389,22,0
2026-09-17,55444,22,0
2026-09-17,56323,22,0
2026-09-17,56522,22,0
2026-09-17,58523,22,0
2026-09-17,58936,22,0
2026-09-17,59553,22,0
2026-09-17,63936,22,0
2026-09-17,65113,22,0
2026-09-17,53058,21,0
2026-09-17,53148,21,0
2026-09-17,54035,21,0
2026-09-17,55343,21,0
2026-09-17,56259,21,0
2026-09-17,58197,21,0
2026-09-17,60374,21,0
2026-09-17,60796,21,0
2026-09-17,60823,21,0
2026-09-17,62119,21,0
2026-09-17,62641,21,0
2026-09-17,63950,21,0
2026-09-17,51858,20,0
2026-09-17,53694,20,0
2026-09-17,54050,20,0
2026-09-17,54235,20,0
2026-09-17,54262,20,0
2026-09-17,56162,20,0
2026-09-17,56164,20,0
2026-09-17,57165,20,0
2026-09-17,57872,20,0
2026-09-17,58604,20,0
2026-09-17,58761,20,0
2026-09-17,58888,20,0
2026-09-17,60293,20,0
2026-09-17,62496,20,0
2026-09-17,63527,20,0
2026-09-17,63717,20,0
2026-09-17,50337,19,0
2026-09-17,51270,19,0
2026-09-17,53809,19,0
2026-09-17,53946,19,0
2026-09-17,54442,19,0
2026-09-17,54739,19,0
2026-09-17,56911,19,0
2026-09-17,58382,19,0
2026-09-17,59894,19,0
2026-09-17,59901,19,0
2026-09-17,59938,19,0
2026-09-17,61392,19,0
2026-09-17,61612,19,0
2026-09-17,61725,19,0
2026-09-17,61824,19,0
2026-09-17,64629,19,0
2026-09-17,49678,18,0
2026-09-17,49870,18,0
2026-09-17,50517,18,0
2026-09-17,50885,18,0
2026-09-17,51423,18,0
2026-09-17,52152,18,0
2026-09-17,53892,18,0
2026-09-17,56405,18,0
2026-09-17,56892,18,0
2026-09-17,57037,18,0
2026-09-17,58418,18,0
2026-09-17,60615,18,0
2026-09-17,61089,18,0
2026-09-17,61597,18,0
2026-09-17,61658,18,0
2026-09-17,62049,18,0
2026-09-17,62374,18,0
2026-09-17,62555,18,0
2026-09-17,62615,18,0
2026-09-17,65089,18,0
2026-09-17,49157,17,0
2026-09-17,49697,17,0
2026-09-17,53331,17,0
2026-09-17,53800,17,0
2026-09-17,54527,17,0
2026-09-17,54600,17,0
2026-09-17,54628,17,0
2026-09-17,54974,17,0
2026-09-17,54977,17,0
2026-09-17,55714,17,0
2026-09-17,55857,17,0
2026-09-17,55920,17,0
2026-09-17,58731,17,0
2026-09-17,58817,17,0
2026-09-17,60074,17,0
2026-09-17,62823,17,0
2026-09-17,63198,17,0
2026-09-17,63845,17,0
2026-09-17,63956,17,0
2026-09-17,64504,17,0
2026-09-17,64564,17,0
2026-09-17,65020,17,0
2026-09-17,65311,17,0
2026-09-17,65347,17,0
2026-09-17,65384,17,0
2026-09-17,50728,16,0
2026-09-17,51304,16,0
2026-09-17,51461,16,0
2026-09-17,51462,16,0
2026-09-17,51705,16,0
2026-09-17,51781,16,0
2026-09-17,51873,16,0
2026-09-17,52172,16,0
2026-09-17,53784,16,0
2026-09-17,53817,16,0
2026-09-17,54305,16,0
2026-09-17,54751,16,0
2026-09-17,55721,16,0
2026-09-17,55858,16,0
2026-09-17,56783,16,0
2026-09-17,57197,16,0
2026-09-17,57234,16,0
2026-09-17,57427,16,0
2026-09-17,57499,16,0
2026-09-17,57722,16,0
2026-09-17,58042,16,0
2026-09-17,58049,16,0
2026-09-17,58164,16,0
2026-09-17,58205,16,0
2026-09-17,58533,16,0
2026-09-17,58726,16,0
2026-09-17,59019,16,0
2026-09-17,59950,16,0
2026-09-17,60174,16,0
2026-09-17,60258,16,0
2026-09-17,61434,16,0
2026-09-17,61586,16,0
2026-09-17,62031,16,0
2026-09-17,62051,16,0
2026-09-17,62599,16,0
2026-09-17,62832,16,0
2026-09-17,63361,16,0
2026-09-17,63841,16,0
2026-09-17,64104,16,0
2026-09-17,64277,16,0
2026-09-17,65385,16,0
2026-09-17,49432,15,0
2026-09-17,49773,15,0
2026-09-17,51402,15,0
2026-09-17,51534,15,0
2026-09-17,51624,15,0
2026-09-17,51636,15,0
2026-09-17,52159,15,0
2026-09-17,52411,15,0
2026-09-17,53389,15,0
2026-09-17,54334,15,0
2026-09-17,54421,15,0
2026-09-17,54536,15,0
2026-09-17,54551,15,0
2026-09-17,54716,15,0
2026-09-17,54792,15,0
2026-09-17,55328,15,0
2026-09-17,56077,15,0
2026-09-17,56167,15,0
2026-09-17,56371,15,0
2026-09-17,57168,15,0
2026-09-17,57318,15,0
2026-09-17,57341,15,0
2026-09-17,57621,15,0
2026-09-17,58331,15,0
2026-09-17,58971,15,0
2026-09-17,59506,15,0
2026-09-17,60263,15,0
2026-09-17,60684,15,0
2026-09-17,61838,15,0
2026-09-17,62009,15,0
2026-09-17,62295,15,0
2026-09-17,62407,15,0
2026-09-17,62824,15,0
2026-09-17,63113,15,0
2026-09-17,63568,15,0
2026-09-17,63664,15,0
2026-09-17,63795,15,0
2026-09-17,63999,15,0
2026-09-17,64330,15,0
2026-09-17,49165,14,0
2026-09-17,49167,14,0
2026-09-17,49200,14,0
2026-09-17,49292,14,0
2026-09-17,49298,14,0
2026-09-17,49374,14,0
2026-09-17,49399,14,0
2026-09-17,49492,14,0
2026-09-17,49606,14,0
2026-09-17,49784,14,0
2026-09-17,49927,14,0
2026-09-17,50027,14,0
2026-09-17,50110,14,0
2026-09-17,50124,14,0
2026-09-17,50159,14,0
2026-09-17,50204,14,0
2026-09-17,50427,14,0
2026-09-17,50512,14,0
2026-09-17,50705,14,0
2026-09-17,51027,14,0
2026-09-17,51253,14,0
2026-09-17,51464,14,0
2026-09-17,51545,14,0
2026-09-17,51575,14,0
2026-09-17,51662,14,0
2026-09-17,51945,14,0
2026-09-17,51949,14,0
2026-09-17,52320,14,0
2026-09-17,52475,14,0
2026-09-17,52486,14,0
2026-09-17,52493,14,0
2026-09-17,52776,14,0
2026-09-17,53613,14,0
2026-09-17,54052,14,0
2026-09-17,54096,14,0
2026-09-17,54300,14,0
2026-09-17,54333,14,0
2026-09-17,54528,14,0
2026-09-17,54732,14,0
2026-09-17,54975,14,0
2026-09-17,55375,14,0
2026-09-17,55648,14,0
2026-09-17,55723,14,0
2026-09-17,56027,14,0
2026-09-17,56235,14,0
2026-09-17,56684,14,0
2026-09-17,56764,14,0
2026-09-17,56829,14,0
2026-09-17,56906,14,0
2026-09-17,57150,14,0
2026-09-17,57181,14,0
2026-09-17,57304,14,0
2026-09-17,57369,14,0
2026-09-17,57400,14,0
2026-09-17,57576,14,0
2026-09-17,57584,14,0
2026-09-17,57938,14,0
2026-09-17,58056,14,0
2026-09-17,58101,14,0
2026-09-17,58352,14,0
2026-09-17,58984,14,0
2026-09-17,59004,14,0
2026-09-17,59182,14,0
2026-09-17,59220,14,0
2026-09-17,59683,14,0
2026-09-17,59718,14,0
2026-09-17,59787,14,0
2026-09-17,59889,14,0
2026-09-17,60120,14,0
2026-09-17,60165,14,0
2026-09-17,60227,14,0
2026-09-17,60270,14,0
2026-09-17,60515,14,0
2026-09-17,60611,14,0
2026-09-17,60632,14,0
2026-09-17,60862,14,0
2026-09-17,60924,14,0
2026-09-17,61095,14,0
2026-09-17,61104,14,0
2026-09-17,61516,14,0
2026-09-17,61732,14,0
2026-09-17,61770,14,0
2026-09-17,61810,14,0
2026-09-17,61822,14,0
2026-09-17,61866,14,0
2026-09-17,61936,14,0
2026-09-17,62112,14,0
2026-09-17,62182,14,0
2026-09-17,62429,14,0
2026-09-17,62439,14,0
2026-09-17,62543,14,0
2026-09-17,62748,14,0
2026-09-17,63016,14,0
2026-09-17,63106,14,0
2026-09-17,63529,14,0
2026-09-17,63533,14,0
2026-09-17,63554,14,0
2026-09-17,63685,14,0
2026-09-17,63883,14,0
2026-09-17,63990,14,0
2026-09-17,64022,14,0
2026-09-17,64145,14,0
2026-09-17,64186,14,0
2026-09-17,64418,14,0
2026-09-17,64729,14,0
2026-09-17,64930,14,0
2026-09-17,65185,14,0
2026-09-17,65391,14,0
2026-09-17,49263,13,0
2026-09-17,49589,13,0
2026-09-17,49656,13,0
2026-09-17,49838,13,0
2026-09-17,50060,13,0
2026-09-17,50155,13,0
2026-09-17,50196,13,0
2026-09-17,50259,13,0
2026-09-17,50347,13,0
2026-09-17,50367,13,0
2026-09-17,51012,13,0
2026-09-17,51146,13,0
2026-09-17,51232,13,0
2026-09-17,51252,13,0
2026-09-17,51902,13,0
2026-09-17,51943,13,0
2026-09-17,52021,13,0
2026-09-17,52124,13,0
2026-09-17,52496,13,0
2026-09-17,52541,13,0
2026-09-17,52658,13,0
2026-09-17,52666,13,0
2026-09-17,52813,13,0
2026-09-17,53067,13,0
2026-09-17,53097,13,0
2026-09-17,53211,13,0
2026-09-17,53324,13,0
2026-09-17,53372,13,0
2026-09-17,53383,13,0
2026-09-17,53447,13,0
2026-09-17,53487,13,0
2026-09-17,53861,13,0
2026-09-17,53897,13,0
2026-09-17,54081,13,0
2026-09-17,54082,13,0
2026-09-17,54263,13,0
2026-09-17,54365,13,0
2026-09-17,54524,13,0
2026-09-17,54753,13,0
2026-09-17,54806,13,0
2026-09-17,54855,13,0
2026-09-17,54929,13,0
2026-09-17,55136,13,0
2026-09-17,55243,13,0
2026-09-17,55299,13,0
2026-09-17,55630,13,0
2026-09-17,56879,13,0
2026-09-17,57084,13,0
2026-09-17,57458,13,0
2026-09-17,57779,13,0
2026-09-17,58135,13,0
2026-09-17,58378,13,0
2026-09-17,58436,13,0
2026-09-17,58591,13,0
2026-09-17,58951,13,0
2026-09-17,59020,13,0
2026-09-17,59857,13,0
2026-09-17,60301,13,0
2026-09-17,60303,13,0
2026-09-17,60510,13,0
2026-09-17,60553,13,0
2026-09-17,60912,13,0
2026-09-17,61195,13,0
2026-09-17,61979,13,0
2026-09-17,62102,13,0
2026-09-17,62383,13,0
2026-09-17,62437,13,0
2026-09-17,62454,13,0
2026-09-17,62457,13,0
2026-09-17,62459,13,0
2026-09-17,62491,13,0
2026-09-17,62671,13,0
2026-09-17,62953,13,0
2026-09-17,63018,13,0
2026-09-17,63118,13,0
2026-09-17,63413,13,0
2026-09-17,63493,13,0
2026-09-17,63587,13,0
2026-09-17,63671,13,0
2026-09-17,64378,13,0
2026-09-17,64488,13,0
2026-09-17,64526,13,0
2026-09-17,64548,13,0
2026-09-17,64685,13,0
2026-09-17,65154,13,0
2026-09-17,65171,13,0
2026-09-17,65221,13,0
2026-09-17,65274,13,0
2026-09-17,65332,13,0
2026-09-17,49162,12,0
2026-09-17,49465,12,0
2026-09-17,49534,12,0
2026-09-17,49700,12,0
2026-09-17,50143,12,0
2026-09-17,50948,12,0
2026-09-17,51616,12,0
2026-09-17,51736,12,0
2026-09-17,52001,12,0
2026-09-17,52080,12,0
2026-09-17,53197,12,0
2026-09-17,53218,12,0
2026-09-17,53250,12,0
2026-09-17,53494,12,0
2026-09-17,53888,12,0
2026-09-17,53916,12,0
2026-09-17,53954,12,0
2026-09-17,54012,12,0
2026-09-17,54252,12,0
2026-09-17,54413,12,0
2026-09-17,54744,12,0
2026-09-17,55473,12,0
2026-09-17,55830,12,0
2026-09-17,56113,12,0
2026-09-17,56187,12,0
2026-09-17,56403,12,0
2026-09-17,56415,12,0
2026-09-17,56419,12,0
2026-09-17,56465,12,0
2026-09-17,56497,12,0
2026-09-17,57056,12,0
2026-09-17,57156,12,0
2026-09-17,57704,12,0
2026-09-17,57748,12,0
2026-09-17,58151,12,0
2026-09-17,58272,12,0
2026-09-17,58419,12,0
2026-09-17,58514,12,0
2026-09-17,58755,12,0
2026-09-17,58819,12,0
2026-09-17,59266,12,0
2026-09-17,59300,12,0
2026-09-17,59471,12,0
2026-09-17,59619,12,0
2026-09-17,59900,12,0
2026-09-17,59983,12,0
2026-09-17,60011,12,0
2026-09-17,60228,12,0
2026-09-17,60441,12,0
2026-09-17,60727,12,0
2026-09-17,60807,12,0
2026-09-17,60896,12,0
2026-09-17,60951,12,0
2026-09-17,60968,12,0
2026-09-17,61027,12,0
2026-09-17,61224,12,0
2026-09-17,61280,12,0
2026-09-17,61956,12,0
2026-09-17,62054,12,0
2026-09-17,62246,12,0
2026-09-17,62423,12,0
2026-09-17,62456,12,0
2026-09-17,62524,12,0
2026-09-17,62827,12,0
2026-09-17,62872,12,0
2026-09-17,62942,12,0
2026-09-17,63004,12,0
2026-09-17,63232,12,0
2026-09-17,63245,12,0
2026-09-17,63536,12,0
2026-09-17,63960,12,0
2026-09-17,64549,12,0
2026-09-17,64565,12,0
2026-09-17,64870,12,0
2026-09-17,65059,12,0
2026-09-17,65326,12,0
2026-09-17,65341,12,0
2026-09-17,65381,12,0
2026-09-17,65431,12,0
2026-09-17,49468,11,0
2026-09-17,49586,11,0
2026-09-17,50104,11,0
2026-09-17,50404,11,0
2026-09-17,50700,11,0
2026-09-17,51478,11,0
2026-09-17,51499,11,0
2026-09-17,52188,11,0
2026-09-17,52227,11,0
2026-09-17,52912,11,0
2026-09-17,52962,11,0
2026-09-17,53544,11,0
2026-09-17,53566,11,0
2026-09-17,54658,11,0
2026-09-17,55294,11,0
2026-09-17,55522,11,0
2026-09-17,56253,11,0
2026-09-17,57065,11,0
2026-09-17,57111,11,0
2026-09-17,57540,11,0
2026-09-17,58657,11,0
2026-09-17,58749,11,0
2026-09-17,60538,11,0
2026-09-17,60703,11,0
2026-09-17,60737,11,0
2026-09-17,60748,11,0
2026-09-17,60985,11,0
2026-09-17,61966,11,0
2026-09-17,62239,11,0
2026-09-17,62760,11,0
2026-09-17,63130,11,0
2026-09-17,63267,11,0
2026-09-17,63630,11,0
2026-09-17,63688,11,0
2026-09-17,64929,11,0
2026-09-17,65024,11,0
2026-09-17,49655,10,0
2026-09-17,50570,10,0
2026-09-17,50833,10,0
2026-09-17,51760,10,0
2026-09-17,52454,10,0
2026-09-17,52782,10,0
2026-09-17,53432,10,0
2026-09-17,54770,10,0
2026-09-17,55494,10,0
2026-09-17,55552,10,0
2026-09-17,55644,10,0
2026-09-17,56340,10,0
2026-09-17,56853,10,0
2026-09-17,57293,10,0
2026-09-17,57527,10,0
2026-09-17,57755,10,0
2026-09-17,58083,10,0
2026-09-17,59561,10,0
2026-09-17,59723,10,0
2026-09-17,61401,10,0
2026-09-17,62018,10,0
2026-09-17,62886,10,0
2026-09-17,63114,10,0
2026-09-17,63562,10,0
2026-09-17,64855,10,0
2026-09-17,65397,10,0
2026-09-17,50176,9,0
2026-09-17,50822,9,0
2026-09-17,51392,9,0
2026-09-17,51397,9,0
2026-09-17,52180,9,0
2026-09-17,52503,9,0
2026-09-17,52758,9,0
2026-09-17,53118,9,0
2026-09-17,53317,9,0
2026-09-17,53543,9,0
2026-09-17,54858,9,0
2026-09-17,55861,9,0
2026-09-17,56060,9,0
2026-09-17,56535,9,0
2026-09-17,56564,9,0
2026-09-17,56638,9,0
2026-09-17,59007,9,0
2026-09-17,59525,9,0
2026-09-17,59957,9,0
2026-09-17,61727,9,0
2026-09-17,61828,9,0
2026-09-17,62455,9,0
2026-09-17,62458,9,0
2026-09-17,62690,9,0
2026-09-17,63508,9,0
2026-09-17,63780,9,0
2026-09-17,64078,9,0
2026-09-17,49391,8,0
2026-09-17,50891,8,0
2026-09-17,51249,8,0
2026-09-17,51530,8,0
2026-09-17,52410,8,0
2026-09-17,52506,8,0
2026-09-17,52798,8,0
2026-09-17,53113,8,0
2026-09-17,53781,8,0
2026-09-17,54251,8,0
2026-09-17,54862,8,0
2026-09-17,55192,8,0
2026-09-17,55847,8,0
2026-09-17,56414,8,0
2026-09-17,56446,8,0
2026-09-17,57943,8,0
2026-09-17,59299,8,0
2026-09-17,60008,8,0
2026-09-17,60171,8,0
2026-09-17,61960,8,0
2026-09-17,63293,8,0
2026-09-17,63550,8,0
2026-09-17,63913,8,0
2026-09-17,65178,8,0
2026-09-17,65376,8,0
2026-09-17,49556,7,0
2026-09-17,51251,7,0
2026-09-17,53869,7,0
2026-09-17,54453,7,0
2026-09-17,54995,7,0
2026-09-17,57087,7,0
2026-09-17,57568,7,0
2026-09-17,57918,7,0
2026-09-17,60100,7,0
2026-09-17,60758,7,0
2026-09-17,61631,7,0
2026-09-17,61764,7,0
2026-09-17,62118,7,0
2026-09-17,62696,7,0
2026-09-17,63318,7,0
2026-09-17,64003,7,0
2026-09-17,64379,7,0
2026-09-17,64631,7,0
2026-09-17,49346,6,0
2026-09-17,49467,6,0
2026-09-17,49942,6,0
2026-09-17,50093,6,0
2026-09-17,50521,6,0
2026-09-17,51886,6,0
2026-09-17,52490,6,0
2026-09-17,54577,6,0
2026-09-17,54649,6,0
2026-09-17,55140,6,0
2026-09-17,55756,6,0
2026-09-17,56380,6,0
2026-09-17,56410,6,0
2026-09-17,56641,6,0
2026-09-17,56768,6,0
2026-09-17,57130,6,0
2026-09-17,57403,6,0
2026-09-17,57818,6,0
2026-09-17,57977,6,0
2026-09-17,58087,6,0
2026-09-17,58200,6,0
2026-09-17,58621,6,0
2026-09-17,59122,6,0
2026-09-17,59953,6,0
2026-09-17,59956,6,0
2026-09-17,60083,6,0
2026-09-17,60430,6,0
2026-09-17,61317,6,0
2026-09-17,61839,6,0
2026-09-17,61876,6,0
2026-09-17,62597,6,0
2026-09-17,62751,6,0
2026-09-17,63260,6,0
2026-09-17,63300,6,0
2026-09-17,63351,6,0
2026-09-17,63528,6,0
2026-09-17,63698,6,0
2026-09-17,63808,6,0
2026-09-17,64159,6,0
2026-09-17,64988,6,0
2026-09-17,65382,6,0
2026-09-17,49238,5,0
2026-09-17,49437,5,0
2026-09-17,49905,5,0
2026-09-17,51279,5,0
2026-09-17,51766,5,0
2026-09-17,51906,5,0
2026-09-17,52052,5,0
2026-09-17,52125,5,0
2026-09-17,52192,5,0
2026-09-17,52562,5,0
2026-09-17,52683,5,0
2026-09-17,53575,5,0
2026-09-17,53730,5,0
2026-09-17,54047,5,0
2026-09-17,54943,5,0
2026-09-17,54991,5,0
2026-09-17,55159,5,0
2026-09-17,55659,5,0
2026-09-17,56364,5,0
2026-09-17,56744,5,0
2026-09-17,57507,5,0
2026-09-17,57637,5,0
2026-09-17,57860,5,0
2026-09-17,58818,5,0
2026-09-17,59496,5,0
2026-09-17,59654,5,0
2026-09-17,60565,5,0
2026-09-17,60944,5,0
2026-09-17,61292,5,0
2026-09-17,61505,5,0
2026-09-17,62317,5,0
2026-09-17,63733,5,0
2026-09-17,63805,5,0
2026-09-17,63921,5,0
2026-09-17,64563,5,0
2026-09-17,64632,5,0
2026-09-17,64842,5,0
2026-09-17,49567,4,0
2026-09-17,49946,4,0
2026-09-17,50245,4,0
2026-09-17,50289,4,0
2026-09-17,50564,4,0
2026-09-17,50876,4,0
2026-09-17,50988,4,0
2026-09-17,51156,4,0
2026-09-17,51220,4,0
2026-09-17,51466,4,0
2026-09-17,51498,4,0
2026-09-17,51639,4,0
2026-09-17,52286,4,0
2026-09-17,52448,4,0
2026-09-17,53258,4,0
2026-09-17,53443,4,0
2026-09-17,53621,4,0
2026-09-17,53942,4,0
2026-09-17,54131,4,0
2026-09-17,54242,4,0
2026-09-17,54346,4,0
2026-09-17,54426,4,0
2026-09-17,54525,4,0
2026-09-17,55151,4,0
2026-09-17,55174,4,0
2026-09-17,55647,4,0
2026-09-17,55720,4,0
2026-09-17,56417,4,0
2026-09-17,56814,4,0
2026-09-17,56845,4,0
2026-09-17,57134,4,0
2026-09-17,57151,4,0
2026-09-17,57796,4,0
2026-09-17,57813,4,0
2026-09-17,57917,4,0
2026-09-17,58271,4,0
2026-09-17,58319,4,0
2026-09-17,58346,4,0
2026-09-17,58764,4,0
2026-09-17,59249,4,0
2026-09-17,59508,4,0
2026-09-17,60087,4,0
2026-09-17,60555,4,0
2026-09-17,60918,4,0
2026-09-17,61069,4,0
2026-09-17,61290,4,0
2026-09-17,61617,4,0
2026-09-17,61618,4,0
2026-09-17,61928,4,0
2026-09-17,62055,4,0
2026-09-17,62989,4,0
2026-09-17,63138,4,0
2026-09-17,63187,4,0
2026-09-17,63699,4,0
2026-09-17,64056,4,0
2026-09-17,64128,4,0
2026-09-17,64260,4,0
2026-09-17,65377,4,0
2026-09-17,49381,3,0
2026-09-17,49456,3,0
2026-09-17,49629,3,0
2026-09-17,49707,3,0
2026-09-17,49904,3,0
2026-09-17,50011,3,0
2026-09-17,50225,3,0
2026-09-17,50236,3,0
2026-09-17,50621,3,0
2026-09-17,50725,3,0
2026-09-17,50783,3,0
2026-09-17,50945,3,0
2026-09-17,50985,3,0
2026-09-17,51129,3,0
2026-09-17,51130,3,0
2026-09-17,51134,3,0
2026-09-17,51383,3,0
2026-09-17,51467,3,0
2026-09-17,51604,3,0
2026-09-17,51819,3,0
2026-09-17,51829,3,0
2026-09-17,51954,3,0
2026-09-17,52055,3,0
2026-09-17,52216,3,0
2026-09-17,52753,3,0
2026-09-17,52778,3,0
2026-09-17,52901,3,0
2026-09-17,52902,3,0
2026-09-17,52981,3,0
2026-09-17,53002,3,0
2026-09-17,53062,3,0
2026-09-17,53117,3,0
2026-09-17,53320,3,0
2026-09-17,53344,3,0
2026-09-17,53371,3,0
2026-09-17,53396,3,0
2026-09-17,53480,3,0
2026-09-17,53627,3,0
2026-09-17,53720,3,0
2026-09-17,53766,3,0
2026-09-17,54147,3,0
2026-09-17,54393,3,0
2026-09-17,54522,3,0
2026-09-17,55447,3,0
2026-09-17,55548,3,0
2026-09-17,55628,3,0
2026-09-17,55674,3,0
2026-09-17,55793,3,0
2026-09-17,55964,3,0
2026-09-17,56023,3,0
2026-09-17,56081,3,0
2026-09-17,56125,3,0
2026-09-17,56416,3,0
2026-09-17,56436,3,0
2026-09-17,56462,3,0
2026-09-17,56472,3,0
2026-09-17,56508,3,0
2026-09-17,56593,3,0
2026-09-17,56599,3,0
2026-09-17,56733,3,0
2026-09-17,56886,3,0
2026-09-17,56907,3,0
2026-09-17,56926,3,0
2026-09-17,57010,3,0
2026-09-17,57055,3,0
2026-09-17,57141,3,0
2026-09-17,57166,3,0
2026-09-17,57225,3,0
2026-09-17,57424,3,0
2026-09-17,57456,3,0
2026-09-17,57829,3,0
2026-09-17,57915,3,0
2026-09-17,58065,3,0
2026-09-17,58088,3,0
2026-09-17,58355,3,0
2026-09-17,58360,3,0
2026-09-17,58577,3,0
2026-09-17,58780,3,0
2026-09-17,58877,3,0
2026-09-17,59289,3,0
2026-09-17,59314,3,0
2026-09-17,59412,3,0
2026-09-17,59502,3,0
2026-09-17,59588,3,0
2026-09-17,59607,3,0
2026-09-17,59664,3,0
2026-09-17,59786,3,0
2026-09-17,59827,3,0
2026-09-17,59937,3,0
2026-09-17,60006,3,0
2026-09-17,60177,3,0
2026-09-17,60299,3,0
2026-09-17,60385,3,0
2026-09-17,60386,3,0
2026-09-17,60660,3,0
2026-09-17,60697,3,0
2026-09-17,60775,3,0
2026-09-17,60860,3,0
2026-09-17,60869,3,0
2026-09-17,60917,3,0
2026-09-17,60933,3,0
2026-09-17,61206,3,0
2026-09-17,61210,3,0
2026-09-17,61260,3,0
2026-09-17,61279,3,0
2026-09-17,61343,3,0
2026-09-17,61469,3,0
2026-09-17,61488,3,0
2026-09-17,61820,3,0
2026-09-17,61834,3,0
2026-09-17,62286,3,0
2026-09-17,62663,3,0
2026-09-17,62695,3,0
2026-09-17,62756,3,0
2026-09-17,62850,3,0
2026-09-17,63235,3,0
2026-09-17,63238,3,0
2026-09-17,63258,3,0
2026-09-17,63259,3,0
2026-09-17,63513,3,0
2026-09-17,63561,3,0
2026-09-17,63578,3,0
2026-09-17,63673,3,0
2026-09-17,63809,3,0
2026-09-17,63815,3,0
2026-09-17,63889,3,0
2026-09-17,63972,3,0
2026-09-17,64347,3,0
2026-09-17,64604,3,0
2026-09-17,64634,3,0
2026-09-17,65489,3,0
2026-09-17,65530,3,0
2026-09-17,67,3,3
2026-09-17,49316,2,0
2026-09-17,49319,2,0
2026-09-17,49473,2,0
2026-09-17,49474,2,0
2026-09-17,49692,2,0
2026-09-17,49892,2,0
2026-09-17,49936,2,0
2026-09-17,49985,2,0
2026-09-17,50108,2,0
2026-09-17,50117,2,0
2026-09-17,50219,2,0
2026-09-17,50338,2,0
2026-09-17,50365,2,0
2026-09-17,50548,2,0
2026-09-17,50587,2,0
2026-09-17,50646,2,0
2026-09-17,50671,2,0
2026-09-17,50697,2,0
2026-09-17,50749,2,0
2026-09-17,50785,2,0
2026-09-17,50819,2,0
2026-09-17,50875,2,0
2026-09-17,50878,2,0
2026-09-17,50993,2,0
2026-09-17,51011,2,0
2026-09-17,51022,2,0
2026-09-17,51062,2,0
2026-09-17,51345,2,0
2026-09-17,51374,2,0
2026-09-17,51455,2,0
2026-09-17,51465,2,0
2026-09-17,51474,2,0
2026-09-17,51505,2,0
2026-09-17,51507,2,0
2026-09-17,51516,2,0
2026-09-17,51518,2,0
2026-09-17,51638,2,0
2026-09-17,51740,2,0
2026-09-17,51879,2,0
2026-09-17,51967,2,0
2026-09-17,52135,2,0
2026-09-17,52254,2,0
2026-09-17,52281,2,0
2026-09-17,52287,2,0
2026-09-17,52299,2,0
2026-09-17,52324,2,0
2026-09-17,52405,2,0
2026-09-17,52555,2,0
2026-09-17,52567,2,0
2026-09-17,52582,2,0
2026-09-17,52754,2,0
2026-09-17,52767,2,0
2026-09-17,52770,2,0
2026-09-17,52884,2,0
2026-09-17,52975,2,0
2026-09-17,53050,2,0
2026-09-17,53373,2,0
2026-09-17,53423,2,0
2026-09-17,53499,2,0
2026-09-17,53707,2,0
2026-09-17,53826,2,0
2026-09-17,53837,2,0
2026-09-17,53873,2,0
2026-09-17,53876,2,0
2026-09-17,53957,2,0
2026-09-17,53982,2,0
2026-09-17,54129,2,0
2026-09-17,54177,2,0
2026-09-17,54234,2,0
2026-09-17,54392,2,0
2026-09-17,54496,2,0
2026-09-17,54550,2,0
2026-09-17,54831,2,0
2026-09-17,54910,2,0
2026-09-17,54989,2,0
2026-09-17,54990,2,0
2026-09-17,55071,2,0
2026-09-17,55086,2,0
2026-09-17,55394,2,0
2026-09-17,55481,2,0
2026-09-17,55533,2,0
2026-09-17,55567,2,0
2026-09-17,55676,2,0
2026-09-17,55781,2,0
2026-09-17,55845,2,0
2026-09-17,55914,2,0
2026-09-17,56104,2,0
2026-09-17,56155,2,0
2026-09-17,56265,2,0
2026-09-17,56268,2,0
2026-09-17,56366,2,0
2026-09-17,56375,2,0
2026-09-17,56450,2,0
2026-09-17,56509,2,0
2026-09-17,56590,2,0
2026-09-17,56613,2,0
2026-09-17,56836,2,0
2026-09-17,56927,2,0
2026-09-17,57044,2,0
2026-09-17,57113,2,0
2026-09-17,57135,2,0
2026-09-17,57136,2,0
2026-09-17,57137,2,0
2026-09-17,57285,2,0
2026-09-17,57299,2,0
2026-09-17,57590,2,0
2026-09-17,57702,2,0
2026-09-17,57703,2,0
2026-09-17,57914,2,0
2026-09-17,57916,2,0
2026-09-17,57919,2,0
2026-09-17,58047,2,0
2026-09-17,58235,2,0
2026-09-17,58257,2,0
2026-09-17,58384,2,0
2026-09-17,58398,2,0
2026-09-17,58410,2,0
2026-09-17,58411,2,0
2026-09-17,58675,2,0
2026-09-17,58822,2,0
2026-09-17,58838,2,0
2026-09-17,58839,2,0
2026-09-17,58860,2,0
2026-09-17,58872,2,0
2026-09-17,58883,2,0
2026-09-17,58892,2,0
2026-09-17,58922,2,0
2026-09-17,58975,2,0
2026-09-17,59047,2,0
2026-09-17,59054,2,0
2026-09-17,59127,2,0
2026-09-17,59232,2,0
2026-09-17,59444,2,0
2026-09-17,59448,2,0
2026-09-17,59464,2,0
2026-09-17,59573,2,0
2026-09-17,59576,2,0
2026-09-17,59580,2,0
2026-09-17,59587,2,0
2026-09-17,59798,2,0
2026-09-17,59865,2,0
2026-09-17,60004,2,0
2026-09-17,60042,2,0
2026-09-17,60073,2,0
2026-09-17,60082,2,0
2026-09-17,60092,2,0
2026-09-17,60161,2,0
2026-09-17,60355,2,0
2026-09-17,60440,2,0
2026-09-17,60719,2,0
2026-09-17,60774,2,0
2026-09-17,60851,2,0
2026-09-17,60870,2,0
2026-09-17,61013,2,0
2026-09-17,61142,2,0
2026-09-17,61569,2,0
2026-09-17,61615,2,0
2026-09-17,61632,2,0
2026-09-17,61633,2,0
2026-09-17,61683,2,0
2026-09-17,61733,2,0
2026-09-17,61802,2,0
2026-09-17,61825,2,0
2026-09-17,61973,2,0
2026-09-17,62138,2,0
2026-09-17,62142,2,0
2026-09-17,62214,2,0
2026-09-17,62230,2,0
2026-09-17,62312,2,0
2026-09-17,62397,2,0
2026-09-17,62518,2,0
2026-09-17,62655,2,0
2026-09-17,62732,2,0
2026-09-17,62742,2,0
2026-09-17,63172,2,0
2026-09-17,63261,2,0
2026-09-17,63273,2,0
2026-09-17,63280,2,0
2026-09-17,63320,2,0
2026-09-17,63421,2,0
2026-09-17,63436,2,0
2026-09-17,63437,2,0
2026-09-17,63684,2,0
2026-09-17,63738,2,0
2026-09-17,63783,2,0
2026-09-17,63981,2,0
2026-09-17,64060,2,0
2026-09-17,64090,2,0
2026-09-17,64203,2,0
2026-09-17,64294,2,0
2026-09-17,64359,2,0
2026-09-17,64495,2,0
2026-09-17,64522,2,0
2026-09-17,64559,2,0
2026-09-17,64748,2,0
2026-09-17,64800,2,0
2026-09-17,65028,2,0
2026-09-17,65034,2,0
2026-09-17,65095,2,0
2026-09-17,65109,2,0
2026-09-17,65208,2,0
2026-09-17,65283,2,0
2026-09-17,65405,2,0
2026-09-17,65531,2,0
2026-09-17,27015,1,0
2026-09-17,49193,1,0
2026-09-17,49233,1,0
2026-09-17,49273,1,0
2026-09-17,49301,1,0
2026-09-17,49317,1,0
2026-09-17,49318,1,0
2026-09-17,49323,1,0
2026-09-17,49344,1,0
2026-09-17,49357,1,0
2026-09-17,49373,1,0
2026-09-17,49400,1,0
2026-09-17,49452,1,0
2026-09-17,49466,1,0
2026-09-17,49478,1,0
2026-09-17,49493,1,0
2026-09-17,49554,1,0
2026-09-17,49555,1,0
2026-09-17,49570,1,0
2026-09-17,49634,1,0
2026-09-17,49685,1,0
2026-09-17,49711,1,0
2026-09-17,49741,1,0
2026-09-17,49746,1,0
2026-09-17,49774,1,0
2026-09-17,49875,1,0
2026-09-17,49934,1,0
2026-09-17,49937,1,0
2026-09-17,49941,1,0
2026-09-17,49986,1,0
2026-09-17,49993,1,0
2026-09-17,50013,1,0
2026-09-17,50018,1,0
2026-09-17,50041,1,0
2026-09-17,50051,1,0
2026-09-17,50061,1,0
2026-09-17,50096,1,0
2026-09-17,50106,1,0
2026-09-17,50137,1,0
2026-09-17,50146,1,0
2026-09-17,50229,1,0
2026-09-17,50254,1,0
2026-09-17,50260,1,0
2026-09-17,50268,1,0
2026-09-17,50306,1,0
2026-09-17,50363,1,0
2026-09-17,50395,1,0
2026-09-17,50465,1,0
2026-09-17,50545,1,0
2026-09-17,50595,1,0
2026-09-17,50613,1,0
2026-09-17,50668,1,0
2026-09-17,50687,1,0
2026-09-17,50710,1,0
2026-09-17,50737,1,0
2026-09-17,50882,1,0
2026-09-17,50929,1,0
2026-09-17,50959,1,0
2026-09-17,50971,1,0
2026-09-17,51074,1,0
2026-09-17,51101,1,0
2026-09-17,51168,1,0
2026-09-17,51188,1,0
2026-09-17,51391,1,0
2026-09-17,51410,1,0
2026-09-17,51449,1,0
2026-09-17,51463,1,0
2026-09-17,51496,1,0
2026-09-17,51527,1,0
2026-09-17,51567,1,0
2026-09-17,51634,1,0
2026-09-17,51646,1,0
2026-09-17,51754,1,0
2026-09-17,51790,1,0
2026-09-17,51798,1,0
2026-09-17,51833,1,0
2026-09-17,51847,1,0
2026-09-17,51955,1,0
2026-09-17,52003,1,0
2026-09-17,52014,1,0
2026-09-17,52024,1,0
2026-09-17,52061,1,0
2026-09-17,52084,1,0
2026-09-17,52094,1,0
2026-09-17,52131,1,0
2026-09-17,52178,1,0
2026-09-17,52183,1,0
2026-09-17,52249,1,0
2026-09-17,52337,1,0
2026-09-17,52394,1,0
2026-09-17,52395,1,0
2026-09-17,52414,1,0
2026-09-17,52456,1,0
2026-09-17,52477,1,0
2026-09-17,52546,1,0
2026-09-17,52648,1,0
2026-09-17,52672,1,0
2026-09-17,52700,1,0
2026-09-17,52724,1,0
2026-09-17,52743,1,0
2026-09-17,52823,1,0
2026-09-17,52883,1,0
2026-09-17,52974,1,0
2026-09-17,53014,1,0
2026-09-17,53143,1,0
2026-09-17,53179,1,0
2026-09-17,53196,1,0
2026-09-17,53246,1,0
2026-09-17,53267,1,0
2026-09-17,53275,1,0
2026-09-17,53283,1,0
2026-09-17,53288,1,0
2026-09-17,53343,1,0
2026-09-17,53361,1,0
2026-09-17,53444,1,0
2026-09-17,53449,1,0
2026-09-17,53493,1,0
2026-09-17,53525,1,0
2026-09-17,53535,1,0
2026-09-17,53587,1,0
2026-09-17,53591,1,0
2026-09-17,53649,1,0
2026-09-17,53816,1,0
2026-09-17,53825,1,0
2026-09-17,53842,1,0
2026-09-17,53846,1,0
2026-09-17,53896,1,0
2026-09-17,53901,1,0
2026-09-17,53903,1,0
2026-09-17,53924,1,0
2026-09-17,54009,1,0
2026-09-17,54102,1,0
2026-09-17,54152,1,0
2026-09-17,54183,1,0
2026-09-17,54218,1,0
2026-09-17,54253,1,0
2026-09-17,54260,1,0
2026-09-17,54271,1,0
2026-09-17,54307,1,0
2026-09-17,54328,1,0
2026-09-17,54336,1,0
2026-09-17,54425,1,0
2026-09-17,54451,1,0
2026-09-17,54460,1,0
2026-09-17,54472,1,0
2026-09-17,54482,1,0
2026-09-17,54515,1,0
2026-09-17,54526,1,0
2026-09-17,54530,1,0
2026-09-17,54556,1,0
2026-09-17,54619,1,0
2026-09-17,54743,1,0
2026-09-17,54787,1,0
2026-09-17,54830,1,0
2026-09-17,54834,1,0
2026-09-17,54854,1,0
2026-09-17,54869,1,0
2026-09-17,54893,1,0
2026-09-17,54898,1,0
2026-09-17,54918,1,0
2026-09-17,54965,1,0
2026-09-17,54997,1,0
2026-09-17,55004,1,0
2026-09-17,55059,1,0
2026-09-17,55063,1,0
2026-09-17,55078,1,0
2026-09-17,55089,1,0
2026-09-17,55141,1,0
2026-09-17,55198,1,0
2026-09-17,55286,1,0
2026-09-17,55289,1,0
2026-09-17,55319,1,0
2026-09-17,55436,1,0
2026-09-17,55475,1,0
2026-09-17,55477,1,0
2026-09-17,55514,1,0
2026-09-17,55539,1,0
2026-09-17,55545,1,0
2026-09-17,55597,1,0
2026-09-17,55614,1,0
2026-09-17,55626,1,0
2026-09-17,55646,1,0
2026-09-17,55684,1,0
2026-09-17,55740,1,0
2026-09-17,55777,1,0
2026-09-17,55799,1,0
2026-09-17,55898,1,0
2026-09-17,55942,1,0
2026-09-17,55948,1,0
2026-09-17,56063,1,0
2026-09-17,56094,1,0
2026-09-17,56118,1,0
2026-09-17,56151,1,0
2026-09-17,56193,1,0
2026-09-17,56207,1,0
2026-09-17,56246,1,0
2026-09-17,56249,1,0
2026-09-17,56251,1,0
2026-09-17,56351,1,0
2026-09-17,56406,1,0
2026-09-17,56413,1,0
2026-09-17,56418,1,0
2026-09-17,56502,1,0
2026-09-17,56531,1,0
2026-09-17,56573,1,0
2026-09-17,56616,1,0
2026-09-17,56654,1,0
2026-09-17,56655,1,0
2026-09-17,56667,1,0
2026-09-17,56917,1,0
2026-09-17,56987,1,0
2026-09-17,57013,1,0
2026-09-17,57076,1,0
2026-09-17,57089,1,0
2026-09-17,57127,1,0
2026-09-17,57133,1,0
2026-09-17,57144,1,0
2026-09-17,57172,1,0
2026-09-17,57347,1,0
2026-09-17,57367,1,0
2026-09-17,57401,1,0
2026-09-17,57402,1,0
2026-09-17,57425,1,0
2026-09-17,57430,1,0
2026-09-17,57434,1,0
2026-09-17,57441,1,0
2026-09-17,57447,1,0
2026-09-17,57469,1,0
2026-09-17,57470,1,0
2026-09-17,57503,1,0
2026-09-17,57506,1,0
2026-09-17,57616,1,0
2026-09-17,57980,1,0
2026-09-17,58006,1,0
2026-09-17,58011,1,0
2026-09-17,58043,1,0
2026-09-17,58070,1,0
2026-09-17,58075,1,0
2026-09-17,58081,1,0
2026-09-17,58107,1,0
2026-09-17,58178,1,0
2026-09-17,58253,1,0
2026-09-17,58261,1,0
2026-09-17,58338,1,0
2026-09-17,58340,1,0
2026-09-17,58441,1,0
2026-09-17,58519,1,0
2026-09-17,58563,1,0
2026-09-17,58587,1,0
2026-09-17,58600,1,0
2026-09-17,58616,1,0
2026-09-17,58617,1,0
2026-09-17,58671,1,0
2026-09-17,58702,1,0
2026-09-17,58730,1,0
2026-09-17,58769,1,0
2026-09-17,58777,1,0
2026-09-17,58813,1,0
2026-09-17,58890,1,0
2026-09-17,59039,1,0
2026-09-17,59055,1,0
2026-09-17,59128,1,0
2026-09-17,59132,1,0
2026-09-17,59207,1,0
2026-09-17,59251,1,0
2026-09-17,59258,1,0
2026-09-17,59308,1,0
2026-09-17,59445,1,0
2026-09-17,59460,1,0
2026-09-17,59490,1,0
2026-09-17,59493,1,0
2026-09-17,59501,1,0
2026-09-17,59541,1,0
2026-09-17,59656,1,0
2026-09-17,59665,1,0
2026-09-17,59677,1,0
2026-09-17,59789,1,0
2026-09-17,59837,1,0
2026-09-17,59878,1,0
2026-09-17,59975,1,0
2026-09-17,59987,1,0
2026-09-17,59990,1,0
2026-09-17,60021,1,0
2026-09-17,60099,1,0
2026-09-17,60122,1,0
2026-09-17,60143,1,0
2026-09-17,60218,1,0
2026-09-17,60244,1,0
2026-09-17,60318,1,0
2026-09-17,60412,1,0
2026-09-17,60437,1,0
2026-09-17,60502,1,0
2026-09-17,60517,1,0
2026-09-17,60528,1,0
2026-09-17,60631,1,0
2026-09-17,60641,1,0
2026-09-17,60642,1,0
2026-09-17,60939,1,0
2026-09-17,60970,1,0
2026-09-17,61119,1,0
2026-09-17,61122,1,0
2026-09-17,61166,1,0
2026-09-17,61221,1,0
2026-09-17,61255,1,0
2026-09-17,61321,1,0
2026-09-17,61356,1,0
2026-09-17,61362,1,0
2026-09-17,61363,1,0
2026-09-17,61397,1,0
2026-09-17,61398,1,0
2026-09-17,61399,1,0
2026-09-17,61467,1,0
2026-09-17,61560,1,0
2026-09-17,61573,1,0
2026-09-17,61634,1,0
2026-09-17,61668,1,0
2026-09-17,61749,1,0
2026-09-17,61763,1,0
2026-09-17,61787,1,0
2026-09-17,61849,1,0
2026-09-17,61858,1,0
2026-09-17,61907,1,0
2026-09-17,61933,1,0
2026-09-17,61988,1,0
2026-09-17,61996,1,0
2026-09-17,62001,1,0
2026-09-17,62058,1,0
2026-09-17,62076,1,0
2026-09-17,62092,1,0
2026-09-17,62144,1,0
2026-09-17,62156,1,0
2026-09-17,62172,1,0
2026-09-17,62211,1,0
2026-09-17,62213,1,0
2026-09-17,62259,1,0
2026-09-17,62351,1,0
2026-09-17,62430,1,0
2026-09-17,62468,1,0
2026-09-17,62509,1,0
2026-09-17,62515,1,0
2026-09-17,62534,1,0
2026-09-17,62547,1,0
2026-09-17,62557,1,0
2026-09-17,62578,1,0
2026-09-17,62603,1,0
2026-09-17,62651,1,0
2026-09-17,62665,1,0
2026-09-17,62706,1,0
2026-09-17,62737,1,0
2026-09-17,62757,1,0
2026-09-17,62776,1,0
2026-09-17,62780,1,0
2026-09-17,62790,1,0
2026-09-17,62806,1,0
2026-09-17,62905,1,0
2026-09-17,62967,1,0
2026-09-17,63048,1,0
2026-09-17,63050,1,0
2026-09-17,63071,1,0
2026-09-17,63129,1,0
2026-09-17,63135,1,0
2026-09-17,63142,1,0
2026-09-17,63243,1,0
2026-09-17,63248,1,0
2026-09-17,63295,1,0
2026-09-17,63329,1,0
2026-09-17,63339,1,0
2026-09-17,63342,1,0
2026-09-17,63370,1,0
2026-09-17,63385,1,0
2026-09-17,63386,1,0
2026-09-17,63403,1,0
2026-09-17,63467,1,0
2026-09-17,63476,1,0
2026-09-17,63482,1,0
2026-09-17,63610,1,0
2026-09-17,63666,1,0
2026-09-17,63676,1,0
2026-09-17,63694,1,0
2026-09-17,63789,1,0
2026-09-17,63801,1,0
2026-09-17,63829,1,0
2026-09-17,63849,1,0
2026-09-17,63860,1,0
2026-09-17,63882,1,0
2026-09-17,63918,1,0
2026-09-17,63941,1,0
2026-09-17,63966,1,0
2026-09-17,63989,1,0
2026-09-17,63991,1,0
2026-09-17,63993,1,0
2026-09-17,64032,1,0
2026-09-17,64045,1,0
2026-09-17,64061,1,0
2026-09-17,64114,1,0
2026-09-17,64124,1,0
2026-09-17,64141,1,0
2026-09-17,64206,1,0
2026-09-17,64247,1,0
2026-09-17,64395,1,0
2026-09-17,64436,1,0
2026-09-17,64474,1,0
2026-09-17,64487,1,0
2026-09-17,64525,1,0
2026-09-17,64547,1,0
2026-09-17,64640,1,0
2026-09-17,64680,1,0
2026-09-17,64774,1,0
2026-09-17,64850,1,0
2026-09-17,64882,1,0
2026-09-17,64933,1,0
2026-09-17,65025,1,0
2026-09-17,65110,1,0
2026-09-17,65123,1,0
2026-09-17,65137,1,0
2026-09-17,65143,1,0
2026-09-17,65225,1,0
2026-09-17,65268,1,0
2026-09-17,65278,1,0
2026-09-17,65303,1,0
2026-09-17,65429,1,0
2026-09-17,65436,1,0
2026-09-17,65526,1,0
2026-09-17,7778,1,1
2026-09-17,7779,1,1
2026-09-18,7777,70738324,4
2026-09-18,55493,1726338,0
2026-09-18,8888,422841,0
2026-09-18,61653,184300,0
2026-09-18,52389,96646,0
2026-09-18,55497,48684,0
2026-09-18,55622,44282,0
2026-09-18,52421,43894,0
2026-09-18,52464,39901,0
2026-09-18,52474,39287,0
2026-09-18,10000,37000,99
2026-09-18,55616,33280,0
2026-09-18,55551,33140,0
2026-09-18,52507,30707,0
2026-09-18,55492,27476,0
2026-09-18,61689,17013,0
2026-09-18,61627,16385,0
2026-09-18,55252,15913,0
2026-09-18,49692,14397,0
2026-09-18,58772,13712,0
2026-09-18,55582,11035,0
2026-09-18,52459,10270,0
2026-09-18,55633,8882,0
2026-09-18,52477,8749,0
2026-09-18,52396,8451,0
2026-09-18,55550,7579,0
2026-09-18,52519,7473,0
2026-09-18,61677,5446,0
2026-09-18,55549,4762,0
2026-09-18,55490,4496,0
2026-09-18,52929,3981,0
2026-09-18,52516,2926,0
2026-09-18,61706,2360,0
2026-09-18,61747,2201,0
2026-09-18,61630,1805,0
2026-09-18,61749,1361,0
2026-09-18,51958,1249,0
2026-09-18,55246,1130,0
2026-09-18,51975,1050,0
2026-09-18,61647,880,0
2026-09-18,52434,851,0
2026-09-18,51957,813,0
2026-09-18,61712,741,0
2026-09-18,51690,644,0
2026-09-18,52008,544,0
2026-09-18,5678,517,517
2026-09-18,56887,425,0
2026-09-18,5353,318,0
2026-09-18,55480,246,0
2026-09-18,61746,203,0
2026-09-18,54203,188,0
2026-09-18,53673,105,0
2026-09-18,64750,90,0
2026-09-18,61672,84,0
2026-09-18,55638,83,0
2026-09-18,55575,79,0
2026-09-18,55586,77,0
2026-09-18,52443,72,0
2026-09-18,52510,70,0
2026-09-18,52479,68,0
2026-09-18,52410,66,0
2026-09-18,61648,66,0
2026-09-18,61698,63,0
2026-09-18,61688,62,0
2026-09-18,49677,61,0
2026-09-18,55609,60,0
2026-09-18,67,60,60
2026-09-18,61670,54,0
2026-09-18,52382,50,0
2026-09-18,52385,50,0
2026-09-18,54791,50,0
2026-09-18,61129,49,0
2026-09-18,51963,48,0
2026-09-18,55578,42,0
2026-09-18,7000,42,42
2026-09-18,52428,39,0
2026-09-18,5355,36,0
2026-09-18,56890,36,0
2026-09-18,60351,36,0
2026-09-18,51169,35,0
2026-09-18,61631,35,0
2026-09-18,52441,34,0
2026-09-18,61623,34,0
2026-09-18,52503,33,0
2026-09-18,52484,32,0
2026-09-18,55591,32,0
2026-09-18,52414,30,0
2026-09-18,56914,30,0
2026-09-18,55598,28,0
2026-09-18,55608,26,0
2026-09-18,52498,25,0
2026-09-18,54905,25,0
2026-09-18,52488,24,0
2026-09-18,60645,24,0
2026-09-18,61679,24,0
2026-09-18,52397,23,0
2026-09-18,52473,23,0
2026-09-18,55634,23,0
2026-09-18,65231,23,0
2026-09-18,52401,22,0
2026-09-18,52456,22,0
2026-09-18,61703,22,0
2026-09-18,63347,22,0
2026-09-18,52381,21,0
2026-09-18,52465,21,0
2026-09-18,57735,21,0
2026-09-18,52417,20,0
2026-09-18,61619,20,0
2026-09-18,49192,19,0
2026-09-18,50984,19,0
2026-09-18,52430,19,0
2026-09-18,64746,19,0
2026-09-18,56896,18,0
2026-09-18,61691,18,0
2026-09-18,63349,18,0
2026-09-18,52499,17,0
2026-09-18,55623,17,0
2026-09-18,56726,17,0
2026-09-18,61709,17,0
2026-09-18,64234,17,0
2026-09-18,53038,16,0
2026-09-18,53177,16,0
2026-09-18,54833,16,0
2026-09-18,50888,15,0
2026-09-18,52463,15,0
2026-09-18,54311,15,0
2026-09-18,58874,15,0
2026-09-18,64310,15,0
2026-09-18,52406,14,0
2026-09-18,52423,14,0
2026-09-18,52500,14,0
2026-09-18,52515,14,0
2026-09-18,55574,14,0
2026-09-18,55599,14,0
2026-09-18,63348,14,0
2026-09-18,52335,13,0
2026-09-18,52393,13,0
2026-09-18,52405,13,0
2026-09-18,52413,13,0
2026-09-18,52429,13,0
2026-09-18,52450,13,0
2026-09-18,55584,13,0
2026-09-18,55635,13,0
2026-09-18,56910,13,0
2026-09-18,61624,13,0
2026-09-18,61626,13,0
2026-09-18,61644,13,0
2026-09-18,61646,13,0
2026-09-18,61661,13,0
2026-09-18,61740,13,0
2026-09-18,63483,13,0
2026-09-18,64748,13,0
2026-09-18,51456,12,0
2026-09-18,52442,12,0
2026-09-18,52478,12,0
2026-09-18,52492,12,0
2026-09-18,52508,12,0
2026-09-18,54567,12,0
2026-09-18,55600,12,0
2026-09-18,55640,12,0
2026-09-18,61692,12,0
2026-09-18,61696,12,0
2026-09-18,64529,12,0
2026-09-18,52422,11,0
2026-09-18,52449,11,0
2026-09-18,52471,11,0
2026-09-18,55585,11,0
2026-09-18,55619,11,0
2026-09-18,55639,11,0
2026-09-18,56909,11,0
2026-09-18,59826,11,0
2026-09-18,61642,11,0
2026-09-18,61690,11,0
2026-09-18,61697,11,0
2026-09-18,61708,11,0
2026-09-18,61717,11,0
2026-09-18,61754,11,0
2026-09-18,50099,10,0
2026-09-18,50909,10,0
2026-09-18,52238,10,0
2026-09-18,52487,10,0
2026-09-18,52491,10,0
2026-09-18,53702,10,0
2026-09-18,55615,10,0
2026-09-18,56166,10,0
2026-09-18,61649,10,0
2026-09-18,52388,9,0
2026-09-18,52525,9,0
2026-09-18,59353,9,0
2026-09-18,61625,9,0
2026-09-18,61640,9,0
2026-09-18,61641,9,0
2026-09-18,61650,9,0
2026-09-18,61651,9,0
2026-09-18,63626,9,0
2026-09-18,1900,8,8
2026-09-18,52409,8,0
2026-09-18,52420,8,0
2026-09-18,55565,8,0
2026-09-18,61663,8,0
2026-09-18,61667,8,0
2026-09-18,61735,8,0
2026-09-18,61739,8,0
2026-09-18,52392,7,0
2026-09-18,52437,7,0
2026-09-18,52460,7,0
2026-09-18,52472,7,0
2026-09-18,52495,7,0
2026-09-18,52513,7,0
2026-09-18,54590,7,0
2026-09-18,55890,7,0
2026-09-18,56308,7,0
2026-09-18,61645,7,0
2026-09-18,63264,7,0
2026-09-18,52425,6,0
2026-09-18,52431,6,0
2026-09-18,52438,6,0
2026-09-18,52446,6,0
2026-09-18,52506,6,0
2026-09-18,55273,6,0
2026-09-18,55604,6,0
2026-09-18,55605,6,0
2026-09-18,55612,6,0
2026-09-18,55620,6,0
2026-09-18,61501,6,0
2026-09-18,61620,6,0
2026-09-18,61637,6,0
2026-09-18,61643,6,0
2026-09-18,61659,6,0
2026-09-18,61678,6,0
2026-09-18,61695,6,0
2026-09-18,61713,6,0
2026-09-18,61750,6,0
2026-09-18,61753,6,0
2026-09-18,137,5,5
2026-09-18,52398,5,0
2026-09-18,52404,5,0
2026-09-18,52454,5,0
2026-09-18,52466,5,0
2026-09-18,55594,5,0
2026-09-18,55597,5,0
2026-09-18,55627,5,0
2026-09-18,61652,5,0
2026-09-18,61656,5,0
2026-09-18,61660,5,0
2026-09-18,61721,5,0
2026-09-18,52424,4,0
2026-09-18,52509,4,0
2026-09-18,55579,4,0
2026-09-18,55601,4,0
2026-09-18,55621,4,0
2026-09-18,59951,4,0
2026-09-18,61632,4,0
2026-09-18,61633,4,0
2026-09-18,61634,4,0
2026-09-18,61635,4,0
2026-09-18,61664,4,0
2026-09-18,61682,4,0
2026-09-18,61719,4,0
2026-09-18,61722,4,0
2026-09-18,68,4,0
2026-09-18,51784,3,0
2026-09-18,54586,3,0
2026-09-18,55558,3,0
2026-09-18,55592,3,0
2026-09-18,55593,3,0
2026-09-18,56776,3,0
2026-09-18,59732,3,0
2026-09-18,61720,3,0
2026-09-18,61723,3,0
2026-09-18,61724,3,0
2026-09-18,7778,3,3
2026-09-18,27015,2,0
2026-09-18,52514,2,0
2026-09-18,59626,2,0
2026-09-18,59649,2,0
2026-09-18,60024,2,0
2026-09-18,61109,2,0
2026-09-18,61685,2,0
2026-09-18,64752,2,0
2026-09-18,49499,1,0
2026-09-18,49675,1,0
2026-09-18,50098,1,0
2026-09-18,50205,1,0
2026-09-18,51327,1,0
2026-09-18,51440,1,0
2026-09-18,52451,1,0
2026-09-18,52452,1,0
2026-09-18,52453,1,0
2026-09-18,52455,1,0
2026-09-18,52882,1,0
2026-09-18,55572,1,0
2026-09-18,55573,1,0
2026-09-18,55624,1,0
2026-09-18,55625,1,0
2026-09-18,55626,1,0
2026-09-18,56129,1,0
2026-09-18,56415,1,0
2026-09-18,56903,1,0
2026-09-18,58648,1,0
2026-09-18,58829,1,0
2026-09-18,61020,1,0
2026-09-18,61662,1,0
2026-09-18,61671,1,0
2026-09-18,61716,1,0
2026-09-18,61729,1,0
2026-09-18,61736,1,0
2026-09-18,61743,1,0
2026-09-18,64738,1,1
2026-09-18,7779,1,1
2026-09-19,7777,199734853,31907653
2026-09-19,61269,1014484,0
2026-09-19,60917,870272,0
2026-09-19,8888,867684,0
2026-09-19,62718,538662,0
2026-09-19,62380,420350,0
2026-09-19,55992,316466,0
2026-09-19,52733,222016,0
2026-09-19,55493,219508,0
2026-09-19,60707,142060,0
2026-09-19,10000,138396,396
2026-09-19,61653,118733,0
2026-09-19,61927,104873,0
2026-09-19,56740,102233,0
2026-09-19,62686,79526,0
2026-09-19,49216,69148,0
2026-09-19,59613,68897,0
2026-09-19,62717,49296,0
2026-09-19,49699,33992,0
2026-09-19,52519,33315,0
2026-09-19,61154,32772,0
2026-09-19,57450,32119,0
2026-09-19,60144,31184,0
2026-09-19,58250,31016,0
2026-09-19,61353,28536,0
2026-09-19,51250,27882,0
2026-09-19,61480,27141,0
2026-09-19,53609,26411,0
2026-09-19,62367,25884,0
2026-09-19,54197,25731,0
2026-09-19,54196,25344,0
2026-09-19,62379,25325,0
2026-09-19,49692,24120,0
2026-09-19,62041,22878,0
2026-09-19,52033,22037,0
2026-09-19,61585,21855,0
2026-09-19,52034,21355,0
2026-09-19,62382,21135,1
2026-09-19,62364,20803,0
2026-09-19,59984,20727,0
2026-09-19,60933,19333,0
2026-09-19,51926,18220,0
2026-09-19,63258,17157,0
2026-09-19,61747,14194,0
2026-09-19,52389,14016,0
2026-09-19,60148,13296,0
2026-09-19,63267,12023,0
2026-09-19,60775,11855,0
2026-09-19,61786,10694,0
2026-09-19,61089,10011,0
2026-09-19,64094,9195,0
2026-09-19,50839,9154,0
2026-09-19,57540,9082,0
2026-09-19,54392,9063,0
2026-09-19,55233,8843,0
2026-09-19,57428,8737,0
2026-09-19,60709,8254,0
2026-09-19,62385,8191,0
2026-09-19,51774,7983,0
2026-09-19,56775,7979,0
2026-09-19,58653,7933,0
2026-09-19,53158,7926,0
2026-09-19,64881,7843,0
2026-09-19,51249,7571,0
2026-09-19,59527,7141,0
2026-09-19,58742,7076,0
2026-09-19,55497,6982,0
2026-09-19,56261,6939,0
2026-09-19,61264,6434,0
2026-09-19,55814,6247,0
2026-09-19,54042,6231,0
2026-09-19,60246,6030,0
2026-09-19,52526,5793,0
2026-09-19,62371,5553,0
2026-09-19,61483,5469,0
2026-09-19,60780,5366,0
2026-09-19,59374,5122,0
2026-09-19,61689,5044,0
2026-09-19,61266,4770,0
2026-09-19,61268,4749,0
2026-09-19,65310,4743,0
2026-09-19,55201,4630,0
2026-09-19,61746,4297,0
2026-09-19,63618,4119,0
2026-09-19,57319,3956,0
2026-09-19,61818,3411,0
2026-09-19,58260,3249,0
2026-09-19,62464,3198,0
2026-09-19,56353,3186,0
2026-09-19,58279,3085,0
2026-09-19,61749,2964,0
2026-09-19,52531,2683,0
2026-09-19,63115,2632,0
2026-09-19,64791,2610,0
2026-09-19,62498,2017,0
2026-09-19,61801,2007,0
2026-09-19,52357,1848,0
2026-09-19,58041,1799,0
2026-09-19,61580,1643,0
2026-09-19,52725,1632,0
2026-09-19,61179,1616,0
2026-09-19,61263,1508,0
2026-09-19,5678,1435,1435
2026-09-19,57113,1384,0
2026-09-19,61706,1325,0
2026-09-19,49219,1300,0
2026-09-19,51575,1246,0
2026-09-19,56652,1204,0
2026-09-19,60800,1162,0
2026-09-19,64711,1078,0
2026-09-19,59205,984,0
2026-09-19,50767,976,0
2026-09-19,63939,972,0
2026-09-19,52032,962,0
2026-09-19,57123,926,0
2026-09-19,56147,876,0
2026-09-19,61793,870,0
2026-09-19,60351,864,0
2026-09-19,50914,838,0
2026-09-19,63286,814,0
2026-09-19,54253,779,0
2026-09-19,62387,723,0
2026-09-19,61774,705,0
2026-09-19,63266,640,0
2026-09-19,56981,611,0
2026-09-19,61330,599,0
2026-09-19,5353,582,0
2026-09-19,59756,574,0
2026-09-19,61094,543,0
2026-09-19,55402,513,0
2026-09-19,57632,494,0
2026-09-19,62681,483,0
2026-09-19,58651,474,0
2026-09-19,49620,467,0
2026-09-19,50419,464,0
2026-09-19,64729,463,0
2026-09-19,55524,452,0
2026-09-19,58629,429,0
2026-09-19,52529,421,0
2026-09-19,61831,412,0
2026-09-19,59797,401,0
2026-09-19,63597,400,0
2026-09-19,49211,379,0
2026-09-19,61226,358,0
2026-09-19,62124,357,0
2026-09-19,60147,332,0
2026-09-19,53270,329,0
2026-09-19,58807,326,0
2026-09-19,60518,319,0
2026-09-19,52762,316,0
2026-09-19,58753,313,0
2026-09-19,61770,310,0
2026-09-19,63770,308,0
2026-09-19,62373,306,0
2026-09-19,54286,304,0
2026-09-19,59198,300,0
2026-09-19,51315,292,0
2026-09-19,51056,277,0
2026-09-19,61843,273,0
2026-09-19,51746,267,0
2026-09-19,52527,250,0
2026-09-19,50706,246,0
2026-09-19,53552,244,0
2026-09-19,58405,244,0
2026-09-19,58923,241,0
2026-09-19,49694,240,0
2026-09-19,59932,237,0
2026-09-19,52622,235,0
2026-09-19,60650,235,0
2026-09-19,64186,235,0
2026-09-19,52456,230,0
2026-09-19,58167,230,0
2026-09-19,53721,229,0
2026-09-19,49273,226,0
2026-09-19,51566,226,0
2026-09-19,57638,214,0
2026-09-19,61834,214,0
2026-09-19,51050,210,0
2026-09-19,58399,210,0
2026-09-19,60117,209,0
2026-09-19,53027,206,0
2026-09-19,55787,206,0
2026-09-19,62682,203,0
2026-09-19,58860,197,0
2026-09-19,60930,195,0
2026-09-19,59414,193,0
2026-09-19,61594,193,0
2026-09-19,51445,189,0
2026-09-19,57998,189,0
2026-09-19,61149,188,0
2026-09-19,49458,187,0
2026-09-19,65386,187,0
2026-09-19,55587,186,0
2026-09-19,57447,185,0
2026-09-19,54878,180,0
2026-09-19,56942,180,0
2026-09-19,61648,180,0
2026-09-19,49756,179,0
2026-09-19,49231,175,0
2026-09-19,55826,175,0
2026-09-19,50111,173,0
2026-09-19,57394,168,0
2026-09-19,59681,168,0
2026-09-19,61160,168,0
2026-09-19,62196,166,0
2026-09-19,62168,162,0
2026-09-19,62271,162,0
2026-09-19,61550,161,0
2026-09-19,61760,160,0
2026-09-19,60553,153,0
2026-09-19,61814,151,0
2026-09-19,63667,151,0
2026-09-19,59254,149,0
2026-09-19,56027,148,0
2026-09-19,58182,147,0
2026-09-19,64570,144,0
2026-09-19,51688,142,0
2026-09-19,62378,142,0
2026-09-19,51476,139,0
2026-09-19,60724,136,0
2026-09-19,54106,135,0
2026-09-19,54107,135,0
2026-09-19,54991,134,0
2026-09-19,62352,128,0
2026-09-19,62562,128,0
2026-09-19,53924,126,0
2026-09-19,57646,125,0
2026-09-19,64169,123,0
2026-09-19,56642,122,0
2026-09-19,63778,120,0
2026-09-19,49690,117,0
2026-09-19,63366,117,0
2026-09-19,53187,116,0
2026-09-19,54828,116,0
2026-09-19,50391,115,0
2026-09-19,58089,112,0
2026-09-19,60939,112,0
2026-09-19,53080,111,0
2026-09-19,53164,111,0
2026-09-19,58581,110,0
2026-09-19,55883,107,0
2026-09-19,50733,106,0
2026-09-19,59127,105,0
2026-09-19,50186,104,0
2026-09-19,53277,104,0
2026-09-19,55803,104,0
2026-09-19,51840,101,0
2026-09-19,63703,99,0
2026-09-19,49851,96,0
2026-09-19,54232,96,0
2026-09-19,57451,95,0
2026-09-19,49765,94,0
2026-09-19,51631,94,0
2026-09-19,59616,94,0
2026-09-19,58739,93,0
2026-09-19,51321,92,0
2026-09-19,53820,92,0
2026-09-19,52852,90,0
2026-09-19,49595,89,0
2026-09-19,50513,89,0
2026-09-19,55539,85,0
2026-09-19,55219,84,0
2026-09-19,64731,84,0
2026-09-19,64888,83,0
2026-09-19,59176,82,0
2026-09-19,53051,79,0
2026-09-19,63737,79,0
2026-09-19,64513,79,0
2026-09-19,60230,78,0
2026-09-19,61867,78,0
2026-09-19,49413,77,0
2026-09-19,62787,77,0
2026-09-19,63276,77,0
2026-09-19,51072,76,0
2026-09-19,53166,76,0
2026-09-19,61768,76,0
2026-09-19,64495,76,0
2026-09-19,51941,75,0
2026-09-19,64679,75,0
2026-09-19,62527,74,0
2026-09-19,52277,73,0
2026-09-19,56358,73,0
2026-09-19,58249,73,0
2026-09-19,61974,73,0
2026-09-19,51645,71,0
2026-09-19,51805,71,0
2026-09-19,57144,71,0
2026-09-19,55619,70,0
2026-09-19,58490,69,0
2026-09-19,58654,69,0
2026-09-19,57425,68,0
2026-09-19,57504,68,0
2026-09-19,60462,68,0
2026-09-19,64826,68,0
2026-09-19,65496,68,0
2026-09-19,50205,67,0
2026-09-19,55143,67,0
2026-09-19,57667,66,0
2026-09-19,58078,66,0
2026-09-19,54182,65,0
2026-09-19,59061,65,0
2026-09-19,60678,65,0
2026-09-19,61712,65,0
2026-09-19,62709,65,0
2026-09-19,49862,64,0
2026-09-19,53398,64,0
2026-09-19,54415,64,0
2026-09-19,56563,64,0
2026-09-19,62267,64,0
2026-09-19,62670,64,0
2026-09-19,61402,63,0
2026-09-19,61755,63,0
2026-09-19,62706,63,0
2026-09-19,64055,63,0
2026-09-19,58584,62,0
2026-09-19,50442,61,0
2026-09-19,51672,61,0
2026-09-19,56851,61,0
2026-09-19,58043,61,0
2026-09-19,62463,61,0
2026-09-19,50211,60,0
2026-09-19,64976,60,0
2026-09-19,51010,59,0
2026-09-19,55890,59,0
2026-09-19,62992,59,0
2026-09-19,50132,58,0
2026-09-19,55808,58,0
2026-09-19,62955,58,0
2026-09-19,49523,57,0
2026-09-19,51018,57,0
2026-09-19,52928,57,0
2026-09-19,61452,57,0
2026-09-19,51486,56,0
2026-09-19,60612,56,0
2026-09-19,62136,56,0
2026-09-19,63581,56,0
2026-09-19,54279,55,0
2026-09-19,65481,55,0
2026-09-19,56016,54,0
2026-09-19,58329,54,0
2026-09-19,61462,53,0
2026-09-19,62687,53,0
2026-09-19,51865,52,0
2026-09-19,53274,52,0
2026-09-19,59468,52,0
2026-09-19,61095,52,0
2026-09-19,61983,52,0
2026-09-19,59791,51,0
2026-09-19,64183,51,0
2026-09-19,57238,50,0
2026-09-19,59154,50,0
2026-09-19,62800,50,0
2026-09-19,50352,49,0
2026-09-19,56438,49,0
2026-09-19,56500,49,0
2026-09-19,57691,49,0
2026-09-19,51965,48,0
2026-09-19,58286,48,0
2026-09-19,60779,48,0
2026-09-19,61448,48,1
2026-09-19,61809,48,0
2026-09-19,64290,48,0
2026-09-19,64643,48,0
2026-09-19,54292,47,0
2026-09-19,58507,47,0
2026-09-19,59032,47,0
2026-09-19,59683,47,0
2026-09-19,61455,47,0
2026-09-19,62161,47,0
2026-09-19,64670,47,0
2026-09-19,55553,46,0
2026-09-19,56653,46,0
2026-09-19,57059,46,0
2026-09-19,57132,46,0
2026-09-19,60251,46,0
2026-09-19,62614,46,0
2026-09-19,53744,45,0
2026-09-19,54251,45,0
2026-09-19,60150,45,0
2026-09-19,64363,45,0
2026-09-19,59648,44,0
2026-09-19,56319,43,0
2026-09-19,63143,43,0
2026-09-19,50430,42,0
2026-09-19,51184,42,0
2026-09-19,56148,42,0
2026-09-19,58246,42,0
2026-09-19,59365,42,0
2026-09-19,62474,42,0
2026-09-19,64749,42,0
2026-09-19,49484,41,0
2026-09-19,55570,41,0
2026-09-19,55647,41,0
2026-09-19,61150,41,0
2026-09-19,61224,41,0
2026-09-19,61844,41,0
2026-09-19,62039,41,0
2026-09-19,62108,41,0
2026-09-19,49607,40,0
2026-09-19,55818,40,0
2026-09-19,56482,40,0
2026-09-19,57052,40,0
2026-09-19,58740,40,0
2026-09-19,59849,40,0
2026-09-19,59917,40,0
2026-09-19,65237,40,0
2026-09-19,49875,39,0
2026-09-19,52469,39,0
2026-09-19,56023,39,0
2026-09-19,56427,39,0
2026-09-19,57128,39,0
2026-09-19,61569,39,0
2026-09-19,61576,39,0
2026-09-19,64288,39,0
2026-09-19,64673,39,0
2026-09-19,50137,38,0
2026-09-19,51061,38,0
2026-09-19,51159,38,0
2026-09-19,54855,38,0
2026-09-19,56122,38,0
2026-09-19,58287,38,0
2026-09-19,59715,38,0
2026-09-19,60404,38,0
2026-09-19,61581,38,0
2026-09-19,61583,38,0
2026-09-19,61848,38,0
2026-09-19,61908,38,0
2026-09-19,62647,38,0
2026-09-19,64410,38,0
2026-09-19,55148,37,0
2026-09-19,56195,37,0
2026-09-19,56508,37,0
2026-09-19,59972,37,0
2026-09-19,61102,37,0
2026-09-19,49517,36,0
2026-09-19,51364,36,0
2026-09-19,52059,36,0
2026-09-19,52451,36,0
2026-09-19,53015,36,0
2026-09-19,54869,36,0
2026-09-19,55683,36,0
2026-09-19,59062,36,0
2026-09-19,59509,36,0
2026-09-19,60094,36,0
2026-09-19,65471,36,0
2026-09-19,50734,35,0
2026-09-19,51767,35,0
2026-09-19,54902,35,0
2026-09-19,55887,35,0
2026-09-19,59049,35,0
2026-09-19,62375,35,0
2026-09-19,64230,35,0
2026-09-19,51242,34,0
2026-09-19,52785,34,0
2026-09-19,53186,34,0
2026-09-19,56182,34,0
2026-09-19,56458,34,0
2026-09-19,56484,34,0
2026-09-19,57120,34,0
2026-09-19,57687,34,0
2026-09-19,58914,34,0
2026-09-19,60273,34,0
2026-09-19,60706,34,0
2026-09-19,60798,34,0
2026-09-19,61938,34,0
2026-09-19,62809,34,0
2026-09-19,50135,33,0
2026-09-19,50572,33,0
2026-09-19,50806,33,0
2026-09-19,51488,33,0
2026-09-19,51544,33,0
2026-09-19,52290,33,0
2026-09-19,54524,33,0
2026-09-19,55651,33,0
2026-09-19,55688,33,0
2026-09-19,56258,33,0
2026-09-19,56921,33,0
2026-09-19,57620,33,0
2026-09-19,58077,33,0
2026-09-19,58779,33,0
2026-09-19,60346,33,0
2026-09-19,60507,33,0
2026-09-19,61260,33,0
2026-09-19,61574,33,0
2026-09-19,62519,33,0
2026-09-19,62973,33,0
2026-09-19,63264,33,0
2026-09-19,64284,33,0
2026-09-19,64442,33,0
2026-09-19,64680,33,0
2026-09-19,64702,33,0
2026-09-19,64964,33,0
2026-09-19,50900,32,0
2026-09-19,51618,32,0
2026-09-19,51702,32,0
2026-09-19,52769,32,0
2026-09-19,53704,32,0
2026-09-19,55931,32,0
2026-09-19,59881,32,0
2026-09-19,60632,32,0
2026-09-19,60767,32,0
2026-09-19,62027,32,0
2026-09-19,62217,32,0
2026-09-19,64090,32,0
2026-09-19,64204,32,0
2026-09-19,52279,31,0
2026-09-19,54328,31,0
2026-09-19,54574,31,0
2026-09-19,55943,31,0
2026-09-19,56038,31,0
2026-09-19,56284,31,0
2026-09-19,57449,31,0
2026-09-19,58026,31,0
2026-09-19,58383,31,0
2026-09-19,61936,31,0
2026-09-19,62875,31,0
2026-09-19,63278,31,0
2026-09-19,64045,31,0
2026-09-19,65060,31,0
2026-09-19,49656,30,0
2026-09-19,49929,30,0
2026-09-19,51925,30,0
2026-09-19,53221,30,0
2026-09-19,54578,30,0
2026-09-19,56262,30,0
2026-09-19,58735,30,0
2026-09-19,61383,30,0
2026-09-19,62420,30,0
2026-09-19,64769,30,0
2026-09-19,64883,30,0
2026-09-19,50625,29,0
2026-09-19,53153,29,0
2026-09-19,53587,29,0
2026-09-19,54025,29,0
2026-09-19,54373,29,0
2026-09-19,55096,29,0
2026-09-19,56829,29,0
2026-09-19,58251,29,0
2026-09-19,58370,29,0
2026-09-19,58862,29,0
2026-09-19,59324,29,0
2026-09-19,60204,29,0
2026-09-19,60521,29,0
2026-09-19,62393,29,0
2026-09-19,62419,29,0
2026-09-19,63544,29,0
2026-09-19,63592,29,0
2026-09-19,65528,29,0
2026-09-19,7000,29,29
2026-09-19,49240,28,0
2026-09-19,49339,28,0
2026-09-19,50177,28,0
2026-09-19,51091,28,0
2026-09-19,51423,28,0
2026-09-19,53598,28,0
2026-09-19,54419,28,0
2026-09-19,55264,28,0
2026-09-19,55875,28,0
2026-09-19,57083,28,0
2026-09-19,57154,28,0
2026-09-19,57228,28,0
2026-09-19,59305,28,0
2026-09-19,59438,28,0
2026-09-19,60662,28,0
2026-09-19,60970,28,0
2026-09-19,61403,28,0
2026-09-19,61969,28,0
2026-09-19,63930,28,0
2026-09-19,64235,28,0
2026-09-19,49353,27,0
2026-09-19,49764,27,0
2026-09-19,50336,27,0
2026-09-19,57279,27,0
2026-09-19,57467,27,0
2026-09-19,58418,27,0
2026-09-19,58738,27,0
2026-09-19,58750,27,0
2026-09-19,60189,27,0
2026-09-19,60240,27,0
2026-09-19,60962,27,0
2026-09-19,61233,27,0
2026-09-19,61568,27,0
2026-09-19,62017,27,0
2026-09-19,62337,27,0
2026-09-19,62388,27,0
2026-09-19,62412,27,0
2026-09-19,63065,27,0
2026-09-19,63412,27,0
2026-09-19,64690,27,0
2026-09-19,65161,27,0
2026-09-19,49994,26,0
2026-09-19,50066,26,0
2026-09-19,50821,26,0
2026-09-19,51079,26,0
2026-09-19,51140,26,0
2026-09-19,51365,26,0
2026-09-19,51677,26,0
2026-09-19,52006,26,0
2026-09-19,52135,26,0
2026-09-19,52271,26,0
2026-09-19,52492,26,0
2026-09-19,54758,26,0
2026-09-19,55411,26,0
2026-09-19,55889,26,0
2026-09-19,56871,26,0
2026-09-19,57779,26,0
2026-09-19,58354,26,0
2026-09-19,59497,26,0
2026-09-19,60701,26,0
2026-09-19,61312,26,0
2026-09-19,62098,26,0
2026-09-19,62506,26,0
2026-09-19,62728,26,0
2026-09-19,62894,26,0
2026-09-19,63088,26,0
2026-09-19,64180,26,0
2026-09-19,64730,26,0
2026-09-19,64803,26,0
2026-09-19,64932,26,0
2026-09-19,49230,25,0
2026-09-19,51054,25,0
2026-09-19,51076,25,0
2026-09-19,51181,25,0
2026-09-19,52288,25,0
2026-09-19,52722,25,0
2026-09-19,52727,25,0
2026-09-19,54030,25,0
2026-09-19,54404,25,0
2026-09-19,54573,25,0
2026-09-19,54992,25,0
2026-09-19,55628,25,0
2026-09-19,56620,25,0
2026-09-19,57934,25,0
2026-09-19,57971,25,0
2026-09-19,58139,25,0
2026-09-19,59072,25,0
2026-09-19,59628,25,0
2026-09-19,59746,25,0
2026-09-19,61138,25,0
2026-09-19,61236,25,0
2026-09-19,62091,25,0
2026-09-19,62780,25,0
2026-09-19,62839,25,0
2026-09-19,63010,25,0
2026-09-19,63599,25,0
2026-09-19,63612,25,0
2026-09-19,64246,25,0
2026-09-19,49214,24,0
2026-09-19,49245,24,0
2026-09-19,49952,24,0
2026-09-19,50539,24,0
2026-09-19,50827,24,0
2026-09-19,51860,24,0
2026-09-19,52036,24,0
2026-09-19,52064,24,0
2026-09-19,52284,24,0
2026-09-19,52912,24,0
2026-09-19,52984,24,0
2026-09-19,53276,24,0
2026-09-19,53766,24,0
2026-09-19,54215,24,0
2026-09-19,54722,24,0
2026-09-19,55009,24,0
2026-09-19,55325,24,0
2026-09-19,55561,24,0
2026-09-19,56024,24,0
2026-09-19,56782,24,0
2026-09-19,56823,24,0
2026-09-19,57664,24,0
2026-09-19,57848,24,0
2026-09-19,58168,24,0
2026-09-19,58817,24,0
2026-09-19,60668,24,0
2026-09-19,60870,24,0
2026-09-19,60901,24,0
2026-09-19,60923,24,0
2026-09-19,61335,24,0
2026-09-19,61571,24,0
2026-09-19,61609,24,0
2026-09-19,62125,24,0
2026-09-19,62896,24,0
2026-09-19,63186,24,0
2026-09-19,63480,24,0
2026-09-19,63798,24,0
2026-09-19,63810,24,0
2026-09-19,63872,24,0
2026-09-19,64049,24,0
2026-09-19,49212,23,0
2026-09-19,49250,23,0
2026-09-19,49729,23,0
2026-09-19,49777,23,0
2026-09-19,49885,23,0
2026-09-19,50147,23,0
2026-09-19,50179,23,0
2026-09-19,50367,23,0
2026-09-19,50805,23,0
2026-09-19,50952,23,0
2026-09-19,51338,23,0
2026-09-19,52173,23,0
2026-09-19,52429,23,0
2026-09-19,52734,23,0
2026-09-19,52805,23,0
2026-09-19,53161,23,0
2026-09-19,53485,23,0
2026-09-19,53592,23,0
2026-09-19,54391,23,0
2026-09-19,54437,23,0
2026-09-19,54459,23,0
2026-09-19,54526,23,0
2026-09-19,55001,23,0
2026-09-19,55159,23,0
2026-09-19,55275,23,0
2026-09-19,55400,23,0
2026-09-19,55610,23,0
2026-09-19,56088,23,0
2026-09-19,56576,23,0
2026-09-19,56599,23,0
2026-09-19,56811,23,0
2026-09-19,57000,23,0
2026-09-19,57027,23,0
2026-09-19,57685,23,0
2026-09-19,57756,23,0
2026-09-19,58022,23,0
2026-09-19,58657,23,0
2026-09-19,59014,23,0
2026-09-19,59245,23,0
2026-09-19,59572,23,0
2026-09-19,59696,23,0
2026-09-19,59800,23,0
2026-09-19,59941,23,0
2026-09-19,60330,23,0
2026-09-19,60419,23,0
2026-09-19,60464,23,0
2026-09-19,60490,23,0
2026-09-19,60762,23,0
2026-09-19,61112,23,0
2026-09-19,61397,23,0
2026-09-19,61494,23,0
2026-09-19,61693,23,0
2026-09-19,61780,23,0
2026-09-19,61933,23,0
2026-09-19,62813,23,0
2026-09-19,63106,23,0
2026-09-19,63393,23,0
2026-09-19,63642,23,0
2026-09-19,63727,23,0
2026-09-19,63877,23,0
2026-09-19,64052,23,0
2026-09-19,64192,23,0
2026-09-19,64206,23,0
2026-09-19,64748,23,0
2026-09-19,64852,23,0
2026-09-19,65004,23,0
2026-09-19,65030,23,0
2026-09-19,65250,23,0
2026-09-19,65346,23,0
2026-09-19,65403,23,0
2026-09-19,49193,22,0
2026-09-19,49199,22,0
2026-09-19,49700,22,0
2026-09-19,49826,22,0
2026-09-19,50035,22,0
2026-09-19,50281,22,0
2026-09-19,50398,22,0
2026-09-19,50452,22,0
2026-09-19,50497,22,0
2026-09-19,50565,22,0
2026-09-19,50616,22,0
2026-09-19,50637,22,0
2026-09-19,50859,22,0
2026-09-19,50941,22,0
2026-09-19,51265,22,0
2026-09-19,51327,22,0
2026-09-19,51403,22,0
2026-09-19,51542,22,0
2026-09-19,51545,22,0
2026-09-19,51583,22,0
2026-09-19,52324,22,0
2026-09-19,52337,22,0
2026-09-19,52391,22,0
2026-09-19,52515,22,0
2026-09-19,52568,22,0
2026-09-19,52742,22,0
2026-09-19,52995,22,0
2026-09-19,53093,22,0
2026-09-19,53379,22,0
2026-09-19,53427,22,0
2026-09-19,53600,22,0
2026-09-19,53676,22,0
2026-09-19,53871,22,0
2026-09-19,53893,22,0
2026-09-19,54333,22,0
2026-09-19,54374,22,0
2026-09-19,54776,22,0
2026-09-19,54779,22,0
2026-09-19,55162,22,0
2026-09-19,56376,22,0
2026-09-19,56837,22,0
2026-09-19,56843,22,0
2026-09-19,57087,22,0
2026-09-19,57483,22,0
2026-09-19,57711,22,0
2026-09-19,58514,22,0
2026-09-19,58532,22,0
2026-09-19,58644,22,0
2026-09-19,58655,22,0
2026-09-19,59065,22,0
2026-09-19,59360,22,0
2026-09-19,59617,22,0
2026-09-19,59725,22,0
2026-09-19,59847,22,0
2026-09-19,60133,22,0
2026-09-19,60172,22,0
2026-09-19,60597,22,0
2026-09-19,60793,22,0
2026-09-19,60881,22,0
2026-09-19,61395,22,0
2026-09-19,61435,22,0
2026-09-19,61502,22,0
2026-09-19,61542,22,0
2026-09-19,61598,22,0
2026-09-19,61621,22,0
2026-09-19,61697,22,0
2026-09-19,61753,22,0
2026-09-19,62075,22,0
2026-09-19,62084,22,0
2026-09-19,62601,22,5
2026-09-19,62735,22,0
2026-09-19,62952,22,0
2026-09-19,63487,22,0
2026-09-19,64585,22,0
2026-09-19,64637,22,0
2026-09-19,64784,22,0
2026-09-19,65533,22,0
2026-09-19,137,21,21
2026-09-19,49310,21,0
2026-09-19,49356,21,0
2026-09-19,49549,21,0
2026-09-19,49659,21,0
2026-09-19,49866,21,0
2026-09-19,49937,21,0
2026-09-19,49950,21,0
2026-09-19,50185,21,0
2026-09-19,50441,21,0
2026-09-19,50655,21,0
2026-09-19,51512,21,0
2026-09-19,51667,21,0
2026-09-19,51927,21,0
2026-09-19,52181,21,0
2026-09-19,53330,21,0
2026-09-19,53383,21,0
2026-09-19,53969,21,0
2026-09-19,54095,21,0
2026-09-19,54124,21,0
2026-09-19,54547,21,0
2026-09-19,54629,21,0
2026-09-19,54810,21,0
2026-09-19,55063,21,0
2026-09-19,55173,21,0
2026-09-19,55209,21,0
2026-09-19,55671,21,0
2026-09-19,55790,21,0
2026-09-19,56227,21,0
2026-09-19,56748,21,0
2026-09-19,56791,21,0
2026-09-19,57003,21,0
2026-09-19,57094,21,0
2026-09-19,57179,21,0
2026-09-19,57227,21,0
2026-09-19,57302,21,0
2026-09-19,57493,21,0
2026-09-19,57529,21,0
2026-09-19,57652,21,0
2026-09-19,57694,21,0
2026-09-19,58199,21,0
2026-09-19,58326,21,0
2026-09-19,58471,21,0
2026-09-19,58687,21,0
2026-09-19,58868,21,0
2026-09-19,59343,21,0
2026-09-19,59506,21,0
2026-09-19,59590,21,0
2026-09-19,59652,21,0
2026-09-19,59967,21,0
2026-09-19,60056,21,0
2026-09-19,60131,21,0
2026-09-19,60379,21,0
2026-09-19,60886,21,0
2026-09-19,61003,21,0
2026-09-19,61079,21,0
2026-09-19,61136,21,0
2026-09-19,61282,21,0
2026-09-19,61297,21,0
2026-09-19,61477,21,0
2026-09-19,61521,21,0
2026-09-19,62332,21,0
2026-09-19,62484,21,0
2026-09-19,62576,21,0
2026-09-19,63133,21,0
2026-09-19,63638,21,0
2026-09-19,64014,21,0
2026-09-19,64226,21,0
2026-09-19,65100,21,0
2026-09-19,65267,21,0
2026-09-19,65277,21,0
2026-09-19,65487,21,0
2026-09-19,65507,21,0
2026-09-19,49350,20,0
2026-09-19,49498,20,0
2026-09-19,49810,20,0
2026-09-19,50402,20,0
2026-09-19,50496,20,0
2026-09-19,50722,20,0
2026-09-19,50807,20,0
2026-09-19,50845,20,0
2026-09-19,50846,20,0
2026-09-19,51278,20,0
2026-09-19,51279,20,0
2026-09-19,51307,20,0
2026-09-19,51640,20,0
2026-09-19,51756,20,0
2026-09-19,51791,20,0
2026-09-19,51943,20,0
2026-09-19,51986,20,0
2026-09-19,52024,20,0
2026-09-19,52415,20,0
2026-09-19,52634,20,0
2026-09-19,53824,20,0
2026-09-19,54248,20,0
2026-09-19,54393,20,0
2026-09-19,54729,20,0
2026-09-19,54968,20,0
2026-09-19,55267,20,0
2026-09-19,55550,20,0
2026-09-19,55783,20,0
2026-09-19,55789,20,0
2026-09-19,56293,20,0
2026-09-19,56798,20,0
2026-09-19,57036,20,0
2026-09-19,57064,20,0
2026-09-19,57222,20,0
2026-09-19,57223,20,0
2026-09-19,57957,20,0
2026-09-19,58003,20,0
2026-09-19,58159,20,0
2026-09-19,58426,20,0
2026-09-19,58927,20,0
2026-09-19,59370,20,0
2026-09-19,59760,20,0
2026-09-19,59918,20,0
2026-09-19,60611,20,0
2026-09-19,60734,20,0
2026-09-19,60993,20,0
2026-09-19,61750,20,0
2026-09-19,61800,20,0
2026-09-19,62148,20,0
2026-09-19,62180,20,0
2026-09-19,62283,20,0
2026-09-19,62360,20,0
2026-09-19,62652,20,0
2026-09-19,62712,20,0
2026-09-19,62790,20,0
2026-09-19,62997,20,0
2026-09-19,63089,20,0
2026-09-19,63237,20,0
2026-09-19,63696,20,0
2026-09-19,63754,20,0
2026-09-19,63969,20,0
2026-09-19,64048,20,0
2026-09-19,64053,20,0
2026-09-19,64072,20,0
2026-09-19,64113,20,0
2026-09-19,64766,20,0
2026-09-19,65262,20,0
2026-09-19,65342,20,0
2026-09-19,65415,20,0
2026-09-19,49309,19,0
2026-09-19,49503,19,0
2026-09-19,49559,19,0
2026-09-19,50062,19,0
2026-09-19,50091,19,0
2026-09-19,50544,19,0
2026-09-19,50731,19,0
2026-09-19,51066,19,0
2026-09-19,51406,19,0
2026-09-19,51451,19,0
2026-09-19,51520,19,0
2026-09-19,51624,19,0
2026-09-19,51643,19,0
2026-09-19,51946,19,0
2026-09-19,52411,19,0
2026-09-19,52835,19,0
2026-09-19,52989,19,0
2026-09-19,53064,19,0
2026-09-19,53195,19,0
2026-09-19,53415,19,0
2026-09-19,53493,19,0
2026-09-19,53521,19,0
2026-09-19,53597,19,0
2026-09-19,53831,19,0
2026-09-19,53890,19,0
2026-09-19,54039,19,0
2026-09-19,54100,19,0
2026-09-19,54120,19,0
2026-09-19,54336,19,0
2026-09-19,54769,19,0
2026-09-19,54806,19,0
2026-09-19,54854,19,0
2026-09-19,55102,19,0
2026-09-19,55430,19,0
2026-09-19,55991,19,0
2026-09-19,56350,19,0
2026-09-19,56365,19,0
2026-09-19,56428,19,0
2026-09-19,56517,19,0
2026-09-19,56776,19,0
2026-09-19,56993,19,0
2026-09-19,57920,19,0
2026-09-19,58255,19,0
2026-09-19,58394,19,0
2026-09-19,58397,19,0
2026-09-19,58751,19,0
2026-09-19,58762,19,0
2026-09-19,58828,19,0
2026-09-19,59050,19,0
2026-09-19,59139,19,0
2026-09-19,59222,19,0
2026-09-19,59274,19,0
2026-09-19,59307,19,0
2026-09-19,59530,19,0
2026-09-19,59557,19,0
2026-09-19,59948,19,0
2026-09-19,60082,19,0
2026-09-19,60361,19,0
2026-09-19,60434,19,0
2026-09-19,60483,19,0
2026-09-19,60497,19,0
2026-09-19,60813,19,0
2026-09-19,61061,19,0
2026-09-19,61329,19,0
2026-09-19,61918,19,0
2026-09-19,61935,19,0
2026-09-19,61968,19,0
2026-09-19,62026,19,0
2026-09-19,62182,19,0
2026-09-19,62255,19,0
2026-09-19,62313,19,0
2026-09-19,62394,19,0
2026-09-19,62408,19,0
2026-09-19,62409,19,0
2026-09-19,62622,19,0
2026-09-19,63037,19,0
2026-09-19,63222,19,0
2026-09-19,63325,19,0
2026-09-19,63418,19,0
2026-09-19,64037,19,0
2026-09-19,64051,19,0
2026-09-19,64067,19,0
2026-09-19,64234,19,0
2026-09-19,64376,19,0
2026-09-19,64628,19,0
2026-09-19,64639,19,0
2026-09-19,64987,19,0
2026-09-19,65070,19,0
2026-09-19,65497,19,0
2026-09-19,49162,18,0
2026-09-19,49192,18,0
2026-09-19,49278,18,0
2026-09-19,49385,18,0
2026-09-19,49470,18,0
2026-09-19,49630,18,0
2026-09-19,49739,18,0
2026-09-19,49795,18,0
2026-09-19,49849,18,0
2026-09-19,50025,18,0
2026-09-19,50389,18,0
2026-09-19,50623,18,0
2026-09-19,50738,18,0
2026-09-19,50948,18,0
2026-09-19,51069,18,0
2026-09-19,51285,18,0
2026-09-19,51397,18,0
2026-09-19,51500,18,0
2026-09-19,51530,18,0
2026-09-19,51636,18,0
2026-09-19,51813,18,0
2026-09-19,52142,18,0
2026-09-19,52160,18,0
2026-09-19,52161,18,0
2026-09-19,52276,18,0
2026-09-19,52286,18,0
2026-09-19,52648,18,0
2026-09-19,52726,18,0
2026-09-19,52732,18,0
2026-09-19,52941,18,0
2026-09-19,53021,18,0
2026-09-19,53048,18,0
2026-09-19,53369,18,0
2026-09-19,53614,18,0
2026-09-19,53728,18,0
2026-09-19,53729,18,0
2026-09-19,53882,18,0
2026-09-19,53914,18,0
2026-09-19,53974,18,0
2026-09-19,54031,18,0
2026-09-19,54213,18,0
2026-09-19,54369,18,0
2026-09-19,54457,18,0
2026-09-19,54572,18,0
2026-09-19,54715,18,0
2026-09-19,54809,18,0
2026-09-19,54915,18,0
2026-09-19,55093,18,0
2026-09-19,55118,18,0
2026-09-19,55363,18,0
2026-09-19,55399,18,0
2026-09-19,55503,18,0
2026-09-19,55646,18,0
2026-09-19,55811,18,0
2026-09-19,55833,18,0
2026-09-19,55876,18,0
2026-09-19,55892,18,0
2026-09-19,55930,18,0
2026-09-19,56064,18,0
2026-09-19,56078,18,0
2026-09-19,56133,18,0
2026-09-19,56536,18,0
2026-09-19,56682,18,0
2026-09-19,56725,18,0
2026-09-19,56847,18,0
2026-09-19,56923,18,0
2026-09-19,57240,18,0
2026-09-19,57241,18,0
2026-09-19,57277,18,0
2026-09-19,57312,18,0
2026-09-19,57448,18,0
2026-09-19,57503,18,0
2026-09-19,57604,18,0
2026-09-19,57689,18,0
2026-09-19,57792,18,0
2026-09-19,57852,18,0
2026-09-19,57912,18,0
2026-09-19,58040,18,0
2026-09-19,58209,18,0
2026-09-19,58275,18,0
2026-09-19,58325,18,0
2026-09-19,58517,18,0
2026-09-19,58556,18,0
2026-09-19,58562,18,0
2026-09-19,58663,18,0
2026-09-19,58725,18,0
2026-09-19,58771,18,0
2026-09-19,59026,18,0
2026-09-19,59226,18,0
2026-09-19,59462,18,0
2026-09-19,59523,18,0
2026-09-19,59919,18,0
2026-09-19,60143,18,0
2026-09-19,60169,18,0
2026-09-19,60299,18,0
2026-09-19,60325,18,0
2026-09-19,60444,18,0
2026-09-19,60491,18,0
2026-09-19,61166,18,0
2026-09-19,61303,18,0
2026-09-19,61379,18,0
2026-09-19,61475,18,0
2026-09-19,61478,18,0
2026-09-19,61678,18,0
2026-09-19,61802,18,0
2026-09-19,61866,18,0
2026-09-19,61907,18,0
2026-09-19,62254,18,0
2026-09-19,62386,18,0
2026-09-19,62416,18,0
2026-09-19,62552,18,0
2026-09-19,63030,18,0
2026-09-19,63051,18,0
2026-09-19,63183,18,0
2026-09-19,63254,18,0
2026-09-19,63349,18,0
2026-09-19,63405,18,0
2026-09-19,63478,18,0
2026-09-19,63577,18,0
2026-09-19,63649,18,0
2026-09-19,63704,18,0
2026-09-19,63883,18,0
2026-09-19,63964,18,0
2026-09-19,63984,18,0
2026-09-19,64259,18,0
2026-09-19,64368,18,0
2026-09-19,64705,18,0
2026-09-19,64884,18,0
2026-09-19,65244,18,0
2026-09-19,65271,18,0
2026-09-19,65526,18,0
2026-09-19,67,18,18
2026-09-19,49166,17,0
2026-09-19,49246,17,0
2026-09-19,49364,17,0
2026-09-19,49386,17,0
2026-09-19,49460,17,0
2026-09-19,49468,17,0
2026-09-19,49592,17,0
2026-09-19,49670,17,0
2026-09-19,49691,17,0
2026-09-19,49990,17,0
2026-09-19,50112,17,0
2026-09-19,50226,17,0
2026-09-19,50350,17,0
2026-09-19,50414,17,0
2026-09-19,50686,17,0
2026-09-19,50836,17,0
2026-09-19,50973,17,0
2026-09-19,51454,17,0
2026-09-19,51582,17,0
2026-09-19,51628,17,0
2026-09-19,51795,17,0
2026-09-19,51862,17,0
2026-09-19,52465,17,0
2026-09-19,52467,17,0
2026-09-19,52763,17,0
2026-09-19,52781,17,0
2026-09-19,53134,17,0
2026-09-19,53163,17,0
2026-09-19,53384,17,0
2026-09-19,53443,17,0
2026-09-19,53643,17,0
2026-09-19,53821,17,0
2026-09-19,53853,17,0
2026-09-19,53992,17,0
2026-09-19,54116,17,0
2026-09-19,54348,17,0
2026-09-19,54540,17,0
2026-09-19,54952,17,0
2026-09-19,55232,17,0
2026-09-19,55807,17,0
2026-09-19,55836,17,0
2026-09-19,56163,17,0
2026-09-19,56277,17,0
2026-09-19,56483,17,0
2026-09-19,56515,17,0
2026-09-19,56685,17,0
2026-09-19,56949,17,0
2026-09-19,57029,17,0
2026-09-19,57189,17,0
2026-09-19,57281,17,0
2026-09-19,57286,17,0
2026-09-19,57751,17,0
2026-09-19,58036,17,0
2026-09-19,58512,17,0
2026-09-19,58553,17,0
2026-09-19,58635,17,0
2026-09-19,58838,17,0
2026-09-19,59052,17,0
2026-09-19,59159,17,0
2026-09-19,59251,17,0
2026-09-19,59415,17,0
2026-09-19,59589,17,0
2026-09-19,60127,17,0
2026-09-19,60888,17,0
2026-09-19,60894,17,0
2026-09-19,60898,17,0
2026-09-19,60960,17,0
2026-09-19,61045,17,0
2026-09-19,61076,17,0
2026-09-19,61128,17,0
2026-09-19,61176,17,0
2026-09-19,61211,17,0
2026-09-19,61393,17,0
2026-09-19,61411,17,0
2026-09-19,61545,17,0
2026-09-19,61692,17,0
2026-09-19,61887,17,0
2026-09-19,62000,17,0
2026-09-19,62086,17,0
2026-09-19,62134,17,0
2026-09-19,62181,17,0
2026-09-19,62186,17,0
2026-09-19,62205,17,0
2026-09-19,62265,17,0
2026-09-19,62329,17,0
2026-09-19,62526,17,0
2026-09-19,62672,17,0
2026-09-19,63574,17,0
2026-09-19,63652,17,0
2026-09-19,63848,17,0
2026-09-19,64074,17,0
2026-09-19,64083,17,0
2026-09-19,64103,17,0
2026-09-19,64687,17,0
2026-09-19,65172,17,0
2026-09-19,65216,17,0
2026-09-19,65233,17,0
2026-09-19,49286,16,0
2026-09-19,49653,16,0
2026-09-19,49697,16,0
2026-09-19,49902,16,0
2026-09-19,50056,16,0
2026-09-19,50552,16,0
2026-09-19,50691,16,0
2026-09-19,50759,16,0
2026-09-19,50779,16,0
2026-09-19,51239,16,0
2026-09-19,51430,16,0
2026-09-19,51563,16,0
2026-09-19,51567,16,0
2026-09-19,51656,16,0
2026-09-19,51858,16,0
2026-09-19,52060,16,0
2026-09-19,52398,16,0
2026-09-19,52462,16,0
2026-09-19,52546,16,0
2026-09-19,52548,16,0
2026-09-19,52576,16,0
2026-09-19,52929,16,0
2026-09-19,53081,16,0
2026-09-19,53084,16,0
2026-09-19,53260,16,0
2026-09-19,53616,16,0
2026-09-19,53641,16,0
2026-09-19,53918,16,0
2026-09-19,53958,16,0
2026-09-19,54023,16,0
2026-09-19,54062,16,0
2026-09-19,54230,16,0
2026-09-19,54250,16,0
2026-09-19,54484,16,0
2026-09-19,54775,16,0
2026-09-19,54960,16,0
2026-09-19,55012,16,0
2026-09-19,55013,16,0
2026-09-19,55084,16,0
2026-09-19,55134,16,0
2026-09-19,55234,16,0
2026-09-19,55374,16,0
2026-09-19,55622,16,0
2026-09-19,55658,16,0
2026-09-19,55733,16,0
2026-09-19,55842,16,0
2026-09-19,56145,16,0
2026-09-19,56287,16,0
2026-09-19,56305,16,0
2026-09-19,56451,16,0
2026-09-19,56878,16,0
2026-09-19,56900,16,0
2026-09-19,57047,16,0
2026-09-19,57049,16,0
2026-09-19,57112,16,0
2026-09-19,57114,16,0
2026-09-19,57242,16,0
2026-09-19,57249,16,0
2026-09-19,57254,16,0
2026-09-19,57371,16,0
2026-09-19,57583,16,0
2026-09-19,57884,16,0
2026-09-19,58000,16,0
2026-09-19,58020,16,0
2026-09-19,58205,16,0
2026-09-19,58470,16,0
2026-09-19,59047,16,0
2026-09-19,59075,16,0
2026-09-19,59168,16,0
2026-09-19,59339,16,0
2026-09-19,59518,16,0
2026-09-19,59598,16,0
2026-09-19,59844,16,0
2026-09-19,60149,16,0
2026-09-19,60580,16,0
2026-09-19,60620,16,0
2026-09-19,60908,16,0
2026-09-19,61031,16,0
2026-09-19,61564,16,0
2026-09-19,61643,16,0
2026-09-19,61973,16,0
2026-09-19,61997,16,0
2026-09-19,62131,16,0
2026-09-19,62225,16,0
2026-09-19,62253,16,0
2026-09-19,62834,16,0
2026-09-19,63414,16,0
2026-09-19,63680,16,0
2026-09-19,63995,16,0
2026-09-19,64354,16,0
2026-09-19,64630,16,0
2026-09-19,64695,16,0
2026-09-19,64874,16,0
2026-09-19,64979,16,0
2026-09-19,65236,16,0
2026-09-19,65434,16,0
2026-09-19,49638,15,0
2026-09-19,49785,15,0
2026-09-19,49867,15,0
2026-09-19,50155,15,0
2026-09-19,50278,15,0
2026-09-19,50354,15,0
2026-09-19,50434,15,0
2026-09-19,50491,15,0
2026-09-19,50507,15,0
2026-09-19,50567,15,0
2026-09-19,50899,15,0
2026-09-19,50969,15,0
2026-09-19,51002,15,0
2026-09-19,51157,15,0
2026-09-19,51190,15,0
2026-09-19,51210,15,0
2026-09-19,51422,15,0
2026-09-19,51588,15,0
2026-09-19,51630,15,0
2026-09-19,51764,15,0
2026-09-19,51869,15,0
2026-09-19,51897,15,0
2026-09-19,51954,15,0
2026-09-19,52039,15,0
2026-09-19,52309,15,0
2026-09-19,52330,15,0
2026-09-19,52331,15,0
2026-09-19,52480,15,0
2026-09-19,52706,15,0
2026-09-19,52823,15,0
2026-09-19,53217,15,0
2026-09-19,53264,15,0
2026-09-19,53505,15,0
2026-09-19,53537,15,0
2026-09-19,53722,15,1
2026-09-19,53798,15,0
2026-09-19,54324,15,0
2026-09-19,54340,15,0
2026-09-19,54708,15,0
2026-09-19,54849,15,0
2026-09-19,55003,15,0
2026-09-19,55163,15,0
2026-09-19,55419,15,0
2026-09-19,55441,15,0
2026-09-19,55444,15,0
2026-09-19,55593,15,0
2026-09-19,55598,15,0
2026-09-19,55815,15,0
2026-09-19,55965,15,0
2026-09-19,56146,15,0
2026-09-19,56391,15,0
2026-09-19,56393,15,0
2026-09-19,56457,15,0
2026-09-19,56460,15,0
2026-09-19,56926,15,0
2026-09-19,57370,15,0
2026-09-19,57625,15,0
2026-09-19,57669,15,0
2026-09-19,57725,15,0
2026-09-19,57993,15,0
2026-09-19,58046,15,0
2026-09-19,58094,15,0
2026-09-19,58266,15,0
2026-09-19,58403,15,0
2026-09-19,58421,15,0
2026-09-19,58526,15,0
2026-09-19,58743,15,0
2026-09-19,58881,15,0
2026-09-19,58890,15,0
2026-09-19,58949,15,0
2026-09-19,59160,15,0
2026-09-19,59244,15,0
2026-09-19,59270,15,0
2026-09-19,59439,15,0
2026-09-19,59562,15,0
2026-09-19,59702,15,0
2026-09-19,59729,15,0
2026-09-19,59788,15,0
2026-09-19,59997,15,0
2026-09-19,60263,15,0
2026-09-19,60377,15,0
2026-09-19,60764,15,0
2026-09-19,60897,15,0
2026-09-19,60931,15,0
2026-09-19,61016,15,0
2026-09-19,61558,15,0
2026-09-19,61626,15,0
2026-09-19,61845,15,0
2026-09-19,61888,15,0
2026-09-19,62078,15,0
2026-09-19,62195,15,0
2026-09-19,62269,15,0
2026-09-19,62504,15,0
2026-09-19,62545,15,0
2026-09-19,62555,15,0
2026-09-19,62563,15,0
2026-09-19,62588,15,0
2026-09-19,62972,15,0
2026-09-19,63144,15,0
2026-09-19,63355,15,0
2026-09-19,63376,15,0
2026-09-19,63660,15,0
2026-09-19,63834,15,0
2026-09-19,63862,15,0
2026-09-19,63890,15,0
2026-09-19,64101,15,0
2026-09-19,64244,15,0
2026-09-19,64299,15,0
2026-09-19,64578,15,0
2026-09-19,64602,15,0
2026-09-19,64786,15,0
2026-09-19,64789,15,0
2026-09-19,64905,15,0
2026-09-19,65017,15,0
2026-09-19,65165,15,0
2026-09-19,65202,15,0
2026-09-19,65209,15,0
2026-09-19,65317,15,0
2026-09-19,65406,15,0
2026-09-19,49152,14,0
2026-09-19,49209,14,0
2026-09-19,49232,14,0
2026-09-19,49295,14,0
2026-09-19,49371,14,0
2026-09-19,49395,14,0
2026-09-19,49400,14,0
2026-09-19,49419,14,0
2026-09-19,49459,14,0
2026-09-19,49575,14,0
2026-09-19,49581,14,0
2026-09-19,49677,14,0
2026-09-19,49703,14,0
2026-09-19,49741,14,0
2026-09-19,49981,14,0
2026-09-19,50013,14,0
2026-09-19,50040,14,0
2026-09-19,50044,14,0
2026-09-19,50100,14,0
2026-09-19,50176,14,0
2026-09-19,50247,14,0
2026-09-19,50283,14,0
2026-09-19,50291,14,0
2026-09-19,50388,14,0
2026-09-19,50600,14,0
2026-09-19,50609,14,0
2026-09-19,50746,14,0
2026-09-19,50784,14,0
2026-09-19,51052,14,0
2026-09-19,51071,14,0
2026-09-19,51205,14,0
2026-09-19,51351,14,0
2026-09-19,51414,14,0
2026-09-19,51437,14,0
2026-09-19,51574,14,0
2026-09-19,51606,14,0
2026-09-19,51614,14,0
2026-09-19,51680,14,0
2026-09-19,51719,14,0
2026-09-19,51782,14,0
2026-09-19,51838,14,0
2026-09-19,52022,14,0
2026-09-19,52057,14,0
2026-09-19,52327,14,0
2026-09-19,52333,14,0
2026-09-19,52452,14,0
2026-09-19,52678,14,0
2026-09-19,52789,14,0
2026-09-19,52794,14,0
2026-09-19,52811,14,0
2026-09-19,52868,14,0
2026-09-19,52884,14,0
2026-09-19,52964,14,0
2026-09-19,52973,14,0
2026-09-19,52997,14,0
2026-09-19,53233,14,0
2026-09-19,53313,14,0
2026-09-19,53382,14,0
2026-09-19,53408,14,0
2026-09-19,53513,14,0
2026-09-19,53529,14,0
2026-09-19,53588,14,0
2026-09-19,53646,14,0
2026-09-19,53655,14,0
2026-09-19,53739,14,0
2026-09-19,53751,14,0
2026-09-19,53793,14,0
2026-09-19,53857,14,0
2026-09-19,54035,14,0
2026-09-19,54076,14,0
2026-09-19,54096,14,0
2026-09-19,54158,14,0
2026-09-19,54191,14,0
2026-09-19,54202,14,0
2026-09-19,54321,14,0
2026-09-19,54426,14,0
2026-09-19,54449,14,0
2026-09-19,54488,14,0
2026-09-19,54624,14,0
2026-09-19,54630,14,0
2026-09-19,54668,14,0
2026-09-19,54676,14,0
2026-09-19,54740,14,0
2026-09-19,54897,14,0
2026-09-19,54995,14,0
2026-09-19,55169,14,0
2026-09-19,55221,14,0
2026-09-19,55271,14,0
2026-09-19,55285,14,0
2026-09-19,55296,14,0
2026-09-19,55474,14,0
2026-09-19,55475,14,0
2026-09-19,55684,14,0
2026-09-19,55859,14,0
2026-09-19,55929,14,0
2026-09-19,55988,14,0
2026-09-19,56089,14,0
2026-09-19,56316,14,0
2026-09-19,56392,14,0
2026-09-19,56410,14,0
2026-09-19,56426,14,0
2026-09-19,56589,14,0
2026-09-19,56654,14,0
2026-09-19,56663,14,0
2026-09-19,56864,14,0
2026-09-19,56999,14,0
2026-09-19,57001,14,0
2026-09-19,57219,14,0
2026-09-19,57237,14,0
2026-09-19,57559,14,0
2026-09-19,57653,14,0
2026-09-19,57930,14,0
2026-09-19,57936,14,0
2026-09-19,57978,14,0
2026-09-19,57999,14,0
2026-09-19,58005,14,0
2026-09-19,58047,14,0
2026-09-19,58050,14,0
2026-09-19,58065,14,0
2026-09-19,58068,14,0
2026-09-19,58105,14,0
2026-09-19,58247,14,0
2026-09-19,58259,14,0
2026-09-19,58268,14,0
2026-09-19,58359,14,0
2026-09-19,58414,14,0
2026-09-19,58484,14,0
2026-09-19,58534,14,0
2026-09-19,58555,14,0
2026-09-19,58587,14,0
2026-09-19,58612,14,0
2026-09-19,58689,14,0
2026-09-19,58966,14,0
2026-09-19,59011,14,0
2026-09-19,59177,14,0
2026-09-19,59179,14,0
2026-09-19,59312,14,0
2026-09-19,59456,14,0
2026-09-19,59563,14,0
2026-09-19,59638,14,0
2026-09-19,59839,14,0
2026-09-19,60123,14,0
2026-09-19,60339,14,0
2026-09-19,60368,14,0
2026-09-19,60378,14,0
2026-09-19,60427,14,0
2026-09-19,60471,14,0
2026-09-19,60628,14,0
2026-09-19,60672,14,0
2026-09-19,60690,14,0
2026-09-19,60731,14,0
2026-09-19,60754,14,0
2026-09-19,60755,14,0
2026-09-19,60756,14,0
2026-09-19,60916,14,0
2026-09-19,60952,14,0
2026-09-19,61040,14,0
2026-09-19,61093,14,0
2026-09-19,61185,14,0
2026-09-19,61256,14,0
2026-09-19,61272,14,0
2026-09-19,61311,14,0
2026-09-19,61453,14,0
2026-09-19,61593,14,0
2026-09-19,61635,14,0
2026-09-19,61639,14,0
2026-09-19,61766,14,0
2026-09-19,61773,14,0
2026-09-19,61891,14,0
2026-09-19,61940,14,0
2026-09-19,61952,14,0
2026-09-19,62046,14,0
2026-09-19,62072,14,0
2026-09-19,62142,14,0
2026-09-19,62179,14,0
2026-09-19,62227,14,0
2026-09-19,62266,14,0
2026-09-19,62272,14,0
2026-09-19,62368,14,0
2026-09-19,62370,14,0
2026-09-19,62525,14,0
2026-09-19,62602,14,0
2026-09-19,63083,14,0
2026-09-19,63129,14,0
2026-09-19,63138,14,0
2026-09-19,63210,14,0
2026-09-19,63407,14,0
2026-09-19,63632,14,0
2026-09-19,63654,14,0
2026-09-19,63773,14,0
2026-09-19,63797,14,0
2026-09-19,63878,14,0
2026-09-19,63980,14,0
2026-09-19,64136,14,0
2026-09-19,64220,14,0
2026-09-19,64332,14,0
2026-09-19,64387,14,0
2026-09-19,64392,14,0
2026-09-19,64430,14,0
2026-09-19,64547,14,0
2026-09-19,64559,14,0
2026-09-19,64767,14,0
2026-09-19,64811,14,0
2026-09-19,64853,14,0
2026-09-19,64899,14,0
2026-09-19,65027,14,0
2026-09-19,65028,14,0
2026-09-19,65039,14,0
2026-09-19,65073,14,0
2026-09-19,65231,14,0
2026-09-19,65330,14,0
2026-09-19,65436,14,0
2026-09-19,65444,14,0
2026-09-19,65463,14,0
2026-09-19,49167,13,0
2026-09-19,49378,13,0
2026-09-19,49382,13,0
2026-09-19,49390,13,0
2026-09-19,49455,13,0
2026-09-19,49475,13,0
2026-09-19,49529,13,0
2026-09-19,49633,13,0
2026-09-19,49738,13,0
2026-09-19,49945,13,0
2026-09-19,49969,13,0
2026-09-19,49975,13,0
2026-09-19,50051,13,0
2026-09-19,50114,13,0
2026-09-19,50120,13,0
2026-09-19,50139,13,0
2026-09-19,50144,13,0
2026-09-19,50187,13,0
2026-09-19,50429,13,0
2026-09-19,50465,13,0
2026-09-19,50599,13,0
2026-09-19,50669,13,0
2026-09-19,50677,13,0
2026-09-19,50786,13,0
2026-09-19,50886,13,0
2026-09-19,50949,13,0
2026-09-19,50957,13,0
2026-09-19,51077,13,0
2026-09-19,51219,13,0
2026-09-19,51230,13,0
2026-09-19,51243,13,0
2026-09-19,51258,13,0
2026-09-19,51289,13,0
2026-09-19,51326,13,0
2026-09-19,51366,13,0
2026-09-19,51572,13,0
2026-09-19,51573,13,0
2026-09-19,51598,13,0
2026-09-19,51616,13,0
2026-09-19,51955,13,0
2026-09-19,52070,13,0
2026-09-19,52086,13,0
2026-09-19,52219,13,0
2026-09-19,52222,13,0
2026-09-19,52278,13,0
2026-09-19,52280,13,0
2026-09-19,52314,13,0
2026-09-19,52370,13,0
2026-09-19,52371,13,0
2026-09-19,52405,13,0
2026-09-19,52566,13,0
2026-09-19,52643,13,0
2026-09-19,52682,13,0
2026-09-19,52712,13,0
2026-09-19,52782,13,0
2026-09-19,52860,13,0
2026-09-19,52902,13,0
2026-09-19,52930,13,0
2026-09-19,52974,13,0
2026-09-19,53128,13,0
2026-09-19,53169,13,0
2026-09-19,53298,13,0
2026-09-19,53339,13,0
2026-09-19,53371,13,0
2026-09-19,53391,13,0
2026-09-19,53451,13,0
2026-09-19,53489,13,0
2026-09-19,53518,13,0
2026-09-19,53582,13,0
2026-09-19,53658,13,0
2026-09-19,53681,13,0
2026-09-19,53723,13,0
2026-09-19,53764,13,0
2026-09-19,53855,13,0
2026-09-19,53878,13,0
2026-09-19,53907,13,0
2026-09-19,53908,13,0
2026-09-19,53933,13,0
2026-09-19,53956,13,0
2026-09-19,54051,13,0
2026-09-19,54112,13,0
2026-09-19,54130,13,0
2026-09-19,54188,13,0
2026-09-19,54195,13,0
2026-09-19,54363,13,0
2026-09-19,54388,13,0
2026-09-19,54659,13,0
2026-09-19,54703,13,0
2026-09-19,54832,13,0
2026-09-19,54924,13,0
2026-09-19,55074,13,0
2026-09-19,55246,13,0
2026-09-19,55300,13,0
2026-09-19,55346,13,0
2026-09-19,55431,13,0
2026-09-19,55502,13,0
2026-09-19,55541,13,0
2026-09-19,55612,13,0
2026-09-19,55638,13,0
2026-09-19,55749,13,0
2026-09-19,55788,13,0
2026-09-19,55817,13,0
2026-09-19,55823,13,0
2026-09-19,55824,13,0
2026-09-19,55902,13,0
2026-09-19,55939,13,0
2026-09-19,56129,13,0
2026-09-19,56143,13,0
2026-09-19,56161,13,0
2026-09-19,56299,13,0
2026-09-19,56309,13,0
2026-09-19,56379,13,0
2026-09-19,56553,13,0
2026-09-19,56643,13,0
2026-09-19,56655,13,0
2026-09-19,56739,13,0
2026-09-19,56777,13,0
2026-09-19,57294,13,0
2026-09-19,57429,13,0
2026-09-19,57558,13,0
2026-09-19,57665,13,0
2026-09-19,57798,13,0
2026-09-19,57818,13,0
2026-09-19,58170,13,0
2026-09-19,58200,13,0
2026-09-19,58299,13,0
2026-09-19,58303,13,0
2026-09-19,58335,13,0
2026-09-19,58465,13,0
2026-09-19,58528,13,0
2026-09-19,58595,13,0
2026-09-19,58674,13,0
2026-09-19,58688,13,0
2026-09-19,58705,13,0
2026-09-19,58741,13,0
2026-09-19,58789,13,0
2026-09-19,58917,13,0
2026-09-19,59147,13,0
2026-09-19,59204,13,0
2026-09-19,59227,13,0
2026-09-19,59228,13,0
2026-09-19,59281,13,0
2026-09-19,59380,13,0
2026-09-19,59499,13,0
2026-09-19,59611,13,0
2026-09-19,59643,13,0
2026-09-19,59651,13,0
2026-09-19,59825,13,0
2026-09-19,59863,13,0
2026-09-19,59890,13,0
2026-09-19,59955,13,0
2026-09-19,59980,13,0
2026-09-19,60097,13,0
2026-09-19,60198,13,0
2026-09-19,60242,13,0
2026-09-19,60435,13,0
2026-09-19,60481,13,0
2026-09-19,60533,13,0
2026-09-19,60594,13,0
2026-09-19,60596,13,0
2026-09-19,60713,13,0
2026-09-19,60805,13,0
2026-09-19,60811,13,0
2026-09-19,60924,13,0
2026-09-19,61002,13,0
2026-09-19,61041,13,0
2026-09-19,61123,13,0
2026-09-19,61180,13,0
2026-09-19,61373,13,0
2026-09-19,61457,13,0
2026-09-19,61476,13,0
2026-09-19,61495,13,0
2026-09-19,61506,13,0
2026-09-19,61577,13,0
2026-09-19,61578,13,0
2026-09-19,61582,13,0
2026-09-19,61584,13,0
2026-09-19,61586,13,0
2026-09-19,61638,13,0
2026-09-19,61775,13,0
2026-09-19,61910,13,0
2026-09-19,61922,13,0
2026-09-19,62153,13,0
2026-09-19,62156,13,0
2026-09-19,62264,13,0
2026-09-19,62301,13,0
2026-09-19,62399,13,0
2026-09-19,62423,13,0
2026-09-19,62566,13,0
2026-09-19,62580,13,0
2026-09-19,62599,13,0
2026-09-19,62664,13,0
2026-09-19,62680,13,0
2026-09-19,62683,13,0
2026-09-19,62685,13,0
2026-09-19,62726,13,0
2026-09-19,62898,13,0
2026-09-19,62931,13,0
2026-09-19,62974,13,0
2026-09-19,63063,13,0
2026-09-19,63082,13,0
2026-09-19,63090,13,0
2026-09-19,63236,13,0
2026-09-19,63367,13,0
2026-09-19,63370,13,0
2026-09-19,63416,13,0
2026-09-19,63436,13,0
2026-09-19,63575,13,0
2026-09-19,63580,13,0
2026-09-19,63617,13,0
2026-09-19,63709,13,0
2026-09-19,63714,13,0
2026-09-19,63769,13,0
2026-09-19,63813,13,0
2026-09-19,63967,13,0
2026-09-19,63981,13,0
2026-09-19,64059,13,0
2026-09-19,64092,13,0
2026-09-19,64167,13,0
2026-09-19,64691,13,0
2026-09-19,64802,13,0
2026-09-19,64830,13,0
2026-09-19,64860,13,0
2026-09-19,64906,13,0
2026-09-19,64908,13,0
2026-09-19,64934,13,0
2026-09-19,64978,13,0
2026-09-19,64980,13,0
2026-09-19,65097,13,0
2026-09-19,65101,13,0
2026-09-19,65146,13,0
2026-09-19,65188,13,0
2026-09-19,65240,13,0
2026-09-19,65396,13,0
2026-09-19,65498,13,1
2026-09-19,49213,12,0
2026-09-19,49225,12,0
2026-09-19,49229,12,0
2026-09-19,49249,12,0
2026-09-19,49258,12,0
2026-09-19,49533,12,0
2026-09-19,49542,12,0
2026-09-19,49642,12,0
2026-09-19,49655,12,0
2026-09-19,49657,12,0
2026-09-19,49669,12,0
2026-09-19,49770,12,0
2026-09-19,49773,12,0
2026-09-19,49886,12,0
2026-09-19,49890,12,0
2026-09-19,49896,12,0
2026-09-19,49960,12,0
2026-09-19,49982,12,0
2026-09-19,50073,12,0
2026-09-19,50079,12,0
2026-09-19,50086,12,0
2026-09-19,50088,12,0
2026-09-19,50219,12,0
2026-09-19,50228,12,0
2026-09-19,50494,12,0
2026-09-19,50624,12,0
2026-09-19,50687,12,0
2026-09-19,50752,12,0
2026-09-19,51055,12,0
2026-09-19,51070,12,0
2026-09-19,51092,12,0
2026-09-19,51135,12,0
2026-09-19,51177,12,0
2026-09-19,51343,12,0
2026-09-19,51483,12,0
2026-09-19,51612,12,0
2026-09-19,51632,12,0
2026-09-19,51638,12,0
2026-09-19,51773,12,0
2026-09-19,51861,12,0
2026-09-19,51889,12,0
2026-09-19,51988,12,0
2026-09-19,52260,12,0
2026-09-19,52274,12,0
2026-09-19,52468,12,0
2026-09-19,52591,12,0
2026-09-19,52672,12,0
2026-09-19,52748,12,0
2026-09-19,52784,12,0
2026-09-19,52821,12,0
2026-09-19,52846,12,0
2026-09-19,52880,12,0
2026-09-19,52910,12,0
2026-09-19,52950,12,0
2026-09-19,53370,12,0
2026-09-19,53378,12,0
2026-09-19,53388,12,0
2026-09-19,53393,12,0
2026-09-19,53444,12,0
2026-09-19,53586,12,0
2026-09-19,53649,12,0
2026-09-19,53705,12,0
2026-09-19,53774,12,0
2026-09-19,53782,12,0
2026-09-19,53799,12,0
2026-09-19,53828,12,0
2026-09-19,53919,12,0
2026-09-19,53968,12,0
2026-09-19,54068,12,0
2026-09-19,54249,12,0
2026-09-19,54349,12,0
2026-09-19,54583,12,0
2026-09-19,54608,12,0
2026-09-19,54643,12,0
2026-09-19,54829,12,0
2026-09-19,54830,12,0
2026-09-19,54920,12,0
2026-09-19,54996,12,0
2026-09-19,55132,12,0
2026-09-19,55186,12,0
2026-09-19,55190,12,0
2026-09-19,55339,12,0
2026-09-19,55424,12,0
2026-09-19,55751,12,0
2026-09-19,55810,12,0
2026-09-19,55949,12,0
2026-09-19,56010,12,0
2026-09-19,56019,12,0
2026-09-19,56154,12,0
2026-09-19,56214,12,0
2026-09-19,56351,12,0
2026-09-19,56525,12,0
2026-09-19,56674,12,0
2026-09-19,56710,12,0
2026-09-19,56712,12,0
2026-09-19,56833,12,0
2026-09-19,56982,12,0
2026-09-19,57014,12,0
2026-09-19,57081,12,0
2026-09-19,57119,12,0
2026-09-19,57133,12,0
2026-09-19,57161,12,0
2026-09-19,57275,12,0
2026-09-19,57293,12,0
2026-09-19,57710,12,0
2026-09-19,57894,12,0
2026-09-19,58124,12,0
2026-09-19,58176,12,0
2026-09-19,58362,12,0
2026-09-19,58628,12,0
2026-09-19,58647,12,0
2026-09-19,58652,12,0
2026-09-19,58692,12,0
2026-09-19,58784,12,0
2026-09-19,58796,12,0
2026-09-19,58840,12,0
2026-09-19,58859,12,0
2026-09-19,59132,12,0
2026-09-19,59164,12,0
2026-09-19,59409,12,0
2026-09-19,59433,12,0
2026-09-19,59548,12,0
2026-09-19,59834,12,0
2026-09-19,59856,12,0
2026-09-19,59858,12,0
2026-09-19,59888,12,0
2026-09-19,59933,12,0
2026-09-19,60027,12,0
2026-09-19,60052,12,0
2026-09-19,60055,12,0
2026-09-19,60058,12,0
2026-09-19,60236,12,0
2026-09-19,60258,12,0
2026-09-19,60281,12,0
2026-09-19,60298,12,0
2026-09-19,60489,12,0
2026-09-19,60492,12,0
2026-09-19,60515,12,0
2026-09-19,60529,12,0
2026-09-19,60557,12,0
2026-09-19,60577,12,0
2026-09-19,60579,12,0
2026-09-19,60778,12,0
2026-09-19,60826,12,0
2026-09-19,60915,12,0
2026-09-19,61018,12,0
2026-09-19,61276,12,0
2026-09-19,61374,12,0
2026-09-19,61417,12,0
2026-09-19,61559,12,0
2026-09-19,61575,12,0
2026-09-19,61618,12,0
2026-09-19,61686,12,0
2026-09-19,61796,12,0
2026-09-19,61856,12,0
2026-09-19,61890,12,0
2026-09-19,62095,12,0
2026-09-19,62149,12,0
2026-09-19,62343,12,0
2026-09-19,62611,12,0
2026-09-19,62638,12,0
2026-09-19,62649,12,0
2026-09-19,62802,12,0
2026-09-19,62840,12,0
2026-09-19,63036,12,0
2026-09-19,63080,12,0
2026-09-19,63146,12,0
2026-09-19,63180,12,0
2026-09-19,63187,12,0
2026-09-19,63234,12,0
2026-09-19,63486,12,0
2026-09-19,63656,12,0
2026-09-19,63683,12,0
2026-09-19,64093,12,0
2026-09-19,64133,12,0
2026-09-19,64134,12,0
2026-09-19,64156,12,0
2026-09-19,64342,12,0
2026-09-19,64351,12,0
2026-09-19,64429,12,0
2026-09-19,64595,12,0
2026-09-19,64640,12,0
2026-09-19,64696,12,0
2026-09-19,64735,12,0
2026-09-19,64878,12,0
2026-09-19,64885,12,0
2026-09-19,64935,12,0
2026-09-19,64938,12,0
2026-09-19,65177,12,0
2026-09-19,65230,12,0
2026-09-19,49453,11,0
2026-09-19,49637,11,0
2026-09-19,49754,11,0
2026-09-19,50108,11,0
2026-09-19,50157,11,0
2026-09-19,50196,11,0
2026-09-19,50645,11,0
2026-09-19,50783,11,0
2026-09-19,50863,11,0
2026-09-19,50923,11,0
2026-09-19,51086,11,0
2026-09-19,51650,11,0
2026-09-19,51653,11,0
2026-09-19,52004,11,0
2026-09-19,52301,11,0
2026-09-19,52354,11,0
2026-09-19,52524,11,0
2026-09-19,52620,11,0
2026-09-19,52943,11,0
2026-09-19,52959,11,0
2026-09-19,52990,11,0
2026-09-19,53088,11,0
2026-09-19,53210,11,0
2026-09-19,53390,11,0
2026-09-19,53455,11,0
2026-09-19,53547,11,0
2026-09-19,53633,11,0
2026-09-19,53664,11,0
2026-09-19,53795,11,0
2026-09-19,54054,11,0
2026-09-19,54132,11,0
2026-09-19,54136,11,0
2026-09-19,54156,11,0
2026-09-19,54308,11,0
2026-09-19,54344,11,0
2026-09-19,54421,11,0
2026-09-19,54766,11,0
2026-09-19,54792,11,0
2026-09-19,55014,11,0
2026-09-19,55025,11,0
2026-09-19,55058,11,0
2026-09-19,55576,11,0
2026-09-19,55829,11,0
2026-09-19,55837,11,0
2026-09-19,55851,11,0
2026-09-19,55932,11,0
2026-09-19,56364,11,0
2026-09-19,56448,11,0
2026-09-19,56794,11,0
2026-09-19,56929,11,0
2026-09-19,57287,11,0
2026-09-19,57351,11,0
2026-09-19,57521,11,0
2026-09-19,57530,11,0
2026-09-19,57660,11,0
2026-09-19,57695,11,0
2026-09-19,57854,11,0
2026-09-19,57931,11,0
2026-09-19,58042,11,0
2026-09-19,58151,11,0
2026-09-19,58180,11,0
2026-09-19,58261,11,0
2026-09-19,58520,11,0
2026-09-19,58525,11,0
2026-09-19,58678,11,0
2026-09-19,58810,11,0
2026-09-19,58908,11,0
2026-09-19,58910,11,0
2026-09-19,58998,11,0
2026-09-19,59113,11,0
2026-09-19,59229,11,0
2026-09-19,59336,11,0
2026-09-19,59417,11,0
2026-09-19,59422,11,0
2026-09-19,59425,11,0
2026-09-19,59444,11,0
2026-09-19,59524,11,0
2026-09-19,59714,11,0
2026-09-19,59755,11,0
2026-09-19,60145,11,0
2026-09-19,60241,11,0
2026-09-19,60598,11,0
2026-09-19,60683,11,0
2026-09-19,60744,11,0
2026-09-19,60758,11,0
2026-09-19,60776,11,0
2026-09-19,61181,11,0
2026-09-19,61248,11,0
2026-09-19,61354,11,0
2026-09-19,61917,11,0
2026-09-19,62040,11,0
2026-09-19,62144,11,0
2026-09-19,62306,11,0
2026-09-19,62428,11,0
2026-09-19,62524,11,0
2026-09-19,63012,11,0
2026-09-19,63091,11,0
2026-09-19,63530,11,0
2026-09-19,63550,11,0
2026-09-19,63933,11,0
2026-09-19,63962,11,0
2026-09-19,63971,11,0
2026-09-19,64320,11,0
2026-09-19,64358,11,0
2026-09-19,64529,11,0
2026-09-19,65173,11,0
2026-09-19,65245,11,0
2026-09-19,65259,11,0
2026-09-19,65534,11,0
2026-09-19,49161,10,0
2026-09-19,49983,10,0
2026-09-19,50251,10,0
2026-09-19,50377,10,0
2026-09-19,51245,10,0
2026-09-19,51627,10,0
2026-09-19,52564,10,0
2026-09-19,53126,10,0
2026-09-19,53136,10,0
2026-09-19,53433,10,0
2026-09-19,53854,10,0
2026-09-19,54365,10,0
2026-09-19,54519,10,0
2026-09-19,55042,10,0
2026-09-19,55495,10,0
2026-09-19,55757,10,0
2026-09-19,55884,10,0
2026-09-19,56852,10,0
2026-09-19,57160,10,0
2026-09-19,57176,10,0
2026-09-19,57282,10,0
2026-09-19,57461,10,0
2026-09-19,57926,10,0
2026-09-19,58169,10,0
2026-09-19,58550,10,0
2026-09-19,58588,10,0
2026-09-19,59018,10,0
2026-09-19,59057,10,0
2026-09-19,59790,10,0
2026-09-19,61450,10,0
2026-09-19,61499,10,0
2026-09-19,61624,10,0
2026-09-19,61790,10,0
2026-09-19,61798,10,0
2026-09-19,61819,10,0
2026-09-19,61857,10,0
2026-09-19,62029,10,0
2026-09-19,62230,10,0
2026-09-19,62495,10,0
2026-09-19,62497,10,0
2026-09-19,62516,10,0
2026-09-19,62801,10,0
2026-09-19,62846,10,0
2026-09-19,63057,10,0
2026-09-19,63764,10,0
2026-09-19,64276,10,0
2026-09-19,64286,10,0
2026-09-19,64807,10,0
2026-09-19,65077,10,0
2026-09-19,49469,9,0
2026-09-19,49556,9,0
2026-09-19,49861,9,0
2026-09-19,50119,9,0
2026-09-19,50831,9,0
2026-09-19,50842,9,0
2026-09-19,51150,9,0
2026-09-19,51569,9,0
2026-09-19,51570,9,0
2026-09-19,51571,9,0
2026-09-19,53310,9,0
2026-09-19,53381,9,0
2026-09-19,53417,9,0
2026-09-19,53978,9,0
2026-09-19,54043,9,0
2026-09-19,54067,9,0
2026-09-19,54254,9,0
2026-09-19,54816,9,0
2026-09-19,54959,9,0
2026-09-19,55122,9,0
2026-09-19,55140,9,0
2026-09-19,55321,9,0
2026-09-19,55686,9,0
2026-09-19,56870,9,0
2026-09-19,57101,9,0
2026-09-19,57235,9,0
2026-09-19,57255,9,0
2026-09-19,57541,9,0
2026-09-19,58127,9,0
2026-09-19,58912,9,0
2026-09-19,59058,9,0
2026-09-19,59149,9,0
2026-09-19,59538,9,0
2026-09-19,61169,9,0
2026-09-19,61193,9,0
2026-09-19,61267,9,0
2026-09-19,61398,9,0
2026-09-19,61579,9,0
2026-09-19,61924,9,0
2026-09-19,61985,9,0
2026-09-19,62028,9,0
2026-09-19,62105,9,0
2026-09-19,62268,9,0
2026-09-19,62330,9,0
2026-09-19,62363,9,0
2026-09-19,62675,9,0
2026-09-19,62684,9,0
2026-09-19,62791,9,0
2026-09-19,62882,9,0
2026-09-19,62947,9,0
2026-09-19,64622,9,0
2026-09-19,64844,9,0
2026-09-19,65288,9,0
2026-09-19,49293,8,0
2026-09-19,49650,8,0
2026-09-19,50422,8,0
2026-09-19,50841,8,0
2026-09-19,51405,8,0
2026-09-19,51432,8,0
2026-09-19,51669,8,0
2026-09-19,53312,8,0
2026-09-19,53691,8,0
2026-09-19,53768,8,0
2026-09-19,54389,8,0
2026-09-19,54733,8,0
2026-09-19,55813,8,0
2026-09-19,56062,8,0
2026-09-19,56308,8,0
2026-09-19,56692,8,0
2026-09-19,57288,8,0
2026-09-19,57515,8,0
2026-09-19,57651,8,0
2026-09-19,58604,8,0
2026-09-19,58660,8,0
2026-09-19,58690,8,0
2026-09-19,58853,8,0
2026-09-19,59156,8,0
2026-09-19,59225,8,0
2026-09-19,59368,8,0
2026-09-19,61151,8,0
2026-09-19,61732,8,0
2026-09-19,61914,8,0
2026-09-19,62019,8,0
2026-09-19,62097,8,0
2026-09-19,62119,8,0
2026-09-19,62215,8,0
2026-09-19,62233,8,0
2026-09-19,62270,8,0
2026-09-19,62291,8,0
2026-09-19,62292,8,0
2026-09-19,62536,8,0
2026-09-19,62615,8,0
2026-09-19,62677,8,0
2026-09-19,63003,8,0
2026-09-19,65022,8,0
2026-09-19,65148,8,0
2026-09-19,65281,8,0
2026-09-19,49766,7,3
2026-09-19,50016,7,0
2026-09-19,50306,7,0
2026-09-19,50392,7,0
2026-09-19,50498,7,0
2026-09-19,51080,7,0
2026-09-19,51176,7,0
2026-09-19,51178,7,0
2026-09-19,51287,7,0
2026-09-19,51393,7,0
2026-09-19,52374,7,0
2026-09-19,53447,7,0
2026-09-19,53514,7,0
2026-09-19,53709,7,0
2026-09-19,54255,7,0
2026-09-19,54263,7,0
2026-09-19,54304,7,0
2026-09-19,54537,7,0
2026-09-19,55130,7,0
2026-09-19,55236,7,0
2026-09-19,55437,7,0
2026-09-19,55494,7,0
2026-09-19,56157,7,0
2026-09-19,56198,7,0
2026-09-19,56764,7,0
2026-09-19,57440,7,0
2026-09-19,57584,7,0
2026-09-19,57655,7,0
2026-09-19,57786,7,0
2026-09-19,57945,7,0
2026-09-19,59043,7,0
2026-09-19,59371,7,0
2026-09-19,59992,7,0
2026-09-19,60044,7,0
2026-09-19,60409,7,0
2026-09-19,60496,7,0
2026-09-19,61449,7,0
2026-09-19,61645,7,0
2026-09-19,61803,7,0
2026-09-19,61902,7,0
2026-09-19,61979,7,0
2026-09-19,62018,7,0
2026-09-19,62110,7,0
2026-09-19,62202,7,0
2026-09-19,62567,7,0
2026-09-19,62612,7,0
2026-09-19,62676,7,0
2026-09-19,62678,7,0
2026-09-19,62679,7,0
2026-09-19,62878,7,0
2026-09-19,62976,7,0
2026-09-19,63204,7,0
2026-09-19,63514,7,0
2026-09-19,63886,7,0
2026-09-19,64091,7,0
2026-09-19,64380,7,0
2026-09-19,64692,7,0
2026-09-19,65377,7,0
2026-09-19,65460,7,0
2026-09-19,49864,6,0
2026-09-19,50095,6,0
2026-09-19,50113,6,0
2026-09-19,50159,6,0
2026-09-19,50515,6,0
2026-09-19,50729,6,0
2026-09-19,50916,6,0
2026-09-19,51247,6,0
2026-09-19,51248,6,0
2026-09-19,51286,6,0
2026-09-19,51318,6,0
2026-09-19,51701,6,0
2026-09-19,51777,6,0
2026-09-19,52783,6,0
2026-09-19,52994,6,0
2026-09-19,53159,6,0
2026-09-19,53309,6,0
2026-09-19,53460,6,0
2026-09-19,5355,6,0
2026-09-19,53599,6,0
2026-09-19,53601,6,0
2026-09-19,53733,6,0
2026-09-19,54280,6,0
2026-09-19,54352,6,0
2026-09-19,54390,6,0
2026-09-19,54879,6,0
2026-09-19,55117,6,0
2026-09-19,55388,6,0
2026-09-19,55496,6,0
2026-09-19,55648,6,0
2026-09-19,55816,6,0
2026-09-19,55820,6,0
2026-09-19,56339,6,0
2026-09-19,56649,6,0
2026-09-19,56658,6,0
2026-09-19,56848,6,0
2026-09-19,57020,6,0
2026-09-19,57032,6,0
2026-09-19,57115,6,0
2026-09-19,57118,6,0
2026-09-19,57126,6,0
2026-09-19,57127,6,0
2026-09-19,57453,6,0
2026-09-19,58083,6,0
2026-09-19,58223,6,0
2026-09-19,58254,6,0
2026-09-19,58695,6,0
2026-09-19,58732,6,0
2026-09-19,58737,6,0
2026-09-19,59130,6,0
2026-09-19,59131,6,0
2026-09-19,59178,6,0
2026-09-19,59252,6,0
2026-09-19,59475,6,0
2026-09-19,59564,6,0
2026-09-19,59728,6,0
2026-09-19,59734,6,0
2026-09-19,60120,6,0
2026-09-19,60370,6,0
2026-09-19,60380,6,0
2026-09-19,60425,6,0
2026-09-19,60482,6,0
2026-09-19,60673,6,0
2026-09-19,60876,6,0
2026-09-19,60919,6,0
2026-09-19,61129,6,0
2026-09-19,61153,6,0
2026-09-19,61163,6,0
2026-09-19,61764,6,0
2026-09-19,61789,6,0
2026-09-19,61807,6,0
2026-09-19,61816,6,0
2026-09-19,61825,6,0
2026-09-19,61868,6,0
2026-09-19,61889,6,0
2026-09-19,61909,6,0
2026-09-19,61941,6,0
2026-09-19,61948,6,0
2026-09-19,61957,6,0
2026-09-19,61971,6,0
2026-09-19,61982,6,0
2026-09-19,62006,6,0
2026-09-19,62037,6,0
2026-09-19,62150,6,0
2026-09-19,62154,6,0
2026-09-19,62162,6,0
2026-09-19,62183,6,0
2026-09-19,62203,6,0
2026-09-19,62207,6,0
2026-09-19,62282,6,0
2026-09-19,62326,6,0
2026-09-19,62345,6,0
2026-09-19,62357,6,0
2026-09-19,62517,6,0
2026-09-19,62532,6,0
2026-09-19,62631,6,0
2026-09-19,62993,6,0
2026-09-19,63117,6,0
2026-09-19,63225,6,0
2026-09-19,63302,6,0
2026-09-19,63558,6,0
2026-09-19,63884,6,0
2026-09-19,63950,6,0
2026-09-19,63990,6,0
2026-09-19,64159,6,0
2026-09-19,64209,6,0
2026-09-19,64682,6,0
2026-09-19,64706,6,0
2026-09-19,64709,6,0
2026-09-19,64877,6,0
2026-09-19,64882,6,0
2026-09-19,49673,5,0
2026-09-19,49695,5,0
2026-09-19,50092,5,0
2026-09-19,50353,5,0
2026-09-19,50408,5,0
2026-09-19,50780,5,0
2026-09-19,50853,5,0
2026-09-19,51078,5,0
2026-09-19,51114,5,0
2026-09-19,51770,5,0
2026-09-19,51994,5,0
2026-09-19,52054,5,0
2026-09-19,52419,5,0
2026-09-19,52485,5,0
2026-09-19,52841,5,0
2026-09-19,52889,5,0
2026-09-19,52914,5,0
2026-09-19,53177,5,0
2026-09-19,53215,5,0
2026-09-19,53585,5,0
2026-09-19,53654,5,0
2026-09-19,53875,5,0
2026-09-19,54020,5,0
2026-09-19,54122,5,0
2026-09-19,54871,5,0
2026-09-19,55127,5,0
2026-09-19,55255,5,0
2026-09-19,55286,5,0
2026-09-19,55538,5,0
2026-09-19,56246,5,0
2026-09-19,56506,5,0
2026-09-19,56617,5,0
2026-09-19,56622,5,0
2026-09-19,56771,5,0
2026-09-19,56990,5,0
2026-09-19,57159,5,0
2026-09-19,57174,5,0
2026-09-19,57278,5,0
2026-09-19,57339,5,0
2026-09-19,57527,5,0
2026-09-19,58019,5,0
2026-09-19,58648,5,0
2026-09-19,58701,5,0
2026-09-19,58913,5,0
2026-09-19,59887,5,0
2026-09-19,59957,5,0
2026-09-19,60763,5,0
2026-09-19,60845,5,0
2026-09-19,60921,5,0
2026-09-19,60932,5,0
2026-09-19,61020,5,0
2026-09-19,61022,5,0
2026-09-19,61198,5,0
2026-09-19,61265,5,0
2026-09-19,61352,5,0
2026-09-19,61399,5,0
2026-09-19,61484,5,0
2026-09-19,61563,5,0
2026-09-19,61763,5,0
2026-09-19,61784,5,0
2026-09-19,61791,5,0
2026-09-19,61824,5,0
2026-09-19,61852,5,0
2026-09-19,61853,5,0
2026-09-19,61950,5,0
2026-09-19,61970,5,0
2026-09-19,61975,5,0
2026-09-19,62010,5,0
2026-09-19,62023,5,0
2026-09-19,62034,5,0
2026-09-19,62035,5,0
2026-09-19,62111,5,0
2026-09-19,62121,5,0
2026-09-19,62164,5,0
2026-09-19,62252,5,0
2026-09-19,62258,5,0
2026-09-19,62273,5,0
2026-09-19,62274,5,0
2026-09-19,62285,5,0
2026-09-19,62546,5,0
2026-09-19,62549,5,0
2026-09-19,62604,5,0
2026-09-19,63261,5,0
2026-09-19,63351,5,0
2026-09-19,63578,5,0
2026-09-19,64268,5,0
2026-09-19,64445,5,0
2026-09-19,64471,5,0
2026-09-19,64604,5,0
2026-09-19,64681,5,0
2026-09-19,64806,5,0
2026-09-19,65234,5,0
2026-09-19,65243,5,0
2026-09-19,65248,5,0
2026-09-19,65313,5,0
2026-09-19,49439,4,0
2026-09-19,49570,4,0
2026-09-19,49709,4,0
2026-09-19,49942,4,0
2026-09-19,50063,4,0
2026-09-19,50096,4,0
2026-09-19,50167,4,0
2026-09-19,50304,4,0
2026-09-19,50338,4,0
2026-09-19,50478,4,0
2026-09-19,50500,4,0
2026-09-19,50791,4,0
2026-09-19,51075,4,0
2026-09-19,51170,4,0
2026-09-19,51261,4,0
2026-09-19,51461,4,0
2026-09-19,51755,4,0
2026-09-19,51771,4,0
2026-09-19,51922,4,0
2026-09-19,52225,4,0
2026-09-19,52363,4,0
2026-09-19,52421,4,0
2026-09-19,53305,4,0
2026-09-19,53334,4,0
2026-09-19,53385,4,0
2026-09-19,53386,4,0
2026-09-19,53387,4,0
2026-09-19,53416,4,0
2026-09-19,53520,4,0
2026-09-19,53815,4,0
2026-09-19,54093,4,0
2026-09-19,54199,4,0
2026-09-19,54200,4,0
2026-09-19,54450,4,0
2026-09-19,54657,4,0
2026-09-19,55235,4,0
2026-09-19,55567,4,0
2026-09-19,55659,4,0
2026-09-19,55819,4,0
2026-09-19,56022,4,0
2026-09-19,56039,4,0
2026-09-19,56150,4,0
2026-09-19,56152,4,0
2026-09-19,56158,4,0
2026-09-19,56160,4,0
2026-09-19,56252,4,0
2026-09-19,56275,4,0
2026-09-19,56700,4,0
2026-09-19,57065,4,0
2026-09-19,57129,4,0
2026-09-19,57374,4,0
2026-09-19,57417,4,0
2026-09-19,57709,4,0
2026-09-19,57892,4,0
2026-09-19,58270,4,0
2026-09-19,58293,4,0
2026-09-19,58382,4,0
2026-09-19,58433,4,0
2026-09-19,58437,4,0
2026-09-19,58699,4,0
2026-09-19,58749,4,0
2026-09-19,58776,4,0
2026-09-19,58926,4,0
2026-09-19,59109,4,0
2026-09-19,59801,4,0
2026-09-19,59894,4,0
2026-09-19,60108,4,0
2026-09-19,60243,4,0
2026-09-19,60502,4,0
2026-09-19,60560,4,0
2026-09-19,60757,4,0
2026-09-19,60812,4,0
2026-09-19,60863,4,0
2026-09-19,61001,4,0
2026-09-19,61017,4,0
2026-09-19,61155,4,0
2026-09-19,61156,4,0
2026-09-19,61157,4,0
2026-09-19,61182,4,0
2026-09-19,61287,4,0
2026-09-19,61381,4,0
2026-09-19,61570,4,0
2026-09-19,61817,4,0
2026-09-19,61849,4,0
2026-09-19,61850,4,0
2026-09-19,61892,4,0
2026-09-19,61904,4,0
2026-09-19,61953,4,0
2026-09-19,61980,4,0
2026-09-19,61994,4,0
2026-09-19,62001,4,0
2026-09-19,62008,4,0
2026-09-19,62014,4,0
2026-09-19,62059,4,0
2026-09-19,62090,4,0
2026-09-19,62103,4,0
2026-09-19,62106,4,0
2026-09-19,62120,4,0
2026-09-19,62214,4,0
2026-09-19,62314,4,0
2026-09-19,62335,4,0
2026-09-19,62606,4,0
2026-09-19,62796,4,0
2026-09-19,62826,4,0
2026-09-19,63178,4,0
2026-09-19,63298,4,0
2026-09-19,63469,4,0
2026-09-19,63489,4,0
2026-09-19,63766,4,0
2026-09-19,64296,4,0
2026-09-19,64685,4,0
2026-09-19,64973,4,0
2026-09-19,65242,4,0
2026-09-19,65314,4,0
2026-09-19,65382,4,0
2026-09-19,65501,4,0
2026-09-19,49357,3,0
2026-09-19,49522,3,0
2026-09-19,49525,3,0
2026-09-19,49805,3,0
2026-09-19,49823,3,0
2026-09-19,49847,3,0
2026-09-19,50183,3,0
2026-09-19,50282,3,0
2026-09-19,50313,3,0
2026-09-19,50315,3,0
2026-09-19,50927,3,0
2026-09-19,51748,3,0
2026-09-19,51765,3,0
2026-09-19,51867,3,0
2026-09-19,52170,3,0
2026-09-19,52318,3,0
2026-09-19,52338,3,0
2026-09-19,52473,3,0
2026-09-19,52491,3,0
2026-09-19,52530,3,0
2026-09-19,52545,3,0
2026-09-19,52573,3,0
2026-09-19,52814,3,0
2026-09-19,53181,3,0
2026-09-19,53530,3,0
2026-09-19,53607,3,0
2026-09-19,54575,3,0
2026-09-19,54825,3,0
2026-09-19,55040,3,0
2026-09-19,55609,3,0
2026-09-19,55627,3,0
2026-09-19,56101,3,0
2026-09-19,56149,3,0
2026-09-19,56153,3,0
2026-09-19,56165,3,0
2026-09-19,56609,3,0
2026-09-19,56772,3,0
2026-09-19,56873,3,0
2026-09-19,57401,3,0
2026-09-19,57406,3,0
2026-09-19,57498,3,0
2026-09-19,57582,3,0
2026-09-19,57631,3,0
2026-09-19,57778,3,0
2026-09-19,57851,3,0
2026-09-19,58150,3,0
2026-09-19,58715,3,0
2026-09-19,58747,3,0
2026-09-19,58925,3,0
2026-09-19,59069,3,0
2026-09-19,59138,3,0
2026-09-19,59587,3,0
2026-09-19,59667,3,0
2026-09-19,59736,3,1
2026-09-19,59900,3,0
2026-09-19,59965,3,0
2026-09-19,60728,3,0
2026-09-19,60750,3,0
2026-09-19,60760,3,0
2026-09-19,60914,3,0
2026-09-19,60920,3,0
2026-09-19,60922,3,0
2026-09-19,61479,3,0
2026-09-19,61779,3,0
2026-09-19,61788,3,0
2026-09-19,61836,3,0
2026-09-19,61837,3,0
2026-09-19,61876,3,0
2026-09-19,61898,3,0
2026-09-19,61920,3,0
2026-09-19,61925,3,0
2026-09-19,61944,3,0
2026-09-19,61946,3,0
2026-09-19,61958,3,0
2026-09-19,61965,3,0
2026-09-19,61967,3,0
2026-09-19,61986,3,0
2026-09-19,61999,3,0
2026-09-19,62009,3,0
2026-09-19,62045,3,0
2026-09-19,62051,3,0
2026-09-19,62070,3,0
2026-09-19,62071,3,0
2026-09-19,62077,3,0
2026-09-19,62093,3,0
2026-09-19,62109,3,0
2026-09-19,62143,3,0
2026-09-19,62146,3,0
2026-09-19,62152,3,0
2026-09-19,62174,3,0
2026-09-19,62213,3,0
2026-09-19,62250,3,0
2026-09-19,62259,3,0
2026-09-19,62284,3,0
2026-09-19,62308,3,0
2026-09-19,62321,3,0
2026-09-19,62349,3,0
2026-09-19,62374,3,0
2026-09-19,62597,3,0
2026-09-19,62603,3,0
2026-09-19,62605,3,0
2026-09-19,62738,3,0
2026-09-19,63099,3,0
2026-09-19,63153,3,0
2026-09-19,63371,3,0
2026-09-19,63762,3,0
2026-09-19,63847,3,0
2026-09-19,63986,3,0
2026-09-19,64042,3,0
2026-09-19,64106,3,0
2026-09-19,64576,3,0
2026-09-19,64697,3,0
2026-09-19,64740,3,0
2026-09-19,64800,3,0
2026-09-19,64864,3,0
2026-09-19,64880,3,0
2026-09-19,68,3,0
2026-09-19,27015,2,0
2026-09-19,49318,2,0
2026-09-19,49550,2,0
2026-09-19,49558,2,0
2026-09-19,49675,2,0
2026-09-19,49860,2,0
2026-09-19,49916,2,0
2026-09-19,49979,2,0
2026-09-19,49986,2,0
2026-09-19,50199,2,0
2026-09-19,50421,2,0
2026-09-19,50607,2,0
2026-09-19,50782,2,0
2026-09-19,50808,2,0
2026-09-19,50812,2,0
2026-09-19,50907,2,0
2026-09-19,51130,2,0
2026-09-19,51244,2,0
2026-09-19,51417,2,0
2026-09-19,51419,2,0
2026-09-19,51527,2,0
2026-09-19,51875,2,0
2026-09-19,51937,2,0
2026-09-19,52012,2,0
2026-09-19,52048,2,0
2026-09-19,52100,2,0
2026-09-19,52123,2,0
2026-09-19,52231,2,0
2026-09-19,52348,2,0
2026-09-19,52449,2,0
2026-09-19,52482,2,0
2026-09-19,52523,2,0
2026-09-19,52589,2,0
2026-09-19,52691,2,0
2026-09-19,52842,2,0
2026-09-19,52894,2,0
2026-09-19,52998,2,0
2026-09-19,53389,2,0
2026-09-19,53581,2,0
2026-09-19,53975,2,0
2026-09-19,54102,2,0
2026-09-19,54163,2,0
2026-09-19,54166,2,0
2026-09-19,54347,2,0
2026-09-19,54429,2,0
2026-09-19,54502,2,0
2026-09-19,54631,2,0
2026-09-19,54653,2,0
2026-09-19,54742,2,0
2026-09-19,54744,2,0
2026-09-19,54793,2,0
2026-09-19,54944,2,0
2026-09-19,55160,2,0
2026-09-19,55351,2,0
2026-09-19,55484,2,0
2026-09-19,55578,2,0
2026-09-19,55710,2,0
2026-09-19,56025,2,0
2026-09-19,56102,2,0
2026-09-19,56333,2,0
2026-09-19,56385,2,0
2026-09-19,56548,2,0
2026-09-19,56659,2,0
2026-09-19,56668,2,0
2026-09-19,56766,2,0
2026-09-19,56865,2,0
2026-09-19,56899,2,0
2026-09-19,56903,2,0
2026-09-19,56911,2,0
2026-09-19,56915,2,0
2026-09-19,56918,2,0
2026-09-19,56956,2,0
2026-09-19,56983,2,0
2026-09-19,57187,2,0
2026-09-19,57352,2,0
2026-09-19,57474,2,0
2026-09-19,57537,2,0
2026-09-19,57589,2,0
2026-09-19,57645,2,0
2026-09-19,57712,2,0
2026-09-19,57754,2,0
2026-09-19,57773,2,0
2026-09-19,57845,2,0
2026-09-19,57950,2,0
2026-09-19,58143,2,0
2026-09-19,58302,2,0
2026-09-19,58346,2,0
2026-09-19,58351,2,0
2026-09-19,58427,2,0
2026-09-19,58574,2,0
2026-09-19,58672,2,0
2026-09-19,58680,2,0
2026-09-19,58696,2,0
2026-09-19,58697,2,0
2026-09-19,58711,2,0
2026-09-19,58716,2,0
2026-09-19,58745,2,0
2026-09-19,59041,2,0
2026-09-19,59045,2,0
2026-09-19,59080,2,0
2026-09-19,59335,2,0
2026-09-19,59508,2,0
2026-09-19,59537,2,0
2026-09-19,59629,2,0
2026-09-19,59676,2,0
2026-09-19,59867,2,0
2026-09-19,60312,2,0
2026-09-19,60561,2,0
2026-09-19,60615,2,0
2026-09-19,60624,2,0
2026-09-19,60638,2,0
2026-09-19,60698,2,0
2026-09-19,60782,2,0
2026-09-19,61019,2,0
2026-09-19,61062,2,0
2026-09-19,61088,2,0
2026-09-19,61141,2,0
2026-09-19,61202,2,0
2026-09-19,61281,2,0
2026-09-19,61304,2,0
2026-09-19,61306,2,0
2026-09-19,61315,2,0
2026-09-19,61481,2,0
2026-09-19,61644,2,0
2026-09-19,61815,2,0
2026-09-19,61901,2,0
2026-09-19,61906,2,0
2026-09-19,61929,2,0
2026-09-19,61930,2,0
2026-09-19,61960,2,0
2026-09-19,61961,2,0
2026-09-19,61987,2,0
2026-09-19,61991,2,0
2026-09-19,61998,2,0
2026-09-19,62007,2,0
2026-09-19,62012,2,0
2026-09-19,62021,2,0
2026-09-19,62030,2,0
2026-09-19,62032,2,0
2026-09-19,62048,2,0
2026-09-19,62057,2,0
2026-09-19,62063,2,0
2026-09-19,62068,2,0
2026-09-19,62082,2,0
2026-09-19,62085,2,0
2026-09-19,62096,2,0
2026-09-19,62101,2,0
2026-09-19,62112,2,0
2026-09-19,62123,2,0
2026-09-19,62128,2,0
2026-09-19,62155,2,0
2026-09-19,62158,2,0
2026-09-19,62172,2,0
2026-09-19,62189,2,0
2026-09-19,62194,2,0
2026-09-19,62199,2,0
2026-09-19,62201,2,0
2026-09-19,62206,2,0
2026-09-19,62216,2,0
2026-09-19,62219,2,0
2026-09-19,62293,2,0
2026-09-19,62295,2,0
2026-09-19,62297,2,0
2026-09-19,62304,2,0
2026-09-19,62320,2,0
2026-09-19,62333,2,0
2026-09-19,62344,2,0
2026-09-19,62390,2,0
2026-09-19,62425,2,0
2026-09-19,62577,2,0
2026-09-19,62587,2,0
2026-09-19,62613,2,0
2026-09-19,62715,2,0
2026-09-19,62762,2,0
2026-09-19,62835,2,0
2026-09-19,62851,2,0
2026-09-19,63074,2,0
2026-09-19,63104,2,0
2026-09-19,63118,2,0
2026-09-19,63157,2,0
2026-09-19,63215,2,0
2026-09-19,63242,2,0
2026-09-19,63473,2,0
2026-09-19,63475,2,0
2026-09-19,63501,2,0
2026-09-19,63527,2,0
2026-09-19,63532,2,0
2026-09-19,63708,2,0
2026-09-19,64098,2,0
2026-09-19,64266,2,0
2026-09-19,64328,2,0
2026-09-19,64661,2,0
2026-09-19,64683,2,0
2026-09-19,64686,2,0
2026-09-19,64688,2,0
2026-09-19,64738,2,2
2026-09-19,64751,2,0
2026-09-19,64992,2,0
2026-09-19,64997,2,0
2026-09-19,65019,2,0
2026-09-19,65034,2,0
2026-09-19,65049,2,0
2026-09-19,65130,2,0
2026-09-19,65136,2,0
2026-09-19,65336,2,0
2026-09-19,65355,2,0
2026-09-19,65410,2,0
2026-09-19,65416,2,0
2026-09-19,65419,2,0
2026-09-19,7778,2,2
2026-09-19,49526,1,0
2026-09-19,49928,1,0
2026-09-19,49980,1,0
2026-09-19,50168,1,0
2026-09-19,50213,1,0
2026-09-19,50357,1,0
2026-09-19,50451,1,0
2026-09-19,50557,1,0
2026-09-19,50883,1,0
2026-09-19,50933,1,0
2026-09-19,51034,1,0
2026-09-19,51087,1,0
2026-09-19,51118,1,0
2026-09-19,51161,1,0
2026-09-19,51188,1,0
2026-09-19,51757,1,0
2026-09-19,52316,1,0
2026-09-19,52335,1,0
2026-09-19,52427,1,0
2026-09-19,52446,1,0
2026-09-19,52714,1,0
2026-09-19,52768,1,0
2026-09-19,52920,1,0
2026-09-19,52991,1,0
2026-09-19,53127,1,0
2026-09-19,53418,1,0
2026-09-19,53627,1,0
2026-09-19,53760,1,0
2026-09-19,53769,1,0
2026-09-19,53800,1,0
2026-09-19,53801,1,0
2026-09-19,53863,1,0
2026-09-19,53903,1,0
2026-09-19,54119,1,0
2026-09-19,54143,1,0
2026-09-19,54167,1,0
2026-09-19,54314,1,0
2026-09-19,54315,1,0
2026-09-19,54350,1,0
2026-09-19,54436,1,0
2026-09-19,54439,1,0
2026-09-19,54506,1,0
2026-09-19,54589,1,0
2026-09-19,54699,1,0
2026-09-19,54710,1,0
2026-09-19,55110,1,0
2026-09-19,55177,1,0
2026-09-19,55181,1,0
2026-09-19,55191,1,0
2026-09-19,55254,1,0
2026-09-19,55476,1,0
2026-09-19,55649,1,0
2026-09-19,55857,1,0
2026-09-19,55946,1,0
2026-09-19,55947,1,0
2026-09-19,55964,1,0
2026-09-19,55999,1,0
2026-09-19,56007,1,0
2026-09-19,56087,1,0
2026-09-19,56097,1,0
2026-09-19,56192,1,0
2026-09-19,56253,1,0
2026-09-19,56402,1,0
2026-09-19,56459,1,0
2026-09-19,56802,1,0
2026-09-19,56976,1,0
2026-09-19,57105,1,0
2026-09-19,57409,1,0
2026-09-19,57966,1,0
2026-09-19,57984,1,0
2026-09-19,58054,1,0
2026-09-19,58472,1,0
2026-09-19,58527,1,0
2026-09-19,58591,1,0
2026-09-19,58673,1,0
2026-09-19,58676,1,0
2026-09-19,58686,1,0
2026-09-19,58726,1,0
2026-09-19,58734,1,0
2026-09-19,58744,1,0
2026-09-19,58746,1,0
2026-09-19,58930,1,0
2026-09-19,59158,1,0
2026-09-19,59303,1,0
2026-09-19,59500,1,0
2026-09-19,59627,1,0
2026-09-19,59732,1,0
2026-09-19,59761,1,0
2026-09-19,59795,1,0
2026-09-19,59854,1,0
2026-09-19,59903,1,0
2026-09-19,59960,1,0
2026-09-19,59964,1,0
2026-09-19,59983,1,0
2026-09-19,60022,1,0
2026-09-19,60069,1,0
2026-09-19,60188,1,0
2026-09-19,60295,1,0
2026-09-19,60599,1,0
2026-09-19,60630,1,0
2026-09-19,60636,1,0
2026-09-19,60821,1,0
2026-09-19,60877,1,0
2026-09-19,60918,1,0
2026-09-19,61222,1,0
2026-09-19,61310,1,0
2026-09-19,61324,1,0
2026-09-19,61640,1,0
2026-09-19,61641,1,0
2026-09-19,61642,1,0
2026-09-19,61754,1,0
2026-09-19,61767,1,0
2026-09-19,61778,1,0
2026-09-19,61808,1,0
2026-09-19,61851,1,0
2026-09-19,61855,1,0
2026-09-19,61880,1,0
2026-09-19,61895,1,0
2026-09-19,61896,1,0
2026-09-19,61928,1,0
2026-09-19,61951,1,0
2026-09-19,61966,1,0
2026-09-19,62013,1,0
2026-09-19,62020,1,0
2026-09-19,62025,1,0
2026-09-19,62033,1,0
2026-09-19,62065,1,0
2026-09-19,62076,1,0
2026-09-19,62081,1,0
2026-09-19,62092,1,0
2026-09-19,62099,1,0
2026-09-19,62122,1,0
2026-09-19,62137,1,0
2026-09-19,62145,1,0
2026-09-19,62151,1,0
2026-09-19,62157,1,0
2026-09-19,62190,1,0
2026-09-19,62198,1,0
2026-09-19,62241,1,0
2026-09-19,62256,1,0
2026-09-19,62275,1,0
2026-09-19,62294,1,0
2026-09-19,62298,1,0
2026-09-19,62309,1,0
2026-09-19,62325,1,0
2026-09-19,62338,1,0
2026-09-19,62341,1,0
2026-09-19,62353,1,0
2026-09-19,62359,1,0
2026-09-19,62541,1,0
2026-09-19,62568,1,0
2026-09-19,62582,1,0
2026-09-19,62761,1,0
2026-09-19,62816,1,0
2026-09-19,63004,1,0
2026-09-19,63042,1,0
2026-09-19,63069,1,0
2026-09-19,63155,1,0
2026-09-19,63422,1,0
2026-09-19,63670,1,0
2026-09-19,63700,1,0
2026-09-19,63752,1,0
2026-09-19,63843,1,0
2026-09-19,63852,1,0
2026-09-19,63897,1,0
2026-09-19,64027,1,0
2026-09-19,64297,1,0
2026-09-19,64476,1,0
2026-09-19,64477,1,0
2026-09-19,64618,1,0
2026-09-19,64689,1,0
2026-09-19,64747,1,0
2026-09-19,65120,1,0
2026-09-19,65134,1,0
2026-09-19,65239,1,0
2026-09-19,65241,1,0
2026-09-19,65411,1,0
2026-09-19,65503,1,0
2026-09-22,7777,280062547,7714946
2026-09-22,49951,1511095,0
2026-09-22,51111,1439811,0
2026-09-22,8888,1264062,0
2026-09-22,51425,911312,0
2026-09-22,50922,605128,0
2026-09-22,50575,461064,0
2026-09-22,51746,307439,0
2026-09-22,50718,233450,0
2026-09-22,51654,181394,0
2026-09-22,51113,128659,0
2026-09-22,10000,118010,4
2026-09-22,3389,112419,0
2026-09-22,49717,89377,0
2026-09-22,51427,88926,0
2026-09-22,51098,83522,0
2026-09-22,49946,81250,0
2026-09-22,51097,77096,0
2026-09-22,51409,57768,0
2026-09-22,51424,57338,0
2026-09-22,51225,57100,0
2026-09-22,49966,54842,0
2026-09-22,51442,53877,0
2026-09-22,49947,52549,0
2026-09-22,49933,51387,0
2026-09-22,50929,50103,0
2026-09-22,50921,40411,0
2026-09-22,50904,40125,0
2026-09-22,50700,34301,0
2026-09-22,50560,31120,0
2026-09-22,51888,30149,0
2026-09-22,50556,27900,0
2026-09-22,49758,26984,0
2026-09-22,50574,23817,0
2026-09-22,51230,23102,0
2026-09-22,51500,21779,0
2026-09-22,51730,19946,0
2026-09-22,50914,19907,0
2026-09-22,51417,19550,0
2026-09-22,51748,19533,0
2026-09-22,50098,19314,0
2026-09-22,51267,18638,0
2026-09-22,51037,18529,0
2026-09-22,50720,16995,0
2026-09-22,51107,16973,0
2026-09-22,51106,16927,0
2026-09-22,50200,16791,0
2026-09-22,50127,16563,0
2026-09-22,51740,16128,0
2026-09-22,50205,15571,0
2026-09-22,51744,15437,0
2026-09-22,50712,15339,0
2026-09-22,51418,15090,0
2026-09-22,51177,14005,0
2026-09-22,49940,13155,0
2026-09-22,51016,12103,0
2026-09-22,51647,11571,0
2026-09-22,51656,10918,0
2026-09-22,56167,9786,0
2026-09-22,50568,9726,0
2026-09-22,51377,9631,0
2026-09-22,50827,9628,0
2026-09-22,50913,9533,0
2026-09-22,59055,9390,0
2026-09-22,50569,9263,0
2026-09-22,51641,9252,0
2026-09-22,51642,8897,0
2026-09-22,51823,8313,0
2026-09-22,50713,8135,0
2026-09-22,51110,8050,0
2026-09-22,51525,7750,0
2026-09-22,50267,7358,0
2026-09-22,51690,6400,0
2026-09-22,50702,6090,0
2026-09-22,51392,5873,0
2026-09-22,50832,5712,0
2026-09-22,49965,5257,0
2026-09-22,49939,5122,0
2026-09-22,51463,4800,0
2026-09-22,50762,4339,0
2026-09-22,50711,3992,0
2026-09-22,51332,3471,0
2026-09-22,51874,3402,0
2026-09-22,51648,3018,0
2026-09-22,50633,2838,0
2026-09-22,51886,2826,0
2026-09-22,51794,2672,0
2026-09-22,50986,2591,0
2026-09-22,51549,2444,0
2026-09-22,49859,2320,0
2026-09-22,49760,2271,0
2026-09-22,64158,2144,0
2026-09-22,49761,1996,0
2026-09-22,51880,1795,0
2026-09-22,5353,1795,0
2026-09-22,49752,1782,0
2026-09-22,49746,1755,0
2026-09-22,1900,1749,66
2026-09-22,51893,1735,0
2026-09-22,64912,1428,0
2026-09-22,54336,1322,0
2026-09-22,50180,1303,0
2026-09-22,55294,1276,0
2026-09-22,51753,1201,0
2026-09-22,51068,1186,0
2026-09-22,51691,1104,0
2026-09-22,59518,1097,0
2026-09-22,51692,1092,0
2026-09-22,51693,1090,0
2026-09-22,51694,1090,0
2026-09-22,51157,1086,0
2026-09-22,51809,1010,0
2026-09-22,62010,1008,0
2026-09-22,5678,956,956
2026-09-22,56246,945,0
2026-09-22,50647,942,0
2026-09-22,51931,907,0
2026-09-22,50652,823,0
2026-09-22,49950,684,0
2026-09-22,50573,680,0
2026-09-22,50072,675,0
2026-09-22,51697,662,0
2026-09-22,49569,654,0
2026-09-22,50825,642,0
2026-09-22,50766,625,0
2026-09-22,51655,551,0
2026-09-22,51889,550,0
2026-09-22,50522,549,0
2026-09-22,49901,547,0
2026-09-22,50719,546,0
2026-09-22,51426,545,0
2026-09-22,50520,544,0
2026-09-22,50924,543,0
2026-09-22,51954,543,0
2026-09-22,51129,542,0
2026-09-22,51289,542,0
2026-09-22,50119,535,0
2026-09-22,49888,526,0
2026-09-22,51004,518,0
2026-09-22,51222,516,0
2026-09-22,50906,495,0
2026-09-22,51130,494,0
2026-09-22,50076,491,0
2026-09-22,51939,480,0
2026-09-22,50067,479,0
2026-09-22,51100,452,0
2026-09-22,51290,449,0
2026-09-22,50510,439,0
2026-09-22,51899,439,0
2026-09-22,49887,438,0
2026-09-22,49869,417,0
2026-09-22,51223,414,0
2026-09-22,51508,412,0
2026-09-22,51125,408,0
2026-09-22,50053,404,0
2026-09-22,51306,404,0
2026-09-22,51221,403,0
2026-09-22,51003,385,0
2026-09-22,51414,385,0
2026-09-22,50595,368,0
2026-09-22,51764,363,0
2026-09-22,50123,353,0
2026-09-22,51054,350,0
2026-09-22,51835,341,0
2026-09-22,50187,338,0
2026-09-22,50673,328,0
2026-09-22,51369,328,0
2026-09-22,49886,323,0
2026-09-22,50341,322,0
2026-09-22,51652,317,0
2026-09-22,51053,314,0
2026-09-22,51736,313,0
2026-09-22,51024,308,0
2026-09-22,50309,306,0
2026-09-22,51881,306,0
2026-09-22,60034,306,0
2026-09-22,61824,298,0
2026-09-22,51368,297,0
2026-09-22,50782,291,0
2026-09-22,50173,285,0
2026-09-22,51636,279,0
2026-09-22,51451,268,0
2026-09-22,50649,267,0
2026-09-22,50852,265,0
2026-09-22,63229,263,0
2026-09-22,50014,262,0
2026-09-22,50597,261,0
2026-09-22,50108,260,0
2026-09-22,50920,260,0
2026-09-22,49661,258,0
2026-09-22,50796,255,0
2026-09-22,50228,254,0
2026-09-22,50269,254,0
2026-09-22,51813,252,0
2026-09-22,51152,242,0
2026-09-22,50045,238,0
2026-09-22,50563,237,0
2026-09-22,55171,236,0
2026-09-22,51552,233,0
2026-09-22,51596,233,0
2026-09-22,50971,232,0
2026-09-22,49953,229,1
2026-09-22,51253,228,0
2026-09-22,51199,227,0
2026-09-22,50928,218,0
2026-09-22,50521,216,0
2026-09-22,55147,216,0
2026-09-22,50251,213,0
2026-09-22,49454,212,0
2026-09-22,50815,207,0
2026-09-22,51413,191,0
2026-09-22,51649,180,0
2026-09-22,50193,178,0
2026-09-22,50691,174,0
2026-09-22,51133,174,0
2026-09-22,50801,173,0
2026-09-22,51885,170,0
2026-09-22,51481,167,0
2026-09-22,51747,167,0
2026-09-22,50170,166,0
2026-09-22,50705,166,0
2026-09-22,57794,166,0
2026-09-22,51012,162,0
2026-09-22,50273,159,0
2026-09-22,55041,158,0
2026-09-22,51518,146,0
2026-09-22,59015,146,0
2026-09-22,50674,145,0
2026-09-22,51814,144,0
2026-09-22,50564,143,0
2026-09-22,51079,140,0
2026-09-22,59698,137,0
2026-09-22,50966,135,0
2026-09-22,50840,133,0
2026-09-22,51099,133,0
2026-09-22,51774,133,0
2026-09-22,51942,132,0
2026-09-22,51557,130,0
2026-09-22,51739,125,0
2026-09-22,51383,124,0
2026-09-22,51452,124,0
2026-09-22,62779,120,0
2026-09-22,49753,112,0
2026-09-22,51953,107,0
2026-09-22,59602,106,0
2026-09-22,49895,104,0
2026-09-22,49900,103,0
2026-09-22,50841,102,0
2026-09-22,51674,102,0
2026-09-22,50502,98,0
2026-09-22,51410,98,0
2026-09-22,58610,98,0
2026-09-22,61896,98,0
2026-09-22,53083,96,0
2026-09-22,50706,93,0
2026-09-22,50206,90,0
2026-09-22,51389,86,0
2026-09-22,51745,86,0
2026-09-22,62945,86,0
2026-09-22,51759,83,0
2026-09-22,54864,82,0
2026-09-22,51311,80,0
2026-09-22,51873,80,0
2026-09-22,59719,80,0
2026-09-22,51431,79,0
2026-09-22,51725,79,0
2026-09-22,49757,78,0
2026-09-22,51091,78,0
2026-09-22,54903,78,0
2026-09-22,57600,78,0
2026-09-22,50994,76,0
2026-09-22,51707,76,0
2026-09-22,51790,76,0
2026-09-22,53437,76,0
2026-09-22,51087,75,0
2026-09-22,50626,74,0
2026-09-22,51268,74,0
2026-09-22,51275,74,0
2026-09-22,57090,74,0
2026-09-22,59357,74,0
2026-09-22,49889,72,0
2026-09-22,51220,72,0
2026-09-22,51430,72,0
2026-09-22,51503,71,0
2026-09-22,51850,70,0
2026-09-22,52133,70,0
2026-09-22,51558,69,0
2026-09-22,51351,68,0
2026-09-22,54624,68,0
2026-09-22,50783,66,0
2026-09-22,51534,66,0
2026-09-22,61211,66,0
2026-09-22,50513,65,0
2026-09-22,51466,65,0
2026-09-22,51116,64,0
2026-09-22,51169,64,0
2026-09-22,51374,64,0
2026-09-22,56684,64,0
2026-09-22,50680,63,0
2026-09-22,68,63,0
2026-09-22,51041,62,0
2026-09-22,51760,62,0
2026-09-22,51891,62,0
2026-09-22,51448,61,0
2026-09-22,49721,60,0
2026-09-22,51064,60,0
2026-09-22,59750,60,0
2026-09-22,61695,60,0
2026-09-22,50619,59,0
2026-09-22,51488,59,0
2026-09-22,51538,59,0
2026-09-22,51653,59,0
2026-09-22,51626,58,0
2026-09-22,60745,58,0
2026-09-22,65507,58,0
2026-09-22,49215,57,0
2026-09-22,50596,56,0
2026-09-22,51027,56,0
2026-09-22,51566,56,0
2026-09-22,51675,56,0
2026-09-22,51761,56,0
2026-09-22,51846,56,0
2026-09-22,53540,56,0
2026-09-22,54284,56,0
2026-09-22,62191,56,0
2026-09-22,51659,55,0
2026-09-22,50570,54,0
2026-09-22,50683,54,0
2026-09-22,51239,54,0
2026-09-22,51589,54,0
2026-09-22,51645,54,0
2026-09-22,54602,54,0
2026-09-22,54783,54,0
2026-09-22,55990,54,0
2026-09-22,57393,54,0
2026-09-22,57886,54,0
2026-09-22,58449,54,0
2026-09-22,60560,54,0
2026-09-22,60752,54,0
2026-09-22,63022,54,0
2026-09-22,65172,54,0
2026-09-22,51103,53,0
2026-09-22,50476,52,0
2026-09-22,50995,52,0
2026-09-22,51548,52,0
2026-09-22,51643,52,0
2026-09-22,53041,52,0
2026-09-22,53631,52,0
2026-09-22,56777,52,0
2026-09-22,59839,52,0
2026-09-22,61864,52,0
2026-09-22,64772,52,0
2026-09-22,60408,51,0
2026-09-22,60612,51,0
2026-09-22,49674,50,0
2026-09-22,50795,50,0
2026-09-22,51510,50,0
2026-09-22,51799,50,0
2026-09-22,51882,50,0
2026-09-22,52273,50,0
2026-09-22,52449,50,0
2026-09-22,55193,50,0
2026-09-22,55285,50,0
2026-09-22,56516,50,0
2026-09-22,56644,50,0
2026-09-22,57567,50,0
2026-09-22,58962,50,0
2026-09-22,59891,50,0
2026-09-22,60639,50,0
2026-09-22,61773,50,0
2026-09-22,64119,49,0
2026-09-22,50085,48,0
2026-09-22,50900,48,0
2026-09-22,51120,48,0
2026-09-22,51580,48,0
2026-09-22,51717,48,0
2026-09-22,51949,48,0
2026-09-22,54376,48,0
2026-09-22,58491,48,0
2026-09-22,59002,48,0
2026-09-22,59588,48,0
2026-09-22,61785,48,0
2026-09-22,62271,48,0
2026-09-22,62317,48,0
2026-09-22,63848,48,0
2026-09-22,64004,48,0
2026-09-22,64033,48,0
2026-09-22,64057,48,0
2026-09-22,50632,47,0
2026-09-22,51577,47,0
2026-09-22,57462,47,0
2026-09-22,58570,47,0
2026-09-22,49410,46,0
2026-09-22,49575,46,0
2026-09-22,50283,46,0
2026-09-22,50392,46,0
2026-09-22,50639,46,0
2026-09-22,50853,46,0
2026-09-22,50871,46,0
2026-09-22,50874,46,0
2026-09-22,51614,46,0
2026-09-22,52136,46,0
2026-09-22,52152,46,0
2026-09-22,52810,46,0
2026-09-22,53335,46,0
2026-09-22,53633,46,0
2026-09-22,55864,46,0
2026-09-22,57444,46,0
2026-09-22,57696,46,0
2026-09-22,58069,46,0
2026-09-22,58718,46,0
2026-09-22,59849,46,0
2026-09-22,59871,46,0
2026-09-22,60241,46,0
2026-09-22,60864,46,0
2026-09-22,61939,46,0
2026-09-22,62053,46,0
2026-09-22,62062,46,0
2026-09-22,62142,46,0
2026-09-22,63247,46,0
2026-09-22,64341,46,0
2026-09-22,64517,46,0
2026-09-22,50514,45,0
2026-09-22,52546,45,0
2026-09-22,63271,45,0
2026-09-22,65038,45,0
2026-09-22,49453,44,0
2026-09-22,49923,44,0
2026-09-22,50233,44,0
2026-09-22,50298,44,0
2026-09-22,50504,44,0
2026-09-22,50894,44,0
2026-09-22,51001,44,0
2026-09-22,51353,44,0
2026-09-22,51384,44,0
2026-09-22,51550,44,0
2026-09-22,51598,44,0
2026-09-22,51789,44,0
2026-09-22,52463,44,0
2026-09-22,53002,44,0
2026-09-22,53499,44,0
2026-09-22,54095,44,0
2026-09-22,56740,44,0
2026-09-22,57390,44,0
2026-09-22,57615,44,0
2026-09-22,58350,44,0
2026-09-22,58647,44,0
2026-09-22,58760,44,0
2026-09-22,59667,44,0
2026-09-22,60361,44,0
2026-09-22,60795,44,0
2026-09-22,60888,44,0
2026-09-22,60970,44,0
2026-09-22,61594,44,0
2026-09-22,62482,44,0
2026-09-22,62808,44,0
2026-09-22,63106,44,0
2026-09-22,64118,44,0
2026-09-22,64711,44,0
2026-09-22,65084,44,0
2026-09-22,65092,44,0
2026-09-22,50148,43,0
2026-09-22,51478,43,0
2026-09-22,58954,43,0
2026-09-22,62086,43,0
2026-09-22,49301,42,0
2026-09-22,49337,42,0
2026-09-22,49372,42,0
2026-09-22,49446,42,0
2026-09-22,49725,42,0
2026-09-22,50165,42,0
2026-09-22,50192,42,0
2026-09-22,50437,42,0
2026-09-22,50662,42,0
2026-09-22,50786,42,0
2026-09-22,51242,42,0
2026-09-22,51318,42,0
2026-09-22,51401,42,0
2026-09-22,51519,42,0
2026-09-22,51785,42,0
2026-09-22,51803,42,0
2026-09-22,51852,42,0
2026-09-22,51905,42,0
2026-09-22,52419,42,0
2026-09-22,52421,42,0
2026-09-22,53106,42,0
2026-09-22,53165,42,0
2026-09-22,53629,42,0
2026-09-22,53636,42,0
2026-09-22,53985,42,0
2026-09-22,54287,42,0
2026-09-22,54425,42,0
2026-09-22,54436,42,0
2026-09-22,54541,42,0
2026-09-22,55488,42,0
2026-09-22,55557,42,0
2026-09-22,55741,42,0
2026-09-22,55869,42,0
2026-09-22,56016,42,0
2026-09-22,56387,42,0
2026-09-22,57291,42,0
2026-09-22,58511,42,0
2026-09-22,58725,42,0
2026-09-22,58812,42,0
2026-09-22,58904,42,0
2026-09-22,60067,42,0
2026-09-22,60088,42,0
2026-09-22,60783,42,0
2026-09-22,61068,42,0
2026-09-22,61311,42,0
2026-09-22,61421,42,0
2026-09-22,61809,42,0
2026-09-22,62004,42,0
2026-09-22,62091,42,0
2026-09-22,63005,42,0
2026-09-22,63232,42,0
2026-09-22,63904,42,0
2026-09-22,64409,42,0
2026-09-22,65180,42,0
2026-09-22,65532,42,0
2026-09-22,49826,41,0
2026-09-22,50279,41,0
2026-09-22,51871,41,0
2026-09-22,52225,41,0
2026-09-22,55009,41,0
2026-09-22,57878,41,0
2026-09-22,65412,41,0
2026-09-22,67,41,41
2026-09-22,49319,40,0
2026-09-22,49852,40,0
2026-09-22,50033,40,0
2026-09-22,50368,40,0
2026-09-22,50441,40,0
2026-09-22,51061,40,0
2026-09-22,51198,40,0
2026-09-22,51666,40,0
2026-09-22,51731,40,0
2026-09-22,51851,40,0
2026-09-22,52164,40,0
2026-09-22,52937,40,0
2026-09-22,53362,40,0
2026-09-22,54028,40,0
2026-09-22,54226,40,0
2026-09-22,54834,40,0
2026-09-22,54837,40,0
2026-09-22,55112,40,0
2026-09-22,55381,40,0
2026-09-22,55611,40,0
2026-09-22,55690,40,0
2026-09-22,56449,40,0
2026-09-22,56536,40,0
2026-09-22,57289,40,0
2026-09-22,57292,40,0
2026-09-22,57835,40,0
2026-09-22,57944,40,0
2026-09-22,58939,40,0
2026-09-22,59283,40,0
2026-09-22,59350,40,0
2026-09-22,59484,40,0
2026-09-22,59530,40,0
2026-09-22,59759,40,0
2026-09-22,59918,40,0
2026-09-22,60501,40,0
2026-09-22,60994,40,0
2026-09-22,61142,40,0
2026-09-22,61200,40,0
2026-09-22,61389,40,0
2026-09-22,61850,40,0
2026-09-22,62747,40,0
2026-09-22,63662,40,0
2026-09-22,63665,40,0
2026-09-22,64140,40,0
2026-09-22,64485,40,0
2026-09-22,64658,40,0
2026-09-22,65106,40,0
2026-09-22,65262,40,0
2026-09-22,65310,40,0
2026-09-22,65440,40,0
2026-09-22,50028,39,0
2026-09-22,50039,39,0
2026-09-22,50681,39,0
2026-09-22,50704,39,0
2026-09-22,51059,39,0
2026-09-22,51371,39,0
2026-09-22,51689,39,0
2026-09-22,51877,39,0
2026-09-22,58302,39,0
2026-09-22,49168,38,0
2026-09-22,49259,38,0
2026-09-22,49423,38,0
2026-09-22,49599,38,0
2026-09-22,49678,38,0
2026-09-22,49748,38,0
2026-09-22,49890,38,0
2026-09-22,49891,38,0
2026-09-22,50124,38,0
2026-09-22,50460,38,0
2026-09-22,50604,38,0
2026-09-22,50631,38,0
2026-09-22,50660,38,0
2026-09-22,50695,38,0
2026-09-22,50828,38,0
2026-09-22,50908,38,0
2026-09-22,50909,38,0
2026-09-22,50984,38,0
2026-09-22,51379,38,0
2026-09-22,51571,38,0
2026-09-22,51732,38,0
2026-09-22,51733,38,0
2026-09-22,51801,38,0
2026-09-22,52323,38,0
2026-09-22,52551,38,0
2026-09-22,53079,38,0
2026-09-22,53681,38,0
2026-09-22,53873,38,0
2026-09-22,54037,38,0
2026-09-22,54460,38,0
2026-09-22,54698,38,0
2026-09-22,55224,38,0
2026-09-22,55521,38,0
2026-09-22,55632,38,0
2026-09-22,56446,38,0
2026-09-22,57595,38,0
2026-09-22,58337,38,0
2026-09-22,59640,38,0
2026-09-22,59837,38,0
2026-09-22,61719,38,0
2026-09-22,61915,38,0
2026-09-22,62149,38,0
2026-09-22,62374,38,0
2026-09-22,62508,38,0
2026-09-22,62649,38,0
2026-09-22,63651,38,0
2026-09-22,63969,38,0
2026-09-22,64164,38,0
2026-09-22,64230,38,0
2026-09-22,64665,38,0
2026-09-22,65447,38,0
2026-09-22,50015,37,0
2026-09-22,50483,37,3
2026-09-22,50609,37,0
2026-09-22,50684,37,0
2026-09-22,50703,37,0
2026-09-22,51750,37,0
2026-09-22,52769,37,0
2026-09-22,54941,37,0
2026-09-22,57741,37,0
2026-09-22,64438,37,0
2026-09-22,49336,36,0
2026-09-22,50084,36,0
2026-09-22,50131,36,0
2026-09-22,50172,36,0
2026-09-22,50194,36,0
2026-09-22,50195,36,0
2026-09-22,50208,36,0
2026-09-22,50334,36,0
2026-09-22,50349,36,0
2026-09-22,50644,36,0
2026-09-22,50663,36,0
2026-09-22,50919,36,0
2026-09-22,51002,36,0
2026-09-22,51032,36,0
2026-09-22,51036,36,0
2026-09-22,51038,36,0
2026-09-22,51045,36,0
2026-09-22,51084,36,0
2026-09-22,51144,36,0
2026-09-22,51158,36,0
2026-09-22,51166,36,0
2026-09-22,51214,36,0
2026-09-22,51235,36,0
2026-09-22,51243,36,0
2026-09-22,51260,36,0
2026-09-22,51307,36,0
2026-09-22,51355,36,0
2026-09-22,51722,36,0
2026-09-22,51816,36,0
2026-09-22,51824,36,0
2026-09-22,51900,36,0
2026-09-22,51987,36,0
2026-09-22,52535,36,0
2026-09-22,52598,36,0
2026-09-22,52678,36,0
2026-09-22,52836,36,0
2026-09-22,54207,36,0
2026-09-22,54479,36,0
2026-09-22,54646,36,0
2026-09-22,55482,36,0
2026-09-22,55742,36,0
2026-09-22,56416,36,0
2026-09-22,56848,36,0
2026-09-22,57636,36,0
2026-09-22,58039,36,0
2026-09-22,58429,36,0
2026-09-22,59214,36,0
2026-09-22,59715,36,0
2026-09-22,60128,36,0
2026-09-22,60204,36,0
2026-09-22,60423,36,0
2026-09-22,61104,36,0
2026-09-22,61618,36,0
2026-09-22,62336,36,0
2026-09-22,62352,36,0
2026-09-22,63280,36,0
2026-09-22,63449,36,0
2026-09-22,65207,36,0
2026-09-22,65436,36,0
2026-09-22,50143,35,0
2026-09-22,50177,35,0
2026-09-22,50252,35,0
2026-09-22,50603,35,0
2026-09-22,50688,35,0
2026-09-22,50833,35,0
2026-09-22,51009,35,0
2026-09-22,51069,35,0
2026-09-22,51333,35,0
2026-09-22,51343,35,0
2026-09-22,51386,35,0
2026-09-22,51445,35,0
2026-09-22,51533,35,0
2026-09-22,51837,35,0
2026-09-22,51952,35,0
2026-09-22,52790,35,0
2026-09-22,53466,35,0
2026-09-22,49638,34,0
2026-09-22,50054,34,0
2026-09-22,50109,34,0
2026-09-22,50113,34,0
2026-09-22,50135,34,0
2026-09-22,50149,34,0
2026-09-22,50154,34,0
2026-09-22,50188,34,0
2026-09-22,50199,34,0
2026-09-22,50253,34,0
2026-09-22,50277,34,0
2026-09-22,50278,34,0
2026-09-22,50284,34,0
2026-09-22,50599,34,0
2026-09-22,50675,34,0
2026-09-22,50707,34,0
2026-09-22,50788,34,0
2026-09-22,50834,34,0
2026-09-22,50845,34,0
2026-09-22,50975,34,0
2026-09-22,50983,34,0
2026-09-22,51028,34,0
2026-09-22,51056,34,0
2026-09-22,51083,34,0
2026-09-22,51092,34,0
2026-09-22,51134,34,0
2026-09-22,51178,34,0
2026-09-22,51211,34,0
2026-09-22,51226,34,0
2026-09-22,51250,34,0
2026-09-22,51261,34,0
2026-09-22,51292,34,0
2026-09-22,51298,34,0
2026-09-22,51394,34,0
2026-09-22,51398,34,0
2026-09-22,51575,34,0
2026-09-22,51815,34,0
2026-09-22,51875,34,0
2026-09-22,51922,34,0
2026-09-22,51950,34,0
2026-09-22,51979,34,0
2026-09-22,53842,34,0
2026-09-22,53989,34,0
2026-09-22,56548,34,0
2026-09-22,56811,34,0
2026-09-22,56847,34,0
2026-09-22,57805,34,0
2026-09-22,59618,34,0
2026-09-22,59966,34,0
2026-09-22,60660,34,0
2026-09-22,61292,34,0
2026-09-22,61883,34,0
2026-09-22,63691,34,0
2026-09-22,64050,34,0
2026-09-22,64436,34,0
2026-09-22,65231,34,0
2026-09-22,50046,33,0
2026-09-22,50099,33,0
2026-09-22,50150,33,0
2026-09-22,50242,33,0
2026-09-22,50873,33,0
2026-09-22,51173,33,0
2026-09-22,51185,33,0
2026-09-22,51553,33,0
2026-09-22,51791,33,0
2026-09-22,51792,33,0
2026-09-22,52526,33,0
2026-09-22,49782,32,0
2026-09-22,49818,32,0
2026-09-22,50060,32,0
2026-09-22,50210,32,0
2026-09-22,50640,32,0
2026-09-22,50669,32,0
2026-09-22,50721,32,0
2026-09-22,50993,32,0
2026-09-22,51013,32,0
2026-09-22,51112,32,0
2026-09-22,51181,32,0
2026-09-22,51196,32,0
2026-09-22,51241,32,0
2026-09-22,51285,32,0
2026-09-22,51312,32,0
2026-09-22,51320,32,0
2026-09-22,51328,32,0
2026-09-22,51337,32,0
2026-09-22,51366,32,0
2026-09-22,51385,32,0
2026-09-22,51391,32,0
2026-09-22,51393,32,0
2026-09-22,51403,32,0
2026-09-22,51545,32,0
2026-09-22,51576,32,0
2026-09-22,51854,32,0
2026-09-22,53511,32,0
2026-09-22,54778,32,0
2026-09-22,55212,32,0
2026-09-22,56606,32,0
2026-09-22,57339,32,0
2026-09-22,57784,32,0
2026-09-22,58466,32,0
2026-09-22,58679,32,0
2026-09-22,58985,32,0
2026-09-22,60452,32,0
2026-09-22,62159,32,0
2026-09-22,62214,32,0
2026-09-22,63509,32,0
2026-09-22,65160,32,0
2026-09-22,50095,31,0
2026-09-22,50797,31,0
2026-09-22,51201,31,0
2026-09-22,51280,31,0
2026-09-22,51423,31,0
2026-09-22,51485,31,0
2026-09-22,51719,31,0
2026-09-22,51720,31,0
2026-09-22,51827,31,0
2026-09-22,52488,31,0
2026-09-22,62806,31,0
2026-09-22,63590,31,0
2026-09-22,64751,31,0
2026-09-22,49323,30,0
2026-09-22,49406,30,0
2026-09-22,49722,30,0
2026-09-22,50080,30,0
2026-09-22,50118,30,0
2026-09-22,50166,30,0
2026-09-22,50249,30,0
2026-09-22,50268,30,0
2026-09-22,50594,30,0
2026-09-22,50679,30,0
2026-09-22,50682,30,0
2026-09-22,50798,30,0
2026-09-22,50799,30,0
2026-09-22,50872,30,0
2026-09-22,50875,30,0
2026-09-22,50950,30,0
2026-09-22,51048,30,0
2026-09-22,51093,30,0
2026-09-22,51232,30,0
2026-09-22,51390,30,0
2026-09-22,51556,30,0
2026-09-22,51559,30,0
2026-09-22,51597,30,0
2026-09-22,51713,30,0
2026-09-22,51721,30,0
2026-09-22,51752,30,0
2026-09-22,52699,30,0
2026-09-22,52960,30,0
2026-09-22,52964,30,0
2026-09-22,53004,30,0
2026-09-22,54016,30,0
2026-09-22,54041,30,0
2026-09-22,54393,30,0
2026-09-22,54654,30,0
2026-09-22,55164,30,0
2026-09-22,55392,30,0
2026-09-22,56127,30,0
2026-09-22,56708,30,0
2026-09-22,57521,30,0
2026-09-22,57890,30,0
2026-09-22,59104,30,0
2026-09-22,59970,30,0
2026-09-22,60786,30,0
2026-09-22,60988,30,0
2026-09-22,61723,30,0
2026-09-22,62064,30,0
2026-09-22,62182,30,0
2026-09-22,63123,30,0
2026-09-22,63199,30,0
2026-09-22,64091,30,0
2026-09-22,64239,30,0
2026-09-22,64839,30,0
2026-09-22,65393,30,0
2026-09-22,50397,29,0
2026-09-22,51457,29,0
2026-09-22,51551,29,0
2026-09-22,51822,29,0
2026-09-22,52557,29,0
2026-09-22,53099,29,0
2026-09-22,54024,29,0
2026-09-22,49415,28,0
2026-09-22,49553,28,0
2026-09-22,50013,28,0
2026-09-22,50030,28,0
2026-09-22,50052,28,0
2026-09-22,50506,28,0
2026-09-22,50608,28,0
2026-09-22,50726,28,0
2026-09-22,51052,28,0
2026-09-22,51378,28,0
2026-09-22,51382,28,0
2026-09-22,51474,28,0
2026-09-22,51512,28,0
2026-09-22,51546,28,0
2026-09-22,51595,28,0
2026-09-22,51637,28,0
2026-09-22,51701,28,0
2026-09-22,51828,28,0
2026-09-22,51833,28,0
2026-09-22,51996,28,0
2026-09-22,52000,28,0
2026-09-22,52342,28,0
2026-09-22,52343,28,0
2026-09-22,52583,28,0
2026-09-22,52847,28,0
2026-09-22,52888,28,0
2026-09-22,52911,28,0
2026-09-22,52962,28,0
2026-09-22,53292,28,0
2026-09-22,53850,28,0
2026-09-22,53887,28,0
2026-09-22,54201,28,0
2026-09-22,54339,28,0
2026-09-22,54516,28,0
2026-09-22,54739,28,0
2026-09-22,55808,28,0
2026-09-22,55986,28,0
2026-09-22,56773,28,0
2026-09-22,57029,28,0
2026-09-22,57728,28,0
2026-09-22,58211,28,0
2026-09-22,58356,28,0
2026-09-22,58367,28,0
2026-09-22,58459,28,0
2026-09-22,58804,28,0
2026-09-22,58816,28,0
2026-09-22,59291,28,0
2026-09-22,59624,28,0
2026-09-22,59863,28,0
2026-09-22,59955,28,0
2026-09-22,60650,28,0
2026-09-22,60705,28,0
2026-09-22,60891,28,0
2026-09-22,61503,28,0
2026-09-22,61581,28,0
2026-09-22,61651,28,0
2026-09-22,62023,28,0
2026-09-22,62310,28,0
2026-09-22,62311,28,0
2026-09-22,62621,28,0
2026-09-22,62673,28,0
2026-09-22,62695,28,0
2026-09-22,63100,28,0
2026-09-22,63629,28,0
2026-09-22,63712,28,0
2026-09-22,63989,28,0
2026-09-22,64392,28,0
2026-09-22,64442,28,0
2026-09-22,64561,28,0
2026-09-22,64601,28,0
2026-09-22,64675,28,0
2026-09-22,64887,28,0
2026-09-22,65076,28,0
2026-09-22,65089,28,0
2026-09-22,65190,28,0
2026-09-22,65220,28,0
2026-09-22,50870,27,0
2026-09-22,51010,27,0
2026-09-22,51046,27,0
2026-09-22,51065,27,0
2026-09-22,51467,27,0
2026-09-22,51698,27,0
2026-09-22,51743,27,0
2026-09-22,51795,27,0
2026-09-22,55227,27,0
2026-09-22,62158,27,0
2026-09-22,49617,26,0
2026-09-22,49700,26,0
2026-09-22,49922,26,0
2026-09-22,50055,26,0
2026-09-22,50263,26,0
2026-09-22,50587,26,0
2026-09-22,50999,26,0
2026-09-22,51000,26,0
2026-09-22,51023,26,0
2026-09-22,51162,26,0
2026-09-22,51192,26,0
2026-09-22,51308,26,0
2026-09-22,51359,26,0
2026-09-22,51455,26,0
2026-09-22,51687,26,0
2026-09-22,51843,26,0
2026-09-22,51926,26,0
2026-09-22,51936,26,0
2026-09-22,52111,26,0
2026-09-22,53900,26,0
2026-09-22,53943,26,0
2026-09-22,54150,26,0
2026-09-22,54664,26,0
2026-09-22,54715,26,0
2026-09-22,56745,26,0
2026-09-22,56977,26,0
2026-09-22,57305,26,0
2026-09-22,57338,26,0
2026-09-22,57465,26,0
2026-09-22,57822,26,0
2026-09-22,58414,26,0
2026-09-22,58453,26,0
2026-09-22,58739,26,0
2026-09-22,58840,26,0
2026-09-22,59968,26,0
2026-09-22,60364,26,0
2026-09-22,61460,26,0
2026-09-22,62122,26,0
2026-09-22,63098,26,0
2026-09-22,63282,26,0
2026-09-22,63800,26,0
2026-09-22,64017,26,0
2026-09-22,64397,26,0
2026-09-22,65488,26,0
2026-09-22,50216,25,0
2026-09-22,50661,25,0
2026-09-22,50826,25,0
2026-09-22,51887,25,0
2026-09-22,57579,25,0
2026-09-22,57782,25,0
2026-09-22,60685,25,0
2026-09-22,62348,25,0
2026-09-22,63557,25,0
2026-09-22,64720,25,0
2026-09-22,50114,24,0
2026-09-22,50138,24,0
2026-09-22,50142,24,0
2026-09-22,50164,24,0
2026-09-22,50232,24,0
2026-09-22,50240,24,0
2026-09-22,50687,24,0
2026-09-22,50976,24,0
2026-09-22,51224,24,0
2026-09-22,51236,24,0
2026-09-22,51259,24,0
2026-09-22,51283,24,0
2026-09-22,51802,24,0
2026-09-22,51853,24,0
2026-09-22,55901,24,0
2026-09-22,56349,24,0
2026-09-22,58022,24,0
2026-09-22,60922,24,0
2026-09-22,61751,24,0
2026-09-22,61756,24,0
2026-09-22,62026,24,0
2026-09-22,63859,24,0
2026-09-22,50243,23,0
2026-09-22,50503,23,0
2026-09-22,51532,23,0
2026-09-22,51623,23,0
2026-09-22,53923,23,0
2026-09-22,56180,23,0
2026-09-22,56717,23,0
2026-09-22,58045,23,0
2026-09-22,58932,23,0
2026-09-22,59917,23,0
2026-09-22,50050,22,0
2026-09-22,50144,22,0
2026-09-22,51044,22,0
2026-09-22,51233,22,0
2026-09-22,51249,22,0
2026-09-22,51269,22,0
2026-09-22,51273,22,0
2026-09-22,51323,22,0
2026-09-22,51477,22,0
2026-09-22,51515,22,0
2026-09-22,51613,22,0
2026-09-22,51624,22,0
2026-09-22,51704,22,0
2026-09-22,51718,22,0
2026-09-22,51806,22,0
2026-09-22,51944,22,0
2026-09-22,51948,22,0
2026-09-22,58515,22,0
2026-09-22,63764,22,0
2026-09-22,64737,22,0
2026-09-22,7000,22,22
2026-09-22,50246,21,0
2026-09-22,50272,21,0
2026-09-22,50648,21,0
2026-09-22,51511,21,0
2026-09-22,51539,21,0
2026-09-22,51784,21,0
2026-09-22,58098,21,0
2026-09-22,60601,21,0
2026-09-22,61066,21,0
2026-09-22,50186,20,0
2026-09-22,50248,20,0
2026-09-22,50524,20,0
2026-09-22,50525,20,0
2026-09-22,50678,20,0
2026-09-22,50787,20,0
2026-09-22,50856,20,0
2026-09-22,51204,20,0
2026-09-22,51288,20,0
2026-09-22,51301,20,0
2026-09-22,51315,20,0
2026-09-22,51326,20,0
2026-09-22,51554,20,0
2026-09-22,51583,20,0
2026-09-22,51633,20,0
2026-09-22,51793,20,0
2026-09-22,51860,20,0
2026-09-22,51951,20,0
2026-09-22,52703,20,0
2026-09-22,63023,20,0
2026-09-22,50043,19,0
2026-09-22,50068,19,0
2026-09-22,50122,19,0
2026-09-22,50211,19,0
2026-09-22,51302,19,0
2026-09-22,51354,19,0
2026-09-22,51422,19,0
2026-09-22,51787,19,0
2026-09-22,52234,19,0
2026-09-22,53507,19,0
2026-09-22,56074,19,0
2026-09-22,61034,19,0
2026-09-22,50044,18,0
2026-09-22,50058,18,0
2026-09-22,50075,18,0
2026-09-22,50079,18,0
2026-09-22,50083,18,0
2026-09-22,50094,18,0
2026-09-22,50102,18,0
2026-09-22,50112,18,0
2026-09-22,50117,18,0
2026-09-22,50130,18,0
2026-09-22,50147,18,0
2026-09-22,50153,18,0
2026-09-22,50160,18,0
2026-09-22,50169,18,0
2026-09-22,50198,18,0
2026-09-22,50203,18,0
2026-09-22,50223,18,0
2026-09-22,50241,18,0
2026-09-22,50266,18,0
2026-09-22,50276,18,0
2026-09-22,50602,18,0
2026-09-22,50607,18,0
2026-09-22,50625,18,0
2026-09-22,50643,18,0
2026-09-22,50655,18,0
2026-09-22,50672,18,0
2026-09-22,50697,18,0
2026-09-22,50800,18,0
2026-09-22,50831,18,0
2026-09-22,50838,18,0
2026-09-22,50848,18,0
2026-09-22,50854,18,0
2026-09-22,50982,18,0
2026-09-22,50992,18,0
2026-09-22,51008,18,0
2026-09-22,51019,18,0
2026-09-22,51031,18,0
2026-09-22,51035,18,0
2026-09-22,51051,18,0
2026-09-22,51082,18,0
2026-09-22,51090,18,0
2026-09-22,51096,18,0
2026-09-22,51128,18,0
2026-09-22,51146,18,0
2026-09-22,51161,18,0
2026-09-22,51184,18,0
2026-09-22,51188,18,0
2026-09-22,51207,18,0
2026-09-22,51218,18,0
2026-09-22,51264,18,0
2026-09-22,51305,18,0
2026-09-22,51336,18,0
2026-09-22,51346,18,0
2026-09-22,51350,18,0
2026-09-22,51352,18,0
2026-09-22,51362,18,0
2026-09-22,51397,18,0
2026-09-22,51404,18,0
2026-09-22,51491,18,0
2026-09-22,51497,18,0
2026-09-22,51522,18,0
2026-09-22,51527,18,0
2026-09-22,51547,18,0
2026-09-22,51562,18,0
2026-09-22,51574,18,0
2026-09-22,51586,18,0
2026-09-22,51592,18,0
2026-09-22,51615,18,0
2026-09-22,51622,18,0
2026-09-22,51640,18,0
2026-09-22,51678,18,0
2026-09-22,51681,18,0
2026-09-22,51710,18,0
2026-09-22,51714,18,0
2026-09-22,51786,18,0
2026-09-22,51819,18,0
2026-09-22,51830,18,0
2026-09-22,51841,18,0
2026-09-22,51934,18,0
2026-09-22,52193,18,0
2026-09-22,54161,18,0
2026-09-22,54357,18,0
2026-09-22,60397,18,0
2026-09-22,60952,18,0
2026-09-22,63474,18,0
2026-09-22,49867,17,0
2026-09-22,50839,17,0
2026-09-22,51256,17,0
2026-09-22,51367,17,0
2026-09-22,51927,17,0
2026-09-22,50139,16,0
2026-09-22,50183,16,0
2026-09-22,50217,16,0
2026-09-22,50229,16,0
2026-09-22,50629,16,0
2026-09-22,50970,16,0
2026-09-22,50989,16,0
2026-09-22,51149,16,0
2026-09-22,51154,16,0
2026-09-22,51165,16,0
2026-09-22,51193,16,0
2026-09-22,51200,16,0
2026-09-22,51240,16,0
2026-09-22,51295,16,0
2026-09-22,51340,16,0
2026-09-22,51365,16,0
2026-09-22,51484,16,0
2026-09-22,51494,16,0
2026-09-22,51619,16,0
2026-09-22,51921,16,0
2026-09-22,54683,16,0
2026-09-22,54768,16,0
2026-09-22,56879,16,0
2026-09-22,50918,15,0
2026-09-22,51329,15,0
2026-09-22,51456,15,0
2026-09-22,51528,15,0
2026-09-22,51565,15,0
2026-09-22,51673,15,0
2026-09-22,51812,15,0
2026-09-22,52630,15,0
2026-09-22,63465,15,0
2026-09-22,28591,14,14
2026-09-22,49584,14,0
2026-09-22,50105,14,0
2026-09-22,50157,14,0
2026-09-22,50163,14,0
2026-09-22,50225,14,0
2026-09-22,50226,14,0
2026-09-22,50230,14,0
2026-09-22,50231,14,0
2026-09-22,50245,14,0
2026-09-22,50250,14,0
2026-09-22,50262,14,0
2026-09-22,50316,14,0
2026-09-22,50519,14,0
2026-09-22,50621,14,0
2026-09-22,50623,14,0
2026-09-22,50628,14,0
2026-09-22,50860,14,0
2026-09-22,50866,14,0
2026-09-22,50869,14,0
2026-09-22,50898,14,0
2026-09-22,51153,14,0
2026-09-22,51172,14,0
2026-09-22,51210,14,0
2026-09-22,51376,14,0
2026-09-22,51468,14,0
2026-09-22,51472,14,0
2026-09-22,51570,14,0
2026-09-22,51600,14,0
2026-09-22,51603,14,0
2026-09-22,51611,14,0
2026-09-22,51754,14,0
2026-09-22,51783,14,0
2026-09-22,51901,14,0
2026-09-22,52047,14,0
2026-09-22,53898,14,0
2026-09-22,54069,14,0
2026-09-22,55207,14,0
2026-09-22,56670,14,0
2026-09-22,57087,14,0
2026-09-22,57972,14,0
2026-09-22,61911,14,0
2026-09-22,63357,14,0
2026-09-22,50255,13,0
2026-09-22,50331,13,0
2026-09-22,50499,13,3
2026-09-22,50979,13,0
2026-09-22,51174,13,0
2026-09-22,51215,13,0
2026-09-22,51727,13,0
2026-09-22,51770,13,0
2026-09-22,51849,13,0
2026-09-22,54246,13,0
2026-09-22,63817,13,0
2026-09-22,137,12,12
2026-09-22,49747,12,0
2026-09-22,49896,12,0
2026-09-22,49899,12,0
2026-09-22,50087,12,0
2026-09-22,50088,12,0
2026-09-22,50134,12,0
2026-09-22,50141,12,0
2026-09-22,50234,12,0
2026-09-22,50238,12,0
2026-09-22,50280,12,0
2026-09-22,50408,12,0
2026-09-22,50627,12,0
2026-09-22,50630,12,0
2026-09-22,50664,12,0
2026-09-22,50716,12,0
2026-09-22,50717,12,0
2026-09-22,50812,12,0
2026-09-22,50844,12,0
2026-09-22,50851,12,0
2026-09-22,50861,12,0
2026-09-22,50863,12,0
2026-09-22,50865,12,0
2026-09-22,50867,12,0
2026-09-22,50877,12,0
2026-09-22,50899,12,0
2026-09-22,50917,12,0
2026-09-22,50923,12,0
2026-09-22,51005,12,0
2026-09-22,51022,12,0
2026-09-22,51155,12,0
2026-09-22,51156,12,0
2026-09-22,51246,12,0
2026-09-22,51296,12,0
2026-09-22,51421,12,0
2026-09-22,51469,12,0
2026-09-22,51506,12,0
2026-09-22,51616,12,0
2026-09-22,51617,12,0
2026-09-22,51618,12,0
2026-09-22,51663,12,0
2026-09-22,51684,12,0
2026-09-22,51862,12,0
2026-09-22,51890,12,0
2026-09-22,51943,12,0
2026-09-22,51945,12,0
2026-09-22,53551,12,0
2026-09-22,55111,12,0
2026-09-22,56690,12,0
2026-09-22,57294,12,0
2026-09-22,58088,12,0
2026-09-22,58951,12,0
2026-09-22,59338,12,0
2026-09-22,59899,12,0
2026-09-22,60004,12,0
2026-09-22,60623,12,0
2026-09-22,60664,12,0
2026-09-22,61116,12,0
2026-09-22,61369,12,0
2026-09-22,62357,12,0
2026-09-22,62974,12,0
2026-09-22,64048,12,0
2026-09-22,64180,12,0
2026-09-22,64402,12,0
2026-09-22,64755,12,0
2026-09-22,50029,11,0
2026-09-22,50484,11,5
2026-09-22,50492,11,5
2026-09-22,50495,11,5
2026-09-22,50902,11,0
2026-09-22,51119,11,0
2026-09-22,51179,11,0
2026-09-22,51195,11,0
2026-09-22,51234,11,0
2026-09-22,51270,11,0
2026-09-22,51327,11,0
2026-09-22,51347,11,0
2026-09-22,51370,11,0
2026-09-22,51447,11,0
2026-09-22,51526,11,0
2026-09-22,51541,11,0
2026-09-22,51612,11,0
2026-09-22,51660,11,0
2026-09-22,51798,11,0
2026-09-22,51800,11,0
2026-09-22,51855,11,0
2026-09-22,60761,11,0
2026-09-22,62837,11,0
2026-09-22,49875,10,0
2026-09-22,49957,10,0
2026-09-22,50059,10,0
2026-09-22,50176,10,0
2026-09-22,50207,10,0
2026-09-22,50244,10,0
2026-09-22,50487,10,4
2026-09-22,50489,10,5
2026-09-22,50498,10,4
2026-09-22,50876,10,0
2026-09-22,50967,10,0
2026-09-22,51060,10,0
2026-09-22,51180,10,0
2026-09-22,51194,10,0
2026-09-22,51227,10,0
2026-09-22,51358,10,0
2026-09-22,51441,10,0
2026-09-22,51529,10,0
2026-09-22,51599,10,0
2026-09-22,51625,10,0
2026-09-22,51688,10,0
2026-09-22,51847,10,0
2026-09-22,51935,10,0
2026-09-22,59281,10,0
2026-09-22,64526,10,0
2026-09-22,65061,10,0
2026-09-22,50086,9,0
2026-09-22,50171,9,0
2026-09-22,50299,9,0
2026-09-22,50485,9,4
2026-09-22,50486,9,4
2026-09-22,50488,9,4
2026-09-22,50637,9,0
2026-09-22,50820,9,0
2026-09-22,50896,9,0
2026-09-22,51055,9,0
2026-09-22,51071,9,0
2026-09-22,51078,9,0
2026-09-22,51284,9,0
2026-09-22,51444,9,0
2026-09-22,51460,9,0
2026-09-22,51473,9,0
2026-09-22,51540,9,0
2026-09-22,51857,9,0
2026-09-22,51929,9,0
2026-09-22,51930,9,0
2026-09-22,54232,9,0
2026-09-22,54691,9,0
2026-09-22,55243,9,0
2026-09-22,64848,9,0
2026-09-22,49320,8,0
2026-09-22,49473,8,0
2026-09-22,49763,8,0
2026-09-22,49827,8,0
2026-09-22,49828,8,0
2026-09-22,49831,8,0
2026-09-22,49976,8,0
2026-09-22,50069,8,0
2026-09-22,50089,8,0
2026-09-22,50204,8,0
2026-09-22,50254,8,0
2026-09-22,50256,8,0
2026-09-22,50258,8,0
2026-09-22,50396,8,0
2026-09-22,50454,8,0
2026-09-22,50466,8,0
2026-09-22,50481,8,0
2026-09-22,50482,8,0
2026-09-22,50497,8,4
2026-09-22,50507,8,0
2026-09-22,50561,8,0
2026-09-22,50656,8,0
2026-09-22,50784,8,0
2026-09-22,50835,8,0
2026-09-22,50862,8,0
2026-09-22,50910,8,0
2026-09-22,50934,8,0
2026-09-22,50947,8,0
2026-09-22,51011,8,0
2026-09-22,51047,8,0
2026-09-22,51062,8,0
2026-09-22,51159,8,0
2026-09-22,51219,8,0
2026-09-22,51252,8,0
2026-09-22,51276,8,0
2026-09-22,51375,8,0
2026-09-22,51412,8,0
2026-09-22,51440,8,0
2026-09-22,51470,8,0
2026-09-22,51507,8,0
2026-09-22,51536,8,0
2026-09-22,51567,8,0
2026-09-22,51628,8,0
2026-09-22,51863,8,0
2026-09-22,51925,8,0
2026-09-22,52425,8,0
2026-09-22,53299,8,0
2026-09-22,53428,8,0
2026-09-22,54013,8,0
2026-09-22,54179,8,0
2026-09-22,54257,8,0
2026-09-22,54259,8,0
2026-09-22,54345,8,0
2026-09-22,54596,8,0
2026-09-22,54731,8,0
2026-09-22,54753,8,0
2026-09-22,54813,8,0
2026-09-22,55320,8,0
2026-09-22,56473,8,0
2026-09-22,56625,8,0
2026-09-22,56710,8,0
2026-09-22,56749,8,0
2026-09-22,57388,8,0
2026-09-22,57779,8,0
2026-09-22,58729,8,0
2026-09-22,59194,8,0
2026-09-22,59318,8,0
2026-09-22,59430,8,0
2026-09-22,59828,8,0
2026-09-22,60158,8,0
2026-09-22,60463,8,0
2026-09-22,60875,8,0
2026-09-22,61550,8,0
2026-09-22,62017,8,0
2026-09-22,62047,8,0
2026-09-22,62123,8,0
2026-09-22,62378,8,0
2026-09-22,62575,8,0
2026-09-22,62661,8,0
2026-09-22,62674,8,0
2026-09-22,63444,8,0
2026-09-22,63480,8,0
2026-09-22,63595,8,0
2026-09-22,64035,8,0
2026-09-22,64365,8,0
2026-09-22,64455,8,0
2026-09-22,64645,8,0
2026-09-22,64919,8,0
2026-09-22,65056,8,0
2026-09-22,65095,8,0
2026-09-22,65438,8,0
2026-09-22,49829,7,0
2026-09-22,50020,7,0
2026-09-22,50090,7,0
2026-09-22,50219,7,0
2026-09-22,50227,7,0
2026-09-22,50257,7,0
2026-09-22,50311,7,0
2026-09-22,50665,7,0
2026-09-22,50708,7,0
2026-09-22,50858,7,0
2026-09-22,50878,7,0
2026-09-22,50882,7,0
2026-09-22,50907,7,0
2026-09-22,50972,7,0
2026-09-22,51074,7,0
2026-09-22,51102,7,0
2026-09-22,51136,7,0
2026-09-22,51140,7,0
2026-09-22,51141,7,0
2026-09-22,51148,7,0
2026-09-22,51151,7,0
2026-09-22,51274,7,0
2026-09-22,51319,7,0
2026-09-22,51436,7,0
2026-09-22,51471,7,0
2026-09-22,51537,7,0
2026-09-22,51606,7,0
2026-09-22,51644,7,0
2026-09-22,51788,7,0
2026-09-22,52370,7,0
2026-09-22,59960,7,0
2026-09-22,62790,7,0
2026-09-22,49196,6,0
2026-09-22,49405,6,0
2026-09-22,49455,6,0
2026-09-22,49853,6,0
2026-09-22,49878,6,0
2026-09-22,49893,6,0
2026-09-22,50091,6,0
2026-09-22,50140,6,0
2026-09-22,50213,6,0
2026-09-22,50214,6,0
2026-09-22,50215,6,0
2026-09-22,50259,6,0
2026-09-22,50296,6,0
2026-09-22,50304,6,0
2026-09-22,50312,6,0
2026-09-22,50315,6,0
2026-09-22,50494,6,2
2026-09-22,50610,6,0
2026-09-22,50611,6,0
2026-09-22,50617,6,0
2026-09-22,50624,6,0
2026-09-22,50666,6,0
2026-09-22,50667,6,0
2026-09-22,50816,6,0
2026-09-22,50837,6,0
2026-09-22,50849,6,0
2026-09-22,50850,6,0
2026-09-22,50855,6,0
2026-09-22,50859,6,0
2026-09-22,50879,6,0
2026-09-22,50881,6,0
2026-09-22,50883,6,0
2026-09-22,50884,6,0
2026-09-22,50885,6,0
2026-09-22,50973,6,0
2026-09-22,50996,6,0
2026-09-22,51135,6,0
2026-09-22,51176,6,0
2026-09-22,51277,6,0
2026-09-22,51278,6,0
2026-09-22,51437,6,0
2026-09-22,51605,6,0
2026-09-22,51627,6,0
2026-09-22,51629,6,0
2026-09-22,51670,6,0
2026-09-22,51723,6,0
2026-09-22,51735,6,0
2026-09-22,51771,6,0
2026-09-22,51861,6,0
2026-09-22,51864,6,0
2026-09-22,51884,6,0
2026-09-22,51910,6,0
2026-09-22,51915,6,0
2026-09-22,51920,6,0
2026-09-22,52092,6,0
2026-09-22,52755,6,0
2026-09-22,52852,6,0
2026-09-22,53287,6,0
2026-09-22,53562,6,0
2026-09-22,53904,6,0
2026-09-22,54605,6,0
2026-09-22,55712,6,0
2026-09-22,55947,6,0
2026-09-22,56376,6,0
2026-09-22,56948,6,0
2026-09-22,59065,6,0
2026-09-22,60080,6,0
2026-09-22,60227,6,0
2026-09-22,60392,6,0
2026-09-22,60448,6,0
2026-09-22,60910,6,0
2026-09-22,62156,6,0
2026-09-22,62705,6,0
2026-09-22,64972,6,0
2026-09-22,65075,6,0
2026-09-22,49640,5,0
2026-09-22,49892,5,0
2026-09-22,49943,5,0
2026-09-22,50049,5,0
2026-09-22,50063,5,0
2026-09-22,50313,5,0
2026-09-22,50436,5,0
2026-09-22,50500,5,0
2026-09-22,50515,5,0
2026-09-22,50516,5,0
2026-09-22,50523,5,0
2026-09-22,50886,5,0
2026-09-22,50895,5,0
2026-09-22,51072,5,0
2026-09-22,51349,5,0
2026-09-22,51446,5,0
2026-09-22,51555,5,0
2026-09-22,51765,5,0
2026-09-22,51938,5,0
2026-09-22,53508,5,0
2026-09-22,54080,5,0
2026-09-22,55894,5,0
2026-09-22,58215,5,0
2026-09-22,60538,5,0
2026-09-22,60680,5,0
2026-09-22,63227,5,0
2026-09-22,63698,5,0
2026-09-22,64202,5,0
2026-09-22,64468,5,0
2026-09-22,64738,5,3
2026-09-22,49156,4,0
2026-09-22,49166,4,0
2026-09-22,49199,4,0
2026-09-22,49214,4,0
2026-09-22,49227,4,0
2026-09-22,49228,4,0
2026-09-22,49280,4,0
2026-09-22,49285,4,0
2026-09-22,49311,4,0
2026-09-22,49342,4,0
2026-09-22,49400,4,0
2026-09-22,49426,4,0
2026-09-22,49445,4,0
2026-09-22,49516,4,0
2026-09-22,49554,4,0
2026-09-22,49567,4,0
2026-09-22,49596,4,0
2026-09-22,49620,4,0
2026-09-22,49637,4,0
2026-09-22,49644,4,0
2026-09-22,49677,4,0
2026-09-22,49708,4,0
2026-09-22,49770,4,0
2026-09-22,49791,4,0
2026-09-22,49814,4,0
2026-09-22,49822,4,0
2026-09-22,49850,4,0
2026-09-22,49881,4,0
2026-09-22,49894,4,0
2026-09-22,49897,4,0
2026-09-22,50004,4,0
2026-09-22,50018,4,0
2026-09-22,50021,4,0
2026-09-22,50024,4,0
2026-09-22,50037,4,0
2026-09-22,50041,4,0
2026-09-22,50064,4,0
2026-09-22,50136,4,0
2026-09-22,50294,4,0
2026-09-22,50297,4,0
2026-09-22,50306,4,0
2026-09-22,50317,4,0
2026-09-22,50330,4,0
2026-09-22,50342,4,0
2026-09-22,50343,4,0
2026-09-22,50362,4,0
2026-09-22,50373,4,0
2026-09-22,50395,4,0
2026-09-22,50431,4,0
2026-09-22,50444,4,0
2026-09-22,50462,4,0
2026-09-22,50473,4,0
2026-09-22,50553,4,0
2026-09-22,50589,4,0
2026-09-22,50634,4,0
2026-09-22,50638,4,0
2026-09-22,50659,4,0
2026-09-22,50757,4,0
2026-09-22,50781,4,0
2026-09-22,50843,4,0
2026-09-22,50864,4,0
2026-09-22,50887,4,0
2026-09-22,50952,4,0
2026-09-22,50977,4,0
2026-09-22,51006,4,0
2026-09-22,51073,4,0
2026-09-22,51150,4,0
2026-09-22,51170,4,0
2026-09-22,51203,4,0
2026-09-22,51287,4,0
2026-09-22,51291,4,0
2026-09-22,51297,4,0
2026-09-22,51309,4,0
2026-09-22,51317,4,0
2026-09-22,51322,4,0
2026-09-22,51331,4,0
2026-09-22,51334,4,0
2026-09-22,51338,4,0
2026-09-22,51360,4,0
2026-09-22,51402,4,0
2026-09-22,51505,4,0
2026-09-22,51602,4,0
2026-09-22,51635,4,0
2026-09-22,51677,4,0
2026-09-22,51699,4,0
2026-09-22,51708,4,0
2026-09-22,51728,4,0
2026-09-22,51778,4,0
2026-09-22,51811,4,0
2026-09-22,51972,4,0
2026-09-22,52003,4,0
2026-09-22,52014,4,0
2026-09-22,52025,4,0
2026-09-22,52114,4,0
2026-09-22,52124,4,0
2026-09-22,52174,4,0
2026-09-22,52188,4,0
2026-09-22,52218,4,0
2026-09-22,52219,4,0
2026-09-22,52224,4,0
2026-09-22,52262,4,0
2026-09-22,52269,4,0
2026-09-22,52287,4,0
2026-09-22,52317,4,0
2026-09-22,52393,4,0
2026-09-22,52408,4,0
2026-09-22,52447,4,0
2026-09-22,52470,4,0
2026-09-22,52487,4,0
2026-09-22,52498,4,0
2026-09-22,52513,4,0
2026-09-22,52520,4,0
2026-09-22,52542,4,0
2026-09-22,52601,4,0
2026-09-22,52607,4,0
2026-09-22,52608,4,0
2026-09-22,52624,4,0
2026-09-22,52637,4,0
2026-09-22,52644,4,0
2026-09-22,52682,4,0
2026-09-22,52691,4,0
2026-09-22,52707,4,0
2026-09-22,52708,4,0
2026-09-22,52736,4,0
2026-09-22,52749,4,0
2026-09-22,52780,4,0
2026-09-22,52800,4,0
2026-09-22,52809,4,0
2026-09-22,52844,4,0
2026-09-22,52849,4,0
2026-09-22,52859,4,0
2026-09-22,52923,4,0
2026-09-22,52928,4,0
2026-09-22,52936,4,0
2026-09-22,52975,4,0
2026-09-22,53022,4,0
2026-09-22,53039,4,0
2026-09-22,53119,4,0
2026-09-22,53130,4,0
2026-09-22,53172,4,0
2026-09-22,53243,4,0
2026-09-22,53244,4,0
2026-09-22,53259,4,0
2026-09-22,53293,4,0
2026-09-22,53298,4,0
2026-09-22,53308,4,0
2026-09-22,53363,4,0
2026-09-22,53367,4,0
2026-09-22,53398,4,0
2026-09-22,53416,4,0
2026-09-22,53418,4,0
2026-09-22,53426,4,0
2026-09-22,53429,4,0
2026-09-22,53440,4,0
2026-09-22,53447,4,0
2026-09-22,53453,4,0
2026-09-22,53454,4,0
2026-09-22,53528,4,0
2026-09-22,53576,4,0
2026-09-22,53635,4,0
2026-09-22,53640,4,0
2026-09-22,53669,4,0
2026-09-22,53680,4,0
2026-09-22,53718,4,0
2026-09-22,53734,4,0
2026-09-22,53754,4,0
2026-09-22,53758,4,0
2026-09-22,53759,4,0
2026-09-22,53768,4,0
2026-09-22,53784,4,0
2026-09-22,53793,4,0
2026-09-22,53820,4,0
2026-09-22,53853,4,0
2026-09-22,53884,4,0
2026-09-22,53920,4,0
2026-09-22,53934,4,0
2026-09-22,53944,4,0
2026-09-22,53954,4,0
2026-09-22,53965,4,0
2026-09-22,54059,4,0
2026-09-22,54061,4,0
2026-09-22,54067,4,0
2026-09-22,54099,4,0
2026-09-22,54151,4,0
2026-09-22,54160,4,0
2026-09-22,54178,4,0
2026-09-22,54195,4,0
2026-09-22,54239,4,0
2026-09-22,54267,4,0
2026-09-22,54280,4,0
2026-09-22,54311,4,0
2026-09-22,54314,4,0
2026-09-22,54371,4,0
2026-09-22,54424,4,0
2026-09-22,54508,4,0
2026-09-22,54579,4,0
2026-09-22,54583,4,0
2026-09-22,54600,4,0
2026-09-22,54642,4,0
2026-09-22,54643,4,0
2026-09-22,54653,4,0
2026-09-22,54708,4,0
2026-09-22,54776,4,0
2026-09-22,54802,4,0
2026-09-22,54811,4,0
2026-09-22,54882,4,0
2026-09-22,54884,4,0
2026-09-22,54899,4,0
2026-09-22,54908,4,0
2026-09-22,54945,4,0
2026-09-22,54957,4,0
2026-09-22,54985,4,0
2026-09-22,55016,4,0
2026-09-22,55017,4,0
2026-09-22,55049,4,0
2026-09-22,55060,4,0
2026-09-22,55076,4,0
2026-09-22,55110,4,0
2026-09-22,55118,4,0
2026-09-22,55126,4,0
2026-09-22,55144,4,0
2026-09-22,55150,4,0
2026-09-22,55173,4,0
2026-09-22,55190,4,0
2026-09-22,55210,4,0
2026-09-22,55269,4,0
2026-09-22,55284,4,0
2026-09-22,55288,4,0
2026-09-22,55300,4,0
2026-09-22,55321,4,0
2026-09-22,55322,4,0
2026-09-22,55374,4,0
2026-09-22,55378,4,0
2026-09-22,55407,4,0
2026-09-22,55437,4,0
2026-09-22,55442,4,0
2026-09-22,55466,4,0
2026-09-22,55509,4,0
2026-09-22,55525,4,0
2026-09-22,55539,4,0
2026-09-22,55545,4,0
2026-09-22,55552,4,0
2026-09-22,55662,4,0
2026-09-22,55704,4,0
2026-09-22,55745,4,0
2026-09-22,55746,4,0
2026-09-22,55753,4,0
2026-09-22,55767,4,0
2026-09-22,55827,4,0
2026-09-22,55857,4,0
2026-09-22,55876,4,0
2026-09-22,55950,4,0
2026-09-22,55957,4,0
2026-09-22,55970,4,0
2026-09-22,55996,4,0
2026-09-22,56000,4,0
2026-09-22,56021,4,0
2026-09-22,56026,4,0
2026-09-22,56031,4,0
2026-09-22,56035,4,0
2026-09-22,56101,4,0
2026-09-22,56106,4,0
2026-09-22,56115,4,0
2026-09-22,56168,4,0
2026-09-22,56200,4,0
2026-09-22,56229,4,0
2026-09-22,56231,4,0
2026-09-22,56256,4,0
2026-09-22,56280,4,0
2026-09-22,56289,4,0
2026-09-22,56312,4,0
2026-09-22,56316,4,0
2026-09-22,56345,4,0
2026-09-22,56410,4,0
2026-09-22,56426,4,0
2026-09-22,56428,4,0
2026-09-22,56456,4,0
2026-09-22,56466,4,0
2026-09-22,56484,4,0
2026-09-22,56530,4,0
2026-09-22,56572,4,0
2026-09-22,56592,4,0
2026-09-22,56682,4,0
2026-09-22,56688,4,0
2026-09-22,56693,4,0
2026-09-22,56700,4,0
2026-09-22,56769,4,0
2026-09-22,56841,4,0
2026-09-22,56850,4,0
2026-09-22,56861,4,0
2026-09-22,56873,4,0
2026-09-22,56878,4,0
2026-09-22,56883,4,0
2026-09-22,56887,4,0
2026-09-22,56913,4,0
2026-09-22,57025,4,0
2026-09-22,57036,4,0
2026-09-22,57069,4,0
2026-09-22,57092,4,0
2026-09-22,57100,4,0
2026-09-22,57165,4,0
2026-09-22,57207,4,0
2026-09-22,57213,4,0
2026-09-22,57250,4,0
2026-09-22,57257,4,0
2026-09-22,57261,4,0
2026-09-22,57279,4,0
2026-09-22,57287,4,0
2026-09-22,57365,4,0
2026-09-22,57370,4,0
2026-09-22,57483,4,0
2026-09-22,57495,4,0
2026-09-22,57527,4,0
2026-09-22,57534,4,0
2026-09-22,57553,4,0
2026-09-22,57566,4,0
2026-09-22,57570,4,0
2026-09-22,57583,4,0
2026-09-22,57620,4,0
2026-09-22,57628,4,0
2026-09-22,57637,4,0
2026-09-22,57648,4,0
2026-09-22,57661,4,0
2026-09-22,57672,4,0
2026-09-22,57693,4,0
2026-09-22,57712,4,0
2026-09-22,57713,4,0
2026-09-22,57742,4,0
2026-09-22,57791,4,0
2026-09-22,57828,4,0
2026-09-22,57838,4,0
2026-09-22,57850,4,0
2026-09-22,57864,4,0
2026-09-22,57874,4,0
2026-09-22,57888,4,0
2026-09-22,57899,4,0
2026-09-22,57914,4,0
2026-09-22,57917,4,0
2026-09-22,57933,4,0
2026-09-22,57975,4,0
2026-09-22,57981,4,0
2026-09-22,57987,4,0
2026-09-22,58003,4,0
2026-09-22,58023,4,0
2026-09-22,58082,4,0
2026-09-22,58104,4,0
2026-09-22,58106,4,0
2026-09-22,58134,4,0
2026-09-22,58148,4,0
2026-09-22,58169,4,0
2026-09-22,58184,4,0
2026-09-22,58191,4,0
2026-09-22,58241,4,0
2026-09-22,58248,4,0
2026-09-22,58273,4,0
2026-09-22,58327,4,0
2026-09-22,58345,4,0
2026-09-22,58366,4,0
2026-09-22,58432,4,0
2026-09-22,58484,4,0
2026-09-22,58488,4,0
2026-09-22,58504,4,0
2026-09-22,58512,4,0
2026-09-22,58530,4,0
2026-09-22,58541,4,0
2026-09-22,58544,4,0
2026-09-22,58553,4,0
2026-09-22,58596,4,0
2026-09-22,58652,4,0
2026-09-22,58708,4,0
2026-09-22,58723,4,0
2026-09-22,58727,4,0
2026-09-22,58735,4,0
2026-09-22,58777,4,0
2026-09-22,58778,4,0
2026-09-22,58839,4,0
2026-09-22,58927,4,0
2026-09-22,58942,4,0
2026-09-22,58966,4,0
2026-09-22,58999,4,0
2026-09-22,59007,4,0
2026-09-22,59014,4,0
2026-09-22,59032,4,0
2026-09-22,59041,4,0
2026-09-22,59070,4,0
2026-09-22,59074,4,0
2026-09-22,59081,4,0
2026-09-22,59093,4,0
2026-09-22,59115,4,0
2026-09-22,59125,4,0
2026-09-22,59132,4,0
2026-09-22,59143,4,0
2026-09-22,59149,4,0
2026-09-22,59200,4,0
2026-09-22,59205,4,0
2026-09-22,59234,4,0
2026-09-22,59295,4,0
2026-09-22,59320,4,0
2026-09-22,59373,4,0
2026-09-22,59375,4,0
2026-09-22,59403,4,0
2026-09-22,59427,4,0
2026-09-22,59449,4,0
2026-09-22,59498,4,0
2026-09-22,59570,4,0
2026-09-22,59605,4,0
2026-09-22,59638,4,0
2026-09-22,59656,4,0
2026-09-22,59666,4,0
2026-09-22,59675,4,0
2026-09-22,59684,4,0
2026-09-22,59821,4,0
2026-09-22,59827,4,0
2026-09-22,59838,4,0
2026-09-22,59850,4,0
2026-09-22,59876,4,0
2026-09-22,59902,4,0
2026-09-22,59905,4,0
2026-09-22,59920,4,0
2026-09-22,59931,4,0
2026-09-22,59942,4,0
2026-09-22,59989,4,0
2026-09-22,60002,4,0
2026-09-22,60014,4,0
2026-09-22,60016,4,0
2026-09-22,60046,4,0
2026-09-22,60087,4,0
2026-09-22,60093,4,0
2026-09-22,60189,4,0
2026-09-22,60200,4,0
2026-09-22,60223,4,0
2026-09-22,60230,4,0
2026-09-22,60264,4,0
2026-09-22,60365,4,0
2026-09-22,60386,4,0
2026-09-22,60405,4,0
2026-09-22,60426,4,0
2026-09-22,60434,4,0
2026-09-22,60439,4,0
2026-09-22,60509,4,0
2026-09-22,60514,4,0
2026-09-22,60515,4,0
2026-09-22,60527,4,0
2026-09-22,60553,4,0
2026-09-22,60561,4,0
2026-09-22,60567,4,0
2026-09-22,60672,4,0
2026-09-22,60709,4,0
2026-09-22,60729,4,0
2026-09-22,60780,4,0
2026-09-22,60789,4,0
2026-09-22,60797,4,0
2026-09-22,60805,4,0
2026-09-22,60820,4,0
2026-09-22,60835,4,0
2026-09-22,60899,4,0
2026-09-22,60907,4,0
2026-09-22,60931,4,0
2026-09-22,60958,4,0
2026-09-22,60975,4,0
2026-09-22,61012,4,0
2026-09-22,61024,4,0
2026-09-22,61040,4,0
2026-09-22,61046,4,0
2026-09-22,61054,4,0
2026-09-22,61057,4,0
2026-09-22,61061,4,0
2026-09-22,61071,4,0
2026-09-22,61119,4,0
2026-09-22,61120,4,0
2026-09-22,61130,4,0
2026-09-22,61169,4,0
2026-09-22,61175,4,0
2026-09-22,61207,4,0
2026-09-22,61212,4,0
2026-09-22,61234,4,0
2026-09-22,61258,4,0
2026-09-22,61259,4,0
2026-09-22,61260,4,0
2026-09-22,61277,4,0
2026-09-22,61278,4,0
2026-09-22,61297,4,0
2026-09-22,61304,4,0
2026-09-22,61312,4,0
2026-09-22,61335,4,0
2026-09-22,61367,4,0
2026-09-22,61440,4,0
2026-09-22,61447,4,0
2026-09-22,61487,4,0
2026-09-22,61493,4,0
2026-09-22,61494,4,0
2026-09-22,61495,4,0
2026-09-22,61583,4,0
2026-09-22,61599,4,0
2026-09-22,61619,4,0
2026-09-22,61623,4,0
2026-09-22,61631,4,0
2026-09-22,61641,4,0
2026-09-22,61702,4,0
2026-09-22,61704,4,0
2026-09-22,61792,4,0
2026-09-22,61801,4,0
2026-09-22,61827,4,0
2026-09-22,61830,4,0
2026-09-22,61904,4,0
2026-09-22,61924,4,0
2026-09-22,61956,4,0
2026-09-22,61959,4,0
2026-09-22,61972,4,0
2026-09-22,62009,4,0
2026-09-22,62059,4,0
2026-09-22,62111,4,0
2026-09-22,62113,4,0
2026-09-22,62128,4,0
2026-09-22,62141,4,0
2026-09-22,62166,4,0
2026-09-22,62174,4,0
2026-09-22,62213,4,0
2026-09-22,62226,4,0
2026-09-22,62229,4,0
2026-09-22,62278,4,0
2026-09-22,62318,4,0
2026-09-22,62322,4,0
2026-09-22,62344,4,0
2026-09-22,62351,4,0
2026-09-22,62363,4,0
2026-09-22,62387,4,0
2026-09-22,62459,4,0
2026-09-22,62464,4,0
2026-09-22,62480,4,0
2026-09-22,62488,4,0
2026-09-22,62490,4,0
2026-09-22,62516,4,0
2026-09-22,62595,4,0
2026-09-22,62596,4,0
2026-09-22,62662,4,0
2026-09-22,62727,4,0
2026-09-22,62746,4,0
2026-09-22,62834,4,0
2026-09-22,62836,4,0
2026-09-22,62840,4,0
2026-09-22,62895,4,0
2026-09-22,62911,4,0
2026-09-22,62922,4,0
2026-09-22,62938,4,0
2026-09-22,62987,4,0
2026-09-22,63009,4,0
2026-09-22,63060,4,0
2026-09-22,63101,4,0
2026-09-22,63127,4,0
2026-09-22,63153,4,0
2026-09-22,63191,4,0
2026-09-22,63201,4,0
2026-09-22,63219,4,0
2026-09-22,63223,4,0
2026-09-22,63285,4,0
2026-09-22,63301,4,0
2026-09-22,63312,4,0
2026-09-22,63336,4,0
2026-09-22,63348,4,0
2026-09-22,63361,4,0
2026-09-22,63381,4,0
2026-09-22,63411,4,0
2026-09-22,63453,4,0
2026-09-22,63470,4,0
2026-09-22,63477,4,0
2026-09-22,63481,4,0
2026-09-22,63502,4,0
2026-09-22,63505,4,0
2026-09-22,63569,4,0
2026-09-22,63570,4,0
2026-09-22,63599,4,0
2026-09-22,63633,4,0
2026-09-22,63647,4,0
2026-09-22,63692,4,0
2026-09-22,63711,4,0
2026-09-22,63715,4,0
2026-09-22,63740,4,0
2026-09-22,63787,4,0
2026-09-22,63793,4,0
2026-09-22,63894,4,0
2026-09-22,63898,4,0
2026-09-22,63919,4,0
2026-09-22,63920,4,0
2026-09-22,63928,4,0
2026-09-22,63972,4,0
2026-09-22,63997,4,0
2026-09-22,64008,4,0
2026-09-22,64086,4,0
2026-09-22,64094,4,0
2026-09-22,64109,4,0
2026-09-22,64127,4,0
2026-09-22,64157,4,0
2026-09-22,64167,4,0
2026-09-22,64172,4,0
2026-09-22,64200,4,0
2026-09-22,64206,4,0
2026-09-22,64232,4,0
2026-09-22,64247,4,0
2026-09-22,64256,4,0
2026-09-22,64319,4,0
2026-09-22,64324,4,0
2026-09-22,64333,4,0
2026-09-22,64357,4,0
2026-09-22,64359,4,0
2026-09-22,64377,4,0
2026-09-22,64383,4,0
2026-09-22,64398,4,0
2026-09-22,64489,4,0
2026-09-22,64503,4,0
2026-09-22,64512,4,0
2026-09-22,64535,4,0
2026-09-22,64602,4,0
2026-09-22,64621,4,0
2026-09-22,64637,4,0
2026-09-22,64649,4,0
2026-09-22,64667,4,0
2026-09-22,64686,4,0
2026-09-22,64700,4,0
2026-09-22,64713,4,0
2026-09-22,64796,4,0
2026-09-22,64798,4,0
2026-09-22,64829,4,0
2026-09-22,64861,4,0
2026-09-22,64870,4,0
2026-09-22,64893,4,0
2026-09-22,64894,4,0
2026-09-22,64928,4,0
2026-09-22,64940,4,0
2026-09-22,64943,4,0
2026-09-22,64945,4,0
2026-09-22,64983,4,0
2026-09-22,64994,4,0
2026-09-22,65052,4,0
2026-09-22,65058,4,0
2026-09-22,65068,4,0
2026-09-22,65118,4,0
2026-09-22,65128,4,0
2026-09-22,65157,4,0
2026-09-22,65195,4,0
2026-09-22,65206,4,0
2026-09-22,65224,4,0
2026-09-22,65233,4,0
2026-09-22,65257,4,0
2026-09-22,65269,4,0
2026-09-22,65300,4,0
2026-09-22,65308,4,0
2026-09-22,65330,4,0
2026-09-22,65337,4,0
2026-09-22,65352,4,0
2026-09-22,65364,4,0
2026-09-22,65370,4,0
2026-09-22,65390,4,0
2026-09-22,65391,4,0
2026-09-22,65444,4,0
2026-09-22,65504,4,0
2026-09-22,65508,4,0
2026-09-22,49374,3,0
2026-09-22,49419,3,0
2026-09-22,49523,3,0
2026-09-22,49839,3,0
2026-09-22,49885,3,0
2026-09-22,50409,3,0
2026-09-22,50412,3,0
2026-09-22,50413,3,0
2026-09-22,50418,3,0
2026-09-22,50425,3,0
2026-09-22,50427,3,0
2026-09-22,50435,3,0
2026-09-22,50443,3,0
2026-09-22,50446,3,0
2026-09-22,50465,3,0
2026-09-22,50490,3,3
2026-09-22,50501,3,0
2026-09-22,50536,3,0
2026-09-22,50805,3,0
2026-09-22,50810,3,0
2026-09-22,51025,3,0
2026-09-22,51070,3,0
2026-09-22,51075,3,0
2026-09-22,51443,3,0
2026-09-22,51906,3,0
2026-09-22,52098,3,0
2026-09-22,52198,3,0
2026-09-22,52857,3,0
2026-09-22,53082,3,0
2026-09-22,53085,3,0
2026-09-22,53230,3,0
2026-09-22,53340,3,0
2026-09-22,53836,3,0
2026-09-22,53949,3,0
2026-09-22,54203,3,0
2026-09-22,54288,3,0
2026-09-22,55023,3,0
2026-09-22,55179,3,0
2026-09-22,55634,3,0
2026-09-22,56320,3,0
2026-09-22,57042,3,0
2026-09-22,58952,3,0
2026-09-22,60293,3,0
2026-09-22,60714,3,0
2026-09-22,61035,3,0
2026-09-22,61147,3,0
2026-09-22,61762,3,0
2026-09-22,62683,3,0
2026-09-22,63054,3,0
2026-09-22,63204,3,0
2026-09-22,63873,3,0
2026-09-22,63895,3,0
2026-09-22,64010,3,0
2026-09-22,27015,2,0
2026-09-22,49181,2,0
2026-09-22,49213,2,0
2026-09-22,49224,2,0
2026-09-22,49240,2,0
2026-09-22,49269,2,0
2026-09-22,49288,2,0
2026-09-22,49327,2,0
2026-09-22,49331,2,0
2026-09-22,49358,2,0
2026-09-22,49376,2,0
2026-09-22,49390,2,0
2026-09-22,49404,2,0
2026-09-22,49414,2,0
2026-09-22,49545,2,0
2026-09-22,49594,2,0
2026-09-22,49633,2,0
2026-09-22,49634,2,0
2026-09-22,49710,2,0
2026-09-22,49735,2,0
2026-09-22,49765,2,0
2026-09-22,49774,2,0
2026-09-22,49775,2,0
2026-09-22,49776,2,0
2026-09-22,49779,2,0
2026-09-22,49790,2,0
2026-09-22,49879,2,0
2026-09-22,49910,2,0
2026-09-22,49911,2,0
2026-09-22,49985,2,0
2026-09-22,50012,2,0
2026-09-22,50040,2,0
2026-09-22,50066,2,0
2026-09-22,50096,2,0
2026-09-22,50146,2,0
2026-09-22,50175,2,0
2026-09-22,50237,2,0
2026-09-22,50239,2,0
2026-09-22,50265,2,0
2026-09-22,50302,2,0
2026-09-22,50308,2,0
2026-09-22,50314,2,0
2026-09-22,50350,2,0
2026-09-22,50359,2,0
2026-09-22,50360,2,0
2026-09-22,50366,2,0
2026-09-22,50376,2,0
2026-09-22,50378,2,0
2026-09-22,50382,2,0
2026-09-22,50387,2,0
2026-09-22,50390,2,0
2026-09-22,50402,2,0
2026-09-22,50416,2,0
2026-09-22,50417,2,0
2026-09-22,50423,2,0
2026-09-22,50438,2,0
2026-09-22,50456,2,0
2026-09-22,50467,2,0
2026-09-22,50468,2,0
2026-09-22,50471,2,0
2026-09-22,50479,2,0
2026-09-22,50491,2,2
2026-09-22,50557,2,0
2026-09-22,50581,2,0
2026-09-22,50582,2,0
2026-09-22,50588,2,0
2026-09-22,50591,2,0
2026-09-22,50598,2,0
2026-09-22,50618,2,0
2026-09-22,50642,2,0
2026-09-22,50668,2,0
2026-09-22,50693,2,0
2026-09-22,50746,2,0
2026-09-22,50773,2,0
2026-09-22,50774,2,0
2026-09-22,50791,2,0
2026-09-22,50794,2,0
2026-09-22,50806,2,0
2026-09-22,50868,2,0
2026-09-22,50880,2,0
2026-09-22,50903,2,0
2026-09-22,50935,2,0
2026-09-22,50939,2,0
2026-09-22,50944,2,0
2026-09-22,50974,2,0
2026-09-22,50981,2,0
2026-09-22,51049,2,0
2026-09-22,51057,2,0
2026-09-22,51094,2,0
2026-09-22,51279,2,0
2026-09-22,51381,2,0
2026-09-22,51432,2,0
2026-09-22,51620,2,0
2026-09-22,51630,2,0
2026-09-22,51657,2,0
2026-09-22,51780,2,0
2026-09-22,51805,2,0
2026-09-22,51870,2,0
2026-09-22,51894,2,0
2026-09-22,51928,2,0
2026-09-22,51956,2,0
2026-09-22,51998,2,0
2026-09-22,52074,2,0
2026-09-22,52140,2,0
2026-09-22,52150,2,0
2026-09-22,52189,2,0
2026-09-22,52227,2,0
2026-09-22,52230,2,0
2026-09-22,52240,2,0
2026-09-22,52307,2,0
2026-09-22,52310,2,0
2026-09-22,52420,2,0
2026-09-22,52501,2,0
2026-09-22,52512,2,0
2026-09-22,52517,2,0
2026-09-22,52564,2,0
2026-09-22,52589,2,0
2026-09-22,52594,2,0
2026-09-22,52632,2,0
2026-09-22,52640,2,0
2026-09-22,52648,2,0
2026-09-22,52651,2,0
2026-09-22,52675,2,0
2026-09-22,52681,2,0
2026-09-22,52710,2,0
2026-09-22,52720,2,0
2026-09-22,52747,2,0
2026-09-22,52776,2,0
2026-09-22,52791,2,0
2026-09-22,52876,2,0
2026-09-22,52884,2,0
2026-09-22,52908,2,0
2026-09-22,52968,2,0
2026-09-22,53030,2,0
2026-09-22,53031,2,0
2026-09-22,53100,2,0
2026-09-22,53128,2,0
2026-09-22,53155,2,0
2026-09-22,53159,2,0
2026-09-22,53180,2,0
2026-09-22,53183,2,0
2026-09-22,53234,2,0
2026-09-22,53286,2,0
2026-09-22,53349,2,0
2026-09-22,53357,2,0
2026-09-22,53397,2,0
2026-09-22,53435,2,0
2026-09-22,53438,2,0
2026-09-22,53500,2,0
2026-09-22,5355,2,0
2026-09-22,53587,2,0
2026-09-22,53601,2,0
2026-09-22,53618,2,0
2026-09-22,53648,2,0
2026-09-22,53656,2,0
2026-09-22,53675,2,0
2026-09-22,53745,2,0
2026-09-22,53814,2,0
2026-09-22,53815,2,0
2026-09-22,53831,2,0
2026-09-22,53930,2,0
2026-09-22,53955,2,0
2026-09-22,53967,2,0
2026-09-22,54002,2,0
2026-09-22,54054,2,0
2026-09-22,54077,2,0
2026-09-22,54082,2,0
2026-09-22,54163,2,0
2026-09-22,54174,2,0
2026-09-22,54180,2,0
2026-09-22,54264,2,0
2026-09-22,54265,2,0
2026-09-22,54268,2,0
2026-09-22,54298,2,0
2026-09-22,54346,2,0
2026-09-22,54363,2,0
2026-09-22,54392,2,0
2026-09-22,54402,2,0
2026-09-22,54489,2,0
2026-09-22,54556,2,0
2026-09-22,54607,2,0
2026-09-22,54608,2,0
2026-09-22,54627,2,0
2026-09-22,54655,2,0
2026-09-22,54680,2,0
2026-09-22,54690,2,0
2026-09-22,54699,2,0
2026-09-22,54714,2,0
2026-09-22,54755,2,0
2026-09-22,54770,2,0
2026-09-22,54788,2,0
2026-09-22,54818,2,0
2026-09-22,54832,2,0
2026-09-22,54854,2,0
2026-09-22,54870,2,0
2026-09-22,54886,2,0
2026-09-22,54975,2,0
2026-09-22,54986,2,0
2026-09-22,54999,2,0
2026-09-22,55003,2,0
2026-09-22,55012,2,0
2026-09-22,55105,2,0
2026-09-22,55114,2,0
2026-09-22,55119,2,0
2026-09-22,55134,2,0
2026-09-22,55141,2,0
2026-09-22,55175,2,0
2026-09-22,55194,2,0
2026-09-22,55223,2,0
2026-09-22,55276,2,0
2026-09-22,55291,2,0
2026-09-22,55355,2,0
2026-09-22,55365,2,0
2026-09-22,55390,2,0
2026-09-22,55410,2,0
2026-09-22,55438,2,0
2026-09-22,55440,2,0
2026-09-22,55453,2,0
2026-09-22,55485,2,0
2026-09-22,55531,2,0
2026-09-22,55595,2,0
2026-09-22,55620,2,0
2026-09-22,55664,2,0
2026-09-22,55670,2,0
2026-09-22,55671,2,0
2026-09-22,55674,2,0
2026-09-22,55693,2,0
2026-09-22,55714,2,0
2026-09-22,55723,2,0
2026-09-22,55756,2,0
2026-09-22,55782,2,0
2026-09-22,55797,2,0
2026-09-22,55813,2,0
2026-09-22,55816,2,0
2026-09-22,55863,2,0
2026-09-22,55916,2,0
2026-09-22,55926,2,0
2026-09-22,55976,2,0
2026-09-22,56030,2,0
2026-09-22,56041,2,0
2026-09-22,56054,2,0
2026-09-22,56100,2,0
2026-09-22,56118,2,0
2026-09-22,56138,2,0
2026-09-22,56141,2,0
2026-09-22,56158,2,0
2026-09-22,56162,2,0
2026-09-22,56208,2,0
2026-09-22,56286,2,0
2026-09-22,56299,2,0
2026-09-22,56343,2,0
2026-09-22,56439,2,0
2026-09-22,56459,2,0
2026-09-22,56492,2,0
2026-09-22,56544,2,0
2026-09-22,56550,2,0
2026-09-22,56563,2,0
2026-09-22,56590,2,0
2026-09-22,56605,2,0
2026-09-22,56622,2,0
2026-09-22,56624,2,0
2026-09-22,56652,2,0
2026-09-22,56662,2,0
2026-09-22,56668,2,0
2026-09-22,56691,2,0
2026-09-22,56732,2,0
2026-09-22,56735,2,0
2026-09-22,56736,2,0
2026-09-22,56760,2,0
2026-09-22,56831,2,0
2026-09-22,56866,2,0
2026-09-22,56968,2,0
2026-09-22,56983,2,0
2026-09-22,56991,2,0
2026-09-22,57031,2,0
2026-09-22,57077,2,0
2026-09-22,57109,2,0
2026-09-22,57181,2,0
2026-09-22,57216,2,0
2026-09-22,57256,2,0
2026-09-22,57271,2,0
2026-09-22,57273,2,0
2026-09-22,57280,2,0
2026-09-22,57303,2,0
2026-09-22,57308,2,0
2026-09-22,57343,2,0
2026-09-22,57347,2,0
2026-09-22,57349,2,0
2026-09-22,57377,2,0
2026-09-22,57404,2,0
2026-09-22,57414,2,0
2026-09-22,57426,2,0
2026-09-22,57430,2,0
2026-09-22,57562,2,0
2026-09-22,57571,2,0
2026-09-22,57664,2,0
2026-09-22,57689,2,0
2026-09-22,57699,2,0
2026-09-22,57818,2,0
2026-09-22,57831,2,0
2026-09-22,57907,2,0
2026-09-22,57913,2,0
2026-09-22,57932,2,0
2026-09-22,58000,2,0
2026-09-22,58035,2,0
2026-09-22,58080,2,0
2026-09-22,58103,2,0
2026-09-22,58149,2,0
2026-09-22,58156,2,0
2026-09-22,58201,2,0
2026-09-22,58255,2,0
2026-09-22,58324,2,0
2026-09-22,58329,2,0
2026-09-22,58376,2,0
2026-09-22,58398,2,0
2026-09-22,58410,2,0
2026-09-22,58413,2,0
2026-09-22,58424,2,0
2026-09-22,58489,2,0
2026-09-22,58568,2,0
2026-09-22,58577,2,0
2026-09-22,58759,2,0
2026-09-22,58761,2,0
2026-09-22,58773,2,0
2026-09-22,58826,2,0
2026-09-22,58830,2,0
2026-09-22,58856,2,0
2026-09-22,58872,2,0
2026-09-22,58890,2,0
2026-09-22,58893,2,0
2026-09-22,58905,2,0
2026-09-22,58913,2,0
2026-09-22,58918,2,0
2026-09-22,58965,2,0
2026-09-22,58981,2,0
2026-09-22,59017,2,0
2026-09-22,59044,2,0
2026-09-22,59059,2,0
2026-09-22,59138,2,0
2026-09-22,59162,2,0
2026-09-22,59202,2,0
2026-09-22,59228,2,0
2026-09-22,59235,2,0
2026-09-22,59238,2,0
2026-09-22,59268,2,0
2026-09-22,59282,2,0
2026-09-22,59324,2,0
2026-09-22,59378,2,0
2026-09-22,59396,2,0
2026-09-22,59434,2,0
2026-09-22,59452,2,0
2026-09-22,59497,2,0
2026-09-22,59561,2,0
2026-09-22,59611,2,0
2026-09-22,59617,2,0
2026-09-22,59636,2,0
2026-09-22,59663,2,0
2026-09-22,59673,2,0
2026-09-22,59681,2,0
2026-09-22,59682,2,0
2026-09-22,59707,2,0
2026-09-22,59712,2,0
2026-09-22,59758,2,0
2026-09-22,59772,2,0
2026-09-22,59806,2,0
2026-09-22,59843,2,0
2026-09-22,59854,2,0
2026-09-22,59857,2,0
2026-09-22,59865,2,0
2026-09-22,59910,2,0
2026-09-22,59957,2,0
2026-09-22,59974,2,0
2026-09-22,59979,2,0
2026-09-22,59997,2,0
2026-09-22,60026,2,0
2026-09-22,60036,2,0
2026-09-22,60043,2,0
2026-09-22,60089,2,0
2026-09-22,60096,2,0
2026-09-22,60100,2,0
2026-09-22,60118,2,0
2026-09-22,60240,2,0
2026-09-22,60260,2,0
2026-09-22,60261,2,0
2026-09-22,60266,2,0
2026-09-22,60271,2,0
2026-09-22,60331,2,0
2026-09-22,60338,2,0
2026-09-22,60465,2,0
2026-09-22,60485,2,0
2026-09-22,60576,2,0
2026-09-22,60578,2,0
2026-09-22,60653,2,0
2026-09-22,60701,2,0
2026-09-22,60710,2,0
2026-09-22,60728,2,0
2026-09-22,60757,2,0
2026-09-22,60773,2,0
2026-09-22,60776,2,0
2026-09-22,60825,2,0
2026-09-22,60847,2,0
2026-09-22,60897,2,0
2026-09-22,60904,2,0
2026-09-22,60908,2,0
2026-09-22,60913,2,0
2026-09-22,60928,2,0
2026-09-22,60957,2,0
2026-09-22,61051,2,0
2026-09-22,61111,2,0
2026-09-22,61150,2,0
2026-09-22,61178,2,0
2026-09-22,61251,2,0
2026-09-22,61406,2,0
2026-09-22,61451,2,0
2026-09-22,61520,2,0
2026-09-22,61539,2,0
2026-09-22,61575,2,0
2026-09-22,61612,2,0
2026-09-22,61653,2,0
2026-09-22,61667,2,0
2026-09-22,61676,2,0
2026-09-22,61845,2,0
2026-09-22,61848,2,0
2026-09-22,61858,2,0
2026-09-22,61886,2,0
2026-09-22,61928,2,0
2026-09-22,61951,2,0
2026-09-22,62003,2,0
2026-09-22,62005,2,0
2026-09-22,62008,2,0
2026-09-22,62013,2,0
2026-09-22,62022,2,0
2026-09-22,62077,2,0
2026-09-22,62153,2,0
2026-09-22,62157,2,0
2026-09-22,62237,2,0
2026-09-22,62274,2,0
2026-09-22,62276,2,0
2026-09-22,62281,2,0
2026-09-22,62287,2,0
2026-09-22,62295,2,0
2026-09-22,62312,2,0
2026-09-22,62362,2,0
2026-09-22,62406,2,0
2026-09-22,62454,2,0
2026-09-22,62472,2,0
2026-09-22,62539,2,0
2026-09-22,62590,2,0
2026-09-22,62601,2,0
2026-09-22,62618,2,0
2026-09-22,62636,2,0
2026-09-22,62643,2,0
2026-09-22,62653,2,0
2026-09-22,62704,2,0
2026-09-22,62710,2,0
2026-09-22,62720,2,0
2026-09-22,62723,2,0
2026-09-22,62734,2,0
2026-09-22,62876,2,0
2026-09-22,62915,2,0
2026-09-22,62975,2,0
2026-09-22,62976,2,0
2026-09-22,62981,2,0
2026-09-22,63015,2,0
2026-09-22,63035,2,0
2026-09-22,63051,2,0
2026-09-22,63144,2,0
2026-09-22,63166,2,0
2026-09-22,63203,2,0
2026-09-22,63225,2,0
2026-09-22,63245,2,0
2026-09-22,63252,2,0
2026-09-22,63266,2,0
2026-09-22,63292,2,0
2026-09-22,63333,2,0
2026-09-22,63372,2,0
2026-09-22,63377,2,0
2026-09-22,63403,2,0
2026-09-22,63408,2,0
2026-09-22,63446,2,0
2026-09-22,63464,2,0
2026-09-22,63478,2,0
2026-09-22,63558,2,0
2026-09-22,63573,2,0
2026-09-22,63596,2,0
2026-09-22,63602,2,0
2026-09-22,63609,2,0
2026-09-22,63632,2,0
2026-09-22,63641,2,0
2026-09-22,63707,2,0
2026-09-22,63783,2,0
2026-09-22,63797,2,0
2026-09-22,63812,2,0
2026-09-22,63844,2,0
2026-09-22,63855,2,0
2026-09-22,63867,2,0
2026-09-22,63921,2,0
2026-09-22,64013,2,0
2026-09-22,64015,2,0
2026-09-22,64027,2,0
2026-09-22,64032,2,0
2026-09-22,64092,2,0
2026-09-22,64120,2,0
2026-09-22,64150,2,0
2026-09-22,64155,2,0
2026-09-22,64268,2,0
2026-09-22,64285,2,0
2026-09-22,64287,2,0
2026-09-22,64364,2,0
2026-09-22,64369,2,0
2026-09-22,64374,2,0
2026-09-22,64380,2,0
2026-09-22,64405,2,0
2026-09-22,64411,2,0
2026-09-22,64416,2,0
2026-09-22,64452,2,0
2026-09-22,64459,2,0
2026-09-22,64506,2,0
2026-09-22,64536,2,0
2026-09-22,64549,2,0
2026-09-22,64581,2,0
2026-09-22,64642,2,0
2026-09-22,64661,2,0
2026-09-22,64668,2,0
2026-09-22,64721,2,0
2026-09-22,64773,2,0
2026-09-22,64785,2,0
2026-09-22,64800,2,0
2026-09-22,64807,2,0
2026-09-22,64834,2,0
2026-09-22,64883,2,0
2026-09-22,64898,2,0
2026-09-22,64899,2,0
2026-09-22,64906,2,0
2026-09-22,64941,2,0
2026-09-22,64987,2,0
2026-09-22,64998,2,0
2026-09-22,65045,2,0
2026-09-22,65098,2,0
2026-09-22,65112,2,0
2026-09-22,65126,2,0
2026-09-22,65139,2,0
2026-09-22,65161,2,0
2026-09-22,65202,2,0
2026-09-22,65240,2,0
2026-09-22,65244,2,0
2026-09-22,65245,2,0
2026-09-22,65258,2,0
2026-09-22,65272,2,0
2026-09-22,65291,2,0
2026-09-22,65311,2,0
2026-09-22,65319,2,0
2026-09-22,65347,2,0
2026-09-22,65360,2,0
2026-09-22,65398,2,0
2026-09-22,65505,2,0
2026-09-22,123,1,0
2026-09-22,49182,1,0
2026-09-22,49212,1,0
2026-09-22,49220,1,0
2026-09-22,49398,1,0
2026-09-22,49517,1,0
2026-09-22,49587,1,0
2026-09-22,49606,1,0
2026-09-22,49614,1,0
2026-09-22,49679,1,0
2026-09-22,49784,1,0
2026-09-22,49821,1,0
2026-09-22,49855,1,0
2026-09-22,49917,1,0
2026-09-22,49958,1,0
2026-09-22,49995,1,0
2026-09-22,49999,1,0
2026-09-22,50025,1,0
2026-09-22,50026,1,0
2026-09-22,50178,1,0
2026-09-22,50191,1,0
2026-09-22,50236,1,0
2026-09-22,50323,1,0
2026-09-22,50327,1,0
2026-09-22,50333,1,0
2026-09-22,50337,1,0
2026-09-22,50345,1,0
2026-09-22,50346,1,0
2026-09-22,50365,1,0
2026-09-22,50372,1,0
2026-09-22,50377,1,0
2026-09-22,50380,1,0
2026-09-22,50386,1,0
2026-09-22,50398,1,0
2026-09-22,50404,1,0
2026-09-22,50424,1,0
2026-09-22,50432,1,0
2026-09-22,50433,1,0
2026-09-22,50434,1,0
2026-09-22,50448,1,0
2026-09-22,50457,1,0
2026-09-22,50470,1,0
2026-09-22,50475,1,0
2026-09-22,50477,1,0
2026-09-22,50493,1,1
2026-09-22,50496,1,1
2026-09-22,50555,1,0
2026-09-22,50750,1,0
2026-09-22,50901,1,0
2026-09-22,50943,1,0
2026-09-22,51118,1,0
2026-09-22,51124,1,0
2026-09-22,51341,1,0
2026-09-22,51342,1,0
2026-09-22,51544,1,0
2026-09-22,51584,1,0
2026-09-22,51608,1,0
2026-09-22,51840,1,0
2026-09-22,51866,1,0
2026-09-22,51869,1,0
2026-09-22,51980,1,0
2026-09-22,52006,1,0
2026-09-22,52134,1,0
2026-09-22,52195,1,0
2026-09-22,52247,1,0
2026-09-22,52268,1,0
2026-09-22,52299,1,0
2026-09-22,52378,1,0
2026-09-22,52464,1,0
2026-09-22,52519,1,0
2026-09-22,52621,1,0
2026-09-22,52695,1,0
2026-09-22,52733,1,0
2026-09-22,52805,1,0
2026-09-22,52841,1,0
2026-09-22,52893,1,0
2026-09-22,52994,1,0
2026-09-22,53061,1,0
2026-09-22,53070,1,0
2026-09-22,53074,1,0
2026-09-22,53078,1,0
2026-09-22,53089,1,0
2026-09-22,53153,1,0
2026-09-22,53182,1,0
2026-09-22,53317,1,0
2026-09-22,53364,1,0
2026-09-22,53432,1,0
2026-09-22,53497,1,0
2026-09-22,53548,1,0
2026-09-22,53627,1,0
2026-09-22,53638,1,0
2026-09-22,53654,1,0
2026-09-22,53772,1,0
2026-09-22,53906,1,0
2026-09-22,53912,1,0
2026-09-22,54004,1,0
2026-09-22,54035,1,0
2026-09-22,54122,1,0
2026-09-22,54204,1,0
2026-09-22,54223,1,0
2026-09-22,54245,1,0
2026-09-22,54351,1,0
2026-09-22,54382,1,0
2026-09-22,54421,1,0
2026-09-22,54464,1,0
2026-09-22,54558,1,0
2026-09-22,54571,1,0
2026-09-22,54580,1,0
2026-09-22,54611,1,0
2026-09-22,54622,1,0
2026-09-22,54631,1,0
2026-09-22,54716,1,0
2026-09-22,54737,1,0
2026-09-22,54822,1,0
2026-09-22,54855,1,0
2026-09-22,54877,1,0
2026-09-22,54921,1,0
2026-09-22,55072,1,0
2026-09-22,55122,1,0
2026-09-22,55187,1,0
2026-09-22,55229,1,0
2026-09-22,55239,1,0
2026-09-22,55252,1,0
2026-09-22,55267,1,0
2026-09-22,55350,1,0
2026-09-22,55396,1,0
2026-09-22,55496,1,0
2026-09-22,55763,1,0
2026-09-22,56084,1,0
2026-09-22,56134,1,0
2026-09-22,56171,1,0
2026-09-22,56201,1,0
2026-09-22,56295,1,0
2026-09-22,56388,1,0
2026-09-22,56432,1,0
2026-09-22,56509,1,0
2026-09-22,56521,1,0
2026-09-22,56576,1,0
2026-09-22,56614,1,0
2026-09-22,56664,1,0
2026-09-22,56716,1,0
2026-09-22,56729,1,0
2026-09-22,56851,1,0
2026-09-22,56963,1,0
2026-09-22,57066,1,0
2026-09-22,57078,1,0
2026-09-22,57106,1,0
2026-09-22,57132,1,0
2026-09-22,57171,1,0
2026-09-22,57203,1,0
2026-09-22,57399,1,0
2026-09-22,57537,1,0
2026-09-22,57588,1,0
2026-09-22,57598,1,0
2026-09-22,57743,1,0
2026-09-22,57792,1,0
2026-09-22,57833,1,0
2026-09-22,57847,1,0
2026-09-22,57887,1,0
2026-09-22,57998,1,0
2026-09-22,58021,1,0
2026-09-22,58143,1,0
2026-09-22,58150,1,0
2026-09-22,58168,1,0
2026-09-22,58321,1,0
2026-09-22,58419,1,0
2026-09-22,58473,1,0
2026-09-22,58599,1,0
2026-09-22,58674,1,0
2026-09-22,58752,1,0
2026-09-22,58842,1,0
2026-09-22,58853,1,0
2026-09-22,58900,1,0
2026-09-22,58935,1,0
2026-09-22,59056,1,0
2026-09-22,59122,1,0
2026-09-22,59134,1,0
2026-09-22,59147,1,0
2026-09-22,59196,1,0
2026-09-22,59286,1,0
2026-09-22,59323,1,0
2026-09-22,59389,1,0
2026-09-22,59417,1,0
2026-09-22,59508,1,0
2026-09-22,59574,1,0
2026-09-22,59633,1,0
2026-09-22,59670,1,0
2026-09-22,59976,1,0
2026-09-22,59985,1,0
2026-09-22,59996,1,0
2026-09-22,59998,1,0
2026-09-22,60041,1,0
2026-09-22,60172,1,0
2026-09-22,60175,1,0
2026-09-22,60193,1,0
2026-09-22,60197,1,0
2026-09-22,60199,1,0
2026-09-22,60206,1,0
2026-09-22,60297,1,0
2026-09-22,60335,1,0
2026-09-22,60486,1,0
2026-09-22,60521,1,0
2026-09-22,60613,1,0
2026-09-22,60629,1,0
2026-09-22,60666,1,0
2026-09-22,60684,1,0
2026-09-22,60687,1,0
2026-09-22,60777,1,0
2026-09-22,60796,1,0
2026-09-22,60893,1,0
2026-09-22,60917,1,0
2026-09-22,60943,1,0
2026-09-22,61017,1,0
2026-09-22,61022,1,0
2026-09-22,61063,1,0
2026-09-22,61067,1,0
2026-09-22,61100,1,0
2026-09-22,61139,1,0
2026-09-22,61144,1,0
2026-09-22,61156,1,0
2026-09-22,61269,1,0
2026-09-22,61276,1,0
2026-09-22,61291,1,0
2026-09-22,61328,1,0
2026-09-22,61343,1,0
2026-09-22,61450,1,0
2026-09-22,61455,1,0
2026-09-22,61521,1,0
2026-09-22,61554,1,0
2026-09-22,61596,1,0
2026-09-22,61601,1,0
2026-09-22,61696,1,0
2026-09-22,61969,1,0
2026-09-22,62027,1,0
2026-09-22,62099,1,0
2026-09-22,62110,1,0
2026-09-22,62163,1,0
2026-09-22,62169,1,0
2026-09-22,62189,1,0
2026-09-22,62379,1,0
2026-09-22,62393,1,0
2026-09-22,62402,1,0
2026-09-22,62421,1,0
2026-09-22,62563,1,0
2026-09-22,62690,1,0
2026-09-22,62784,1,0
2026-09-22,62855,1,0
2026-09-22,62858,1,0
2026-09-22,62921,1,0
2026-09-22,63049,1,0
2026-09-22,63077,1,0
2026-09-22,63092,1,0
2026-09-22,63159,1,0
2026-09-22,63284,1,0
2026-09-22,63291,1,0
2026-09-22,63306,1,0
2026-09-22,63328,1,0
2026-09-22,63330,1,0
2026-09-22,63371,1,0
2026-09-22,63401,1,0
2026-09-22,63422,1,0
2026-09-22,63572,1,0
2026-09-22,63659,1,0
2026-09-22,63775,1,0
2026-09-22,63839,1,0
2026-09-22,63996,1,0
2026-09-22,64036,1,0
2026-09-22,64051,1,0
2026-09-22,64146,1,0
2026-09-22,64181,1,0
2026-09-22,64194,1,0
2026-09-22,64273,1,0
2026-09-22,64412,1,0
2026-09-22,64440,1,0
2026-09-22,64607,1,0
2026-09-22,64636,1,0
2026-09-22,64670,1,0
2026-09-22,64795,1,0
2026-09-22,64865,1,0
2026-09-22,64884,1,0
2026-09-22,64917,1,0
2026-09-22,64942,1,0
2026-09-22,65008,1,0
2026-09-22,65214,1,0
2026-09-22,65512,1,0
2026-09-22,65513,1,0
2026-09-23,7777,195769740,31271961
2026-09-23,54486,1729065,0
2026-09-23,8888,850895,0
2026-09-23,57601,330656,0
2026-09-23,57486,237843,0
2026-09-23,58337,229915,0
2026-09-23,57795,216010,0
2026-09-23,51991,194079,0
2026-09-23,57862,136478,0
2026-09-23,53914,123896,0
2026-09-23,54479,122598,0
2026-09-23,57968,120790,0
2026-09-23,58131,113322,0
2026-09-23,3389,106157,0
2026-09-23,58012,90580,0
2026-09-23,57747,88970,0
2026-09-23,56298,45562,0
2026-09-23,56568,41152,0
2026-09-23,52089,36151,0
2026-09-23,56710,35683,0
2026-09-23,56775,34389,0
2026-09-23,57232,27500,0
2026-09-23,53647,26303,0
2026-09-23,56016,24995,0
2026-09-23,57076,23851,0
2026-09-23,10000,23841,25
2026-09-23,58212,22250,0
2026-09-23,57603,18800,0
2026-09-23,55963,18678,0
2026-09-23,57733,17833,0
2026-09-23,57480,17425,0
2026-09-23,57473,16437,0
2026-09-23,57770,16379,0
2026-09-23,57487,16174,0
2026-09-23,58333,16117,0
2026-09-23,57584,16039,0
2026-09-23,57732,15972,0
2026-09-23,57796,15212,0
2026-09-23,57583,15117,0
2026-09-23,57103,14095,0
2026-09-23,58339,13476,0
2026-09-23,56502,13462,0
2026-09-23,57621,12491,0
2026-09-23,56884,12444,0
2026-09-23,56176,12371,0
2026-09-23,57109,12048,0
2026-09-23,51988,11937,0
2026-09-23,51970,11610,0
2026-09-23,57971,11369,0
2026-09-23,51974,11299,0
2026-09-23,57892,11254,0
2026-09-23,57956,10911,0
2026-09-23,56315,10538,0
2026-09-23,51979,10487,0
2026-09-23,57955,10137,0
2026-09-23,57957,10021,0
2026-09-23,57850,9868,0
2026-09-23,57853,9794,0
2026-09-23,57963,9596,0
2026-09-23,57857,8923,0
2026-09-23,58134,8871,0
2026-09-23,57750,8677,0
2026-09-23,57740,8307,0
2026-09-23,58197,8007,0
2026-09-23,58202,7994,0
2026-09-23,57481,7935,0
2026-09-23,58195,7891,0
2026-09-23,57594,7805,0
2026-09-23,56637,7697,0
2026-09-23,58196,7380,0
2026-09-23,58112,7121,0
2026-09-23,58137,7066,0
2026-09-23,57738,6877,0
2026-09-23,57593,6861,0
2026-09-23,58110,6751,0
2026-09-23,58204,6735,0
2026-09-23,57096,6651,0
2026-09-23,56320,6377,0
2026-09-23,56760,6171,0
2026-09-23,57789,5535,0
2026-09-23,57980,4796,0
2026-09-23,53161,4639,0
2026-09-23,58174,4324,0
2026-09-23,58130,4290,0
2026-09-23,58406,4233,0
2026-09-23,53335,4127,0
2026-09-23,53798,3984,0
2026-09-23,58411,3861,0
2026-09-23,58032,3638,0
2026-09-23,57258,3481,0
2026-09-23,57839,3247,0
2026-09-23,58166,3201,0
2026-09-23,57479,3129,0
2026-09-23,51994,3083,0
2026-09-23,57858,2864,0
2026-09-23,55921,1941,0
2026-09-23,58207,1909,0
2026-09-23,52058,1903,0
2026-09-23,57293,1809,0
2026-09-23,51999,1792,0
2026-09-23,57530,1782,0
2026-09-23,57203,1777,0
2026-09-23,55771,1761,0
2026-09-23,57575,1738,0
2026-09-23,57769,1664,0
2026-09-23,57722,1458,0
2026-09-23,57821,1277,0
2026-09-23,58143,1257,0
2026-09-23,51980,1152,0
2026-09-23,57124,1151,0
2026-09-23,52192,1110,0
2026-09-23,52170,1074,0
2026-09-23,52398,1059,0
2026-09-23,57255,1049,0
2026-09-23,57967,1033,0
2026-09-23,57484,1008,0
2026-09-23,5353,959,0
2026-09-23,52649,953,0
2026-09-23,57672,929,0
2026-09-23,57597,895,0
2026-09-23,51917,685,0
2026-09-23,57861,654,0
2026-09-23,58323,635,0
2026-09-23,52118,586,0
2026-09-23,52008,576,0
2026-09-23,52821,562,0
2026-09-23,52397,551,0
2026-09-23,52957,551,0
2026-09-23,53423,551,0
2026-09-23,52193,549,0
2026-09-23,52841,549,0
2026-09-23,53047,548,0
2026-09-23,53407,548,0
2026-09-23,52119,547,0
2026-09-23,52399,547,0
2026-09-23,53593,547,0
2026-09-23,57691,546,0
2026-09-23,58126,546,0
2026-09-23,53050,543,0
2026-09-23,57663,543,0
2026-09-23,52943,528,0
2026-09-23,52636,524,0
2026-09-23,57369,521,0
2026-09-23,53611,513,0
2026-09-23,57829,501,0
2026-09-23,53207,498,0
2026-09-23,55119,480,0
2026-09-23,56939,466,0
2026-09-23,57976,463,0
2026-09-23,52385,411,0
2026-09-23,58031,410,0
2026-09-23,52102,407,0
2026-09-23,52956,405,0
2026-09-23,53351,399,0
2026-09-23,53170,396,0
2026-09-23,53163,394,0
2026-09-23,53350,388,0
2026-09-23,52840,387,0
2026-09-23,53049,383,0
2026-09-23,5678,376,376
2026-09-23,53403,354,0
2026-09-23,53126,341,0
2026-09-23,53583,339,0
2026-09-23,58647,336,0
2026-09-23,52396,329,0
2026-09-23,56277,322,0
2026-09-23,54522,318,0
2026-09-23,56367,317,0
2026-09-23,57060,313,0
2026-09-23,53422,309,0
2026-09-23,56391,290,0
2026-09-23,56585,289,0
2026-09-23,53592,287,0
2026-09-23,56639,287,0
2026-09-23,58410,285,0
2026-09-23,56292,282,0
2026-09-23,56542,275,0
2026-09-23,55662,274,0
2026-09-23,57056,273,0
2026-09-23,58256,272,0
2026-09-23,56653,269,0
2026-09-23,53032,268,0
2026-09-23,52043,264,0
2026-09-23,53033,263,0
2026-09-23,57286,261,0
2026-09-23,57083,253,0
2026-09-23,58349,246,0
2026-09-23,56756,245,0
2026-09-23,56482,243,0
2026-09-23,52624,233,0
2026-09-23,57151,228,0
2026-09-23,56742,226,0
2026-09-23,52635,223,0
2026-09-23,56697,223,0
2026-09-23,53354,221,0
2026-09-23,57988,216,0
2026-09-23,51992,215,0
2026-09-23,52641,215,0
2026-09-23,57042,212,0
2026-09-23,56409,210,0
2026-09-23,53164,206,0
2026-09-23,52526,200,0
2026-09-23,52184,199,0
2026-09-23,53344,199,0
2026-09-23,53421,197,0
2026-09-23,56250,196,0
2026-09-23,57104,189,0
2026-09-23,58350,186,0
2026-09-23,57725,182,0
2026-09-23,57962,182,0
2026-09-23,57098,179,0
2026-09-23,58346,178,0
2026-09-23,57532,176,0
2026-09-23,57165,174,0
2026-09-23,58203,174,0
2026-09-23,57739,173,0
2026-09-23,57414,172,0
2026-09-23,56144,169,0
2026-09-23,52390,165,0
2026-09-23,56986,165,0
2026-09-23,52191,164,0
2026-09-23,57588,158,0
2026-09-23,57682,157,0
2026-09-23,57806,155,0
2026-09-23,52096,145,0
2026-09-23,52949,145,0
2026-09-23,56546,144,0
2026-09-23,62374,144,0
2026-09-23,57909,141,0
2026-09-23,50746,140,0
2026-09-23,52041,136,0
2026-09-23,57021,135,0
2026-09-23,53420,134,0
2026-09-23,58257,133,0
2026-09-23,53048,132,0
2026-09-23,58144,132,0
2026-09-23,52169,131,0
2026-09-23,57835,130,0
2026-09-23,52955,128,0
2026-09-23,56270,127,0
2026-09-23,56816,127,0
2026-09-23,57854,126,0
2026-09-23,58122,126,0
2026-09-23,56562,124,0
2026-09-23,52106,123,0
2026-09-23,53591,123,0
2026-09-23,58127,119,0
2026-09-23,57141,112,0
2026-09-23,57241,106,0
2026-09-23,49200,105,0
2026-09-23,53307,103,0
2026-09-23,57946,101,0
2026-09-23,56368,100,0
2026-09-23,52814,98,0
2026-09-23,51969,95,0
2026-09-23,58222,95,0
2026-09-23,51995,93,0
2026-09-23,58324,92,0
2026-09-23,52042,91,0
2026-09-23,53833,91,0
2026-09-23,58157,91,0
2026-09-23,55285,88,0
2026-09-23,58186,88,0
2026-09-23,58121,85,0
2026-09-23,63496,84,0
2026-09-23,52400,82,0
2026-09-23,57624,82,0
2026-09-23,56640,80,0
2026-09-23,58208,80,0
2026-09-23,53051,79,0
2026-09-23,57900,79,0
2026-09-23,57757,78,0
2026-09-23,57932,78,0
2026-09-23,53334,77,0
2026-09-23,52095,76,0
2026-09-23,63251,76,0
2026-09-23,52186,75,0
2026-09-23,53411,75,0
2026-09-23,56316,74,0
2026-09-23,52826,70,0
2026-09-23,52107,69,0
2026-09-23,57476,69,0
2026-09-23,60820,69,0
2026-09-23,49179,68,0
2026-09-23,49386,68,0
2026-09-23,53165,68,0
2026-09-23,52185,66,0
2026-09-23,57352,65,0
2026-09-23,52004,64,0
2026-09-23,52516,64,0
2026-09-23,52194,63,0
2026-09-23,53040,63,0
2026-09-23,56349,63,0
2026-09-23,52642,62,0
2026-09-23,54605,62,0
2026-09-23,52386,61,0
2026-09-23,53582,61,0
2026-09-23,58210,61,0
2026-09-23,52088,60,0
2026-09-23,52578,60,0
2026-09-23,52654,60,0
2026-09-23,56345,60,0
2026-09-23,57240,60,0
2026-09-23,58255,60,0
2026-09-23,62410,60,0
2026-09-23,52568,59,0
2026-09-23,56445,59,0
2026-09-23,58117,59,0
2026-09-23,57749,57,0
2026-09-23,58010,57,0
2026-09-23,52244,55,0
2026-09-23,56366,55,0
2026-09-23,53111,54,0
2026-09-23,55261,54,0
2026-09-23,62537,54,0
2026-09-23,57147,53,0
2026-09-23,63299,53,0
2026-09-23,52031,52,0
2026-09-23,53095,52,0
2026-09-23,56620,52,0
2026-09-23,57309,52,0
2026-09-23,58283,52,0
2026-09-23,52227,51,0
2026-09-23,52786,51,0
2026-09-23,52813,51,0
2026-09-23,58426,51,0
2026-09-23,55055,50,0
2026-09-23,56231,50,0
2026-09-23,68,50,0
2026-09-23,53227,49,0
2026-09-23,53339,49,0
2026-09-23,57156,49,0
2026-09-23,57812,49,0
2026-09-23,61143,49,0
2026-09-23,52062,48,0
2026-09-23,52994,48,0
2026-09-23,53158,48,0
2026-09-23,62721,48,0
2026-09-23,51169,47,0
2026-09-23,56997,47,0
2026-09-23,57127,47,0
2026-09-23,57604,47,0
2026-09-23,52178,46,0
2026-09-23,52678,46,0
2026-09-23,57783,46,0
2026-09-23,51971,45,0
2026-09-23,53355,45,0
2026-09-23,54038,45,0
2026-09-23,56481,45,0
2026-09-23,57802,45,0
2026-09-23,58150,45,0
2026-09-23,52115,44,0
2026-09-23,57598,44,0
2026-09-23,59486,44,0
2026-09-23,63185,44,0
2026-09-23,52053,43,0
2026-09-23,52121,43,0
2026-09-23,56748,43,0
2026-09-23,57003,43,0
2026-09-23,57009,43,0
2026-09-23,57822,43,0
2026-09-23,51039,42,0
2026-09-23,52336,42,0
2026-09-23,52498,42,0
2026-09-23,52519,42,0
2026-09-23,52639,42,0
2026-09-23,53224,42,0
2026-09-23,54279,42,0
2026-09-23,55688,42,0
2026-09-23,56610,42,0
2026-09-23,57269,42,0
2026-09-23,58175,42,0
2026-09-23,58250,42,0
2026-09-23,59937,42,0
2026-09-23,61365,42,0
2026-09-23,61516,42,0
2026-09-23,62361,42,0
2026-09-23,62426,42,0
2026-09-23,64290,42,0
2026-09-23,64864,42,0
2026-09-23,65450,42,0
2026-09-23,51600,41,0
2026-09-23,52047,41,0
2026-09-23,55397,41,0
2026-09-23,56353,41,0
2026-09-23,56393,41,0
2026-09-23,56703,41,0
2026-09-23,64349,41,0
2026-09-23,56325,40,0
2026-09-23,56365,40,0
2026-09-23,56392,40,0
2026-09-23,57041,40,0
2026-09-23,58021,40,0
2026-09-23,58310,40,0
2026-09-23,62899,40,0
2026-09-23,52377,39,0
2026-09-23,52626,39,0
2026-09-23,56329,39,0
2026-09-23,56579,39,0
2026-09-23,61449,39,0
2026-09-23,49905,38,0
2026-09-23,50083,38,0
2026-09-23,50235,38,0
2026-09-23,50687,38,0
2026-09-23,52044,38,0
2026-09-23,52059,38,0
2026-09-23,52577,38,0
2026-09-23,52844,38,0
2026-09-23,53414,38,0
2026-09-23,53769,38,0
2026-09-23,54006,38,0
2026-09-23,55340,38,0
2026-09-23,56399,38,0
2026-09-23,56596,38,0
2026-09-23,56656,38,0
2026-09-23,56659,38,0
2026-09-23,56678,38,0
2026-09-23,56805,38,0
2026-09-23,57906,38,0
2026-09-23,59088,38,0
2026-09-23,59190,38,0
2026-09-23,61186,38,0
2026-09-23,61288,38,0
2026-09-23,61416,38,0
2026-09-23,62614,38,0
2026-09-23,63694,38,0
2026-09-23,65401,38,0
2026-09-23,65512,38,0
2026-09-23,52846,37,0
2026-09-23,52959,37,0
2026-09-23,56306,37,0
2026-09-23,56312,37,0
2026-09-23,56514,37,0
2026-09-23,56573,37,0
2026-09-23,57157,37,0
2026-09-23,57490,37,0
2026-09-23,58386,37,0
2026-09-23,49462,36,0
2026-09-23,50215,36,0
2026-09-23,52019,36,0
2026-09-23,52039,36,0
2026-09-23,52310,36,0
2026-09-23,53342,36,0
2026-09-23,53418,36,0
2026-09-23,56327,36,0
2026-09-23,56334,36,0
2026-09-23,56357,36,0
2026-09-23,56370,36,0
2026-09-23,56375,36,0
2026-09-23,56395,36,0
2026-09-23,56569,36,0
2026-09-23,56618,36,0
2026-09-23,56648,36,0
2026-09-23,56655,36,0
2026-09-23,57008,36,0
2026-09-23,57117,36,0
2026-09-23,57918,36,0
2026-09-23,60050,36,0
2026-09-23,61467,36,0
2026-09-23,65039,36,0
2026-09-23,52099,35,0
2026-09-23,56286,35,0
2026-09-23,56351,35,0
2026-09-23,56355,35,0
2026-09-23,56414,35,0
2026-09-23,56575,35,0
2026-09-23,56611,35,0
2026-09-23,56623,35,0
2026-09-23,56650,35,0
2026-09-23,56666,35,0
2026-09-23,56668,35,0
2026-09-23,56681,35,0
2026-09-23,56757,35,0
2026-09-23,56854,35,0
2026-09-23,57164,35,0
2026-09-23,57197,35,0
2026-09-23,64195,35,0
2026-09-23,49257,34,0
2026-09-23,49288,34,0
2026-09-23,49834,34,0
2026-09-23,52063,34,0
2026-09-23,52117,34,0
2026-09-23,52214,34,0
2026-09-23,52436,34,0
2026-09-23,53035,34,0
2026-09-23,55333,34,0
2026-09-23,56310,34,0
2026-09-23,56411,34,0
2026-09-23,56446,34,0
2026-09-23,56508,34,0
2026-09-23,56658,34,0
2026-09-23,56664,34,0
2026-09-23,56674,34,0
2026-09-23,56688,34,0
2026-09-23,56692,34,0
2026-09-23,56746,34,0
2026-09-23,56774,34,0
2026-09-23,56866,34,0
2026-09-23,57055,34,0
2026-09-23,57075,34,0
2026-09-23,57091,34,0
2026-09-23,57564,34,0
2026-09-23,57903,34,0
2026-09-23,64670,34,0
2026-09-23,65057,34,0
2026-09-23,52029,33,0
2026-09-23,52202,33,0
2026-09-23,52284,33,0
2026-09-23,52478,33,0
2026-09-23,52837,33,0
2026-09-23,52925,33,0
2026-09-23,52946,33,0
2026-09-23,53221,33,0
2026-09-23,53298,33,0
2026-09-23,53590,33,0
2026-09-23,56377,33,0
2026-09-23,56397,33,0
2026-09-23,56402,33,0
2026-09-23,56432,33,0
2026-09-23,56721,33,0
2026-09-23,56733,33,0
2026-09-23,56806,33,0
2026-09-23,56953,33,0
2026-09-23,57071,33,0
2026-09-23,57093,33,0
2026-09-23,57105,33,0
2026-09-23,57970,33,0
2026-09-23,57978,33,0
2026-09-23,58380,33,0
2026-09-23,58618,33,0
2026-09-23,60807,33,0
2026-09-23,61015,33,0
2026-09-23,61305,33,0
2026-09-23,49449,32,0
2026-09-23,49957,32,0
2026-09-23,52038,32,0
2026-09-23,52181,32,0
2026-09-23,52929,32,0
2026-09-23,53220,32,0
2026-09-23,53223,32,0
2026-09-23,53976,32,0
2026-09-23,55671,32,0
2026-09-23,56302,32,0
2026-09-23,56336,32,0
2026-09-23,56362,32,0
2026-09-23,56408,32,0
2026-09-23,56537,32,0
2026-09-23,56601,32,0
2026-09-23,56644,32,0
2026-09-23,56657,32,0
2026-09-23,56670,32,0
2026-09-23,56702,32,0
2026-09-23,56752,32,0
2026-09-23,56792,32,0
2026-09-23,56796,32,0
2026-09-23,56804,32,0
2026-09-23,57087,32,0
2026-09-23,57159,32,0
2026-09-23,57171,32,0
2026-09-23,57172,32,0
2026-09-23,57178,32,0
2026-09-23,57813,32,0
2026-09-23,64525,32,0
2026-09-23,64575,32,0
2026-09-23,51689,31,0
2026-09-23,51990,31,0
2026-09-23,52477,31,0
2026-09-23,53092,31,0
2026-09-23,53406,31,0
2026-09-23,56416,31,0
2026-09-23,56440,31,0
2026-09-23,56577,31,0
2026-09-23,56592,31,0
2026-09-23,56607,31,0
2026-09-23,56672,31,0
2026-09-23,56727,31,0
2026-09-23,56744,31,0
2026-09-23,56812,31,0
2026-09-23,57673,31,0
2026-09-23,57764,31,0
2026-09-23,57902,31,0
2026-09-23,58331,31,0
2026-09-23,62427,31,0
2026-09-23,49292,30,0
2026-09-23,51440,30,0
2026-09-23,52054,30,0
2026-09-23,52848,30,0
2026-09-23,53211,30,0
2026-09-23,53215,30,0
2026-09-23,53306,30,0
2026-09-23,53998,30,0
2026-09-23,55733,30,0
2026-09-23,56401,30,0
2026-09-23,56404,30,0
2026-09-23,56496,30,0
2026-09-23,56533,30,0
2026-09-23,56557,30,0
2026-09-23,56580,30,0
2026-09-23,56632,30,0
2026-09-23,56634,30,0
2026-09-23,56673,30,0
2026-09-23,56725,30,0
2026-09-23,57160,30,0
2026-09-23,57236,30,0
2026-09-23,58394,30,0
2026-09-23,61745,30,0
2026-09-23,63458,30,0
2026-09-23,64362,30,0
2026-09-23,52035,29,0
2026-09-23,52046,29,0
2026-09-23,52229,29,0
2026-09-23,52528,29,0
2026-09-23,52763,29,0
2026-09-23,52881,29,0
2026-09-23,52988,29,0
2026-09-23,53212,29,0
2026-09-23,53345,29,0
2026-09-23,56104,29,0
2026-09-23,56638,29,0
2026-09-23,56700,29,0
2026-09-23,56782,29,0
2026-09-23,56874,29,0
2026-09-23,56900,29,0
2026-09-23,57707,29,0
2026-09-23,49881,28,0
2026-09-23,49922,28,0
2026-09-23,51634,28,0
2026-09-23,51671,28,0
2026-09-23,51793,28,0
2026-09-23,52391,28,0
2026-09-23,53308,28,0
2026-09-23,53606,28,0
2026-09-23,54501,28,0
2026-09-23,56197,28,0
2026-09-23,56425,28,0
2026-09-23,56708,28,0
2026-09-23,57704,28,0
2026-09-23,58037,28,0
2026-09-23,58120,28,0
2026-09-23,58787,28,0
2026-09-23,60167,28,0
2026-09-23,63109,28,0
2026-09-23,63172,28,0
2026-09-23,64540,28,0
2026-09-23,64715,28,0
2026-09-23,65513,28,0
2026-09-23,52176,27,0
2026-09-23,52189,27,0
2026-09-23,52739,27,0
2026-09-23,52922,27,0
2026-09-23,53128,27,0
2026-09-23,53171,27,0
2026-09-23,53346,27,0
2026-09-23,53596,27,0
2026-09-23,56706,27,0
2026-09-23,56764,27,0
2026-09-23,56865,27,0
2026-09-23,57222,27,0
2026-09-23,58111,27,0
2026-09-23,58462,27,0
2026-09-23,63146,27,0
2026-09-23,64389,27,0
2026-09-23,49370,26,0
2026-09-23,50096,26,0
2026-09-23,50352,26,0
2026-09-23,50530,26,0
2026-09-23,50901,26,0
2026-09-23,52015,26,0
2026-09-23,52051,26,0
2026-09-23,53208,26,0
2026-09-23,53225,26,0
2026-09-23,54451,26,0
2026-09-23,54924,26,0
2026-09-23,54963,26,0
2026-09-23,55480,26,0
2026-09-23,56148,26,0
2026-09-23,56358,26,0
2026-09-23,56928,26,0
2026-09-23,57049,26,0
2026-09-23,57177,26,0
2026-09-23,57381,26,0
2026-09-23,58164,26,0
2026-09-23,58656,26,0
2026-09-23,59712,26,0
2026-09-23,60430,26,0
2026-09-23,60578,26,0
2026-09-23,61864,26,0
2026-09-23,62121,26,0
2026-09-23,64196,26,0
2026-09-23,64787,26,0
2026-09-23,64866,26,0
2026-09-23,65141,26,0
2026-09-23,50018,25,0
2026-09-23,52005,25,0
2026-09-23,56654,25,0
2026-09-23,56731,25,0
2026-09-23,56914,25,0
2026-09-23,57133,25,0
2026-09-23,57283,25,0
2026-09-23,58040,25,0
2026-09-23,64632,25,0
2026-09-23,65162,25,0
2026-09-23,49456,24,0
2026-09-23,51344,24,0
2026-09-23,52052,24,0
2026-09-23,52171,24,0
2026-09-23,52395,24,0
2026-09-23,52510,24,0
2026-09-23,53169,24,0
2026-09-23,53204,24,0
2026-09-23,53222,24,0
2026-09-23,53287,24,0
2026-09-23,56005,24,0
2026-09-23,56382,24,0
2026-09-23,56886,24,0
2026-09-23,57086,24,0
2026-09-23,57173,24,0
2026-09-23,57578,24,0
2026-09-23,57632,24,0
2026-09-23,57794,24,0
2026-09-23,59667,24,0
2026-09-23,61610,24,0
2026-09-23,64589,24,0
2026-09-23,51456,23,0
2026-09-23,52514,23,0
2026-09-23,52769,23,0
2026-09-23,55099,23,0
2026-09-23,56296,23,0
2026-09-23,56308,23,0
2026-09-23,56346,23,0
2026-09-23,56381,23,0
2026-09-23,56564,23,0
2026-09-23,56729,23,0
2026-09-23,56741,23,0
2026-09-23,57045,23,0
2026-09-23,57348,23,0
2026-09-23,57540,23,0
2026-09-23,57864,23,0
2026-09-23,58344,23,0
2026-09-23,58427,23,0
2026-09-23,59020,23,0
2026-09-23,52647,22,0
2026-09-23,52950,22,0
2026-09-23,53052,22,0
2026-09-23,53130,22,8
2026-09-23,53357,22,0
2026-09-23,54945,22,0
2026-09-23,55314,22,0
2026-09-23,56229,22,0
2026-09-23,56902,22,0
2026-09-23,57166,22,0
2026-09-23,63245,22,0
2026-09-23,64446,22,0
2026-09-23,49285,21,0
2026-09-23,50010,21,0
2026-09-23,51089,21,0
2026-09-23,51747,21,0
2026-09-23,52098,21,0
2026-09-23,53129,21,0
2026-09-23,53352,21,0
2026-09-23,55186,21,0
2026-09-23,55232,21,0
2026-09-23,56339,21,0
2026-09-23,56588,21,0
2026-09-23,56621,21,0
2026-09-23,56646,21,0
2026-09-23,56683,21,0
2026-09-23,56890,21,0
2026-09-23,57114,21,0
2026-09-23,57200,21,0
2026-09-23,57645,21,0
2026-09-23,59301,21,0
2026-09-23,59509,21,0
2026-09-23,61677,21,0
2026-09-23,62612,21,0
2026-09-23,65126,21,0
2026-09-23,49561,20,0
2026-09-23,50276,20,0
2026-09-23,52030,20,0
2026-09-23,52175,20,6
2026-09-23,52312,20,0
2026-09-23,52335,20,0
2026-09-23,52445,20,0
2026-09-23,52525,20,0
2026-09-23,52619,20,0
2026-09-23,52623,20,0
2026-09-23,52628,20,0
2026-09-23,52643,20,0
2026-09-23,52843,20,0
2026-09-23,52944,20,0
2026-09-23,52954,20,0
2026-09-23,53162,20,0
2026-09-23,53360,20,0
2026-09-23,53400,20,0
2026-09-23,53757,20,0
2026-09-23,54960,20,0
2026-09-23,55577,20,0
2026-09-23,56105,20,0
2026-09-23,56338,20,0
2026-09-23,56347,20,0
2026-09-23,56400,20,0
2026-09-23,56738,20,0
2026-09-23,56790,20,0
2026-09-23,56803,20,0
2026-09-23,56929,20,0
2026-09-23,57030,20,0
2026-09-23,57043,20,0
2026-09-23,57061,20,0
2026-09-23,57121,20,0
2026-09-23,57391,20,0
2026-09-23,57547,20,0
2026-09-23,58192,20,0
2026-09-23,58280,20,0
2026-09-23,58334,20,0
2026-09-23,58336,20,0
2026-09-23,58421,20,0
2026-09-23,59069,20,0
2026-09-23,60298,20,0
2026-09-23,61249,20,0
2026-09-23,61257,20,0
2026-09-23,61386,20,0
2026-09-23,61915,20,0
2026-09-23,62059,20,0
2026-09-23,62939,20,0
2026-09-23,49263,19,0
2026-09-23,49777,19,0
2026-09-23,51552,19,0
2026-09-23,51996,19,0
2026-09-23,52113,19,0
2026-09-23,52402,19,0
2026-09-23,52579,19,0
2026-09-23,53122,19,0
2026-09-23,53166,19,0
2026-09-23,53288,19,0
2026-09-23,53340,19,5
2026-09-23,53490,19,0
2026-09-23,54281,19,0
2026-09-23,54686,19,0
2026-09-23,55515,19,0
2026-09-23,56424,19,0
2026-09-23,56523,19,0
2026-09-23,56528,19,0
2026-09-23,56571,19,0
2026-09-23,56590,19,0
2026-09-23,56630,19,0
2026-09-23,56679,19,0
2026-09-23,56830,19,0
2026-09-23,56922,19,0
2026-09-23,56926,19,0
2026-09-23,56954,19,0
2026-09-23,57223,19,0
2026-09-23,58118,19,0
2026-09-23,58239,19,0
2026-09-23,58376,19,0
2026-09-23,58412,19,0
2026-09-23,58657,19,0
2026-09-23,59602,19,0
2026-09-23,59693,19,0
2026-09-23,60527,19,0
2026-09-23,60530,19,0
2026-09-23,61854,19,0
2026-09-23,62150,19,0
2026-09-23,64341,19,0
2026-09-23,64623,19,0
2026-09-23,65005,19,0
2026-09-23,65123,19,0
2026-09-23,65462,19,0
2026-09-23,50377,18,0
2026-09-23,51391,18,0
2026-09-23,51461,18,0
2026-09-23,52034,18,0
2026-09-23,52036,18,0
2026-09-23,52050,18,0
2026-09-23,52057,18,0
2026-09-23,52403,18,0
2026-09-23,52781,18,0
2026-09-23,53125,18,0
2026-09-23,53295,18,0
2026-09-23,53326,18,0
2026-09-23,53353,18,0
2026-09-23,53483,18,0
2026-09-23,56290,18,0
2026-09-23,56321,18,0
2026-09-23,56324,18,0
2026-09-23,56342,18,0
2026-09-23,56380,18,0
2026-09-23,56599,18,0
2026-09-23,56614,18,0
2026-09-23,56642,18,0
2026-09-23,56662,18,0
2026-09-23,56677,18,0
2026-09-23,56724,18,0
2026-09-23,56777,18,0
2026-09-23,56810,18,0
2026-09-23,56828,18,0
2026-09-23,57046,18,0
2026-09-23,57082,18,0
2026-09-23,57144,18,0
2026-09-23,57179,18,0
2026-09-23,57219,18,0
2026-09-23,57246,18,0
2026-09-23,57282,18,0
2026-09-23,57759,18,0
2026-09-23,57878,18,0
2026-09-23,58044,18,0
2026-09-23,58165,18,0
2026-09-23,58179,18,0
2026-09-23,58188,18,0
2026-09-23,58258,18,0
2026-09-23,58287,18,0
2026-09-23,58312,18,0
2026-09-23,58416,18,0
2026-09-23,59438,18,0
2026-09-23,59696,18,0
2026-09-23,60259,18,0
2026-09-23,62131,18,0
2026-09-23,62294,18,0
2026-09-23,62619,18,0
2026-09-23,64259,18,0
2026-09-23,65153,18,0
2026-09-23,52756,17,0
2026-09-23,53041,17,0
2026-09-23,53046,17,0
2026-09-23,53121,17,0
2026-09-23,53293,17,0
2026-09-23,53405,17,0
2026-09-23,53424,17,0
2026-09-23,53466,17,0
2026-09-23,53484,17,0
2026-09-23,53545,17,0
2026-09-23,55697,17,0
2026-09-23,56266,17,0
2026-09-23,56419,17,0
2026-09-23,56438,17,0
2026-09-23,56698,17,0
2026-09-23,56704,17,0
2026-09-23,56750,17,0
2026-09-23,56888,17,0
2026-09-23,56952,17,0
2026-09-23,57132,17,0
2026-09-23,57145,17,0
2026-09-23,57629,17,0
2026-09-23,58035,17,0
2026-09-23,58158,17,0
2026-09-23,58170,17,0
2026-09-23,58187,17,0
2026-09-23,58251,17,0
2026-09-23,58267,17,0
2026-09-23,58274,17,0
2026-09-23,58325,17,0
2026-09-23,58332,17,0
2026-09-23,58351,17,0
2026-09-23,58381,17,0
2026-09-23,58392,17,0
2026-09-23,58420,17,0
2026-09-23,58428,17,0
2026-09-23,59075,17,0
2026-09-23,62977,17,0
2026-09-23,50302,16,0
2026-09-23,51945,16,0
2026-09-23,52026,16,0
2026-09-23,52132,16,0
2026-09-23,52173,16,6
2026-09-23,52174,16,6
2026-09-23,52177,16,6
2026-09-23,52304,16,0
2026-09-23,52313,16,0
2026-09-23,52379,16,0
2026-09-23,52634,16,0
2026-09-23,52741,16,0
2026-09-23,52822,16,0
2026-09-23,52859,16,0
2026-09-23,53218,16,0
2026-09-23,53290,16,0
2026-09-23,53537,16,0
2026-09-23,53579,16,0
2026-09-23,55067,16,0
2026-09-23,55293,16,0
2026-09-23,55451,16,0
2026-09-23,56192,16,0
2026-09-23,56279,16,0
2026-09-23,56288,16,0
2026-09-23,56372,16,0
2026-09-23,56436,16,0
2026-09-23,56535,16,0
2026-09-23,56550,16,0
2026-09-23,56555,16,0
2026-09-23,56594,16,0
2026-09-23,56605,16,0
2026-09-23,56735,16,0
2026-09-23,56863,16,0
2026-09-23,56868,16,0
2026-09-23,56881,16,0
2026-09-23,56909,16,0
2026-09-23,56924,16,0
2026-09-23,57097,16,0
2026-09-23,57158,16,0
2026-09-23,57448,16,0
2026-09-23,57915,16,0
2026-09-23,57982,16,0
2026-09-23,58001,16,0
2026-09-23,58171,16,0
2026-09-23,58182,16,0
2026-09-23,58290,16,0
2026-09-23,58319,16,0
2026-09-23,58345,16,0
2026-09-23,58388,16,0
2026-09-23,58397,16,0
2026-09-23,58672,16,0
2026-09-23,63424,16,0
2026-09-23,65083,16,0
2026-09-23,49391,15,0
2026-09-23,49992,15,0
2026-09-23,51615,15,0
2026-09-23,52009,15,0
2026-09-23,52111,15,0
2026-09-23,52190,15,0
2026-09-23,52522,15,0
2026-09-23,52613,15,0
2026-09-23,52615,15,0
2026-09-23,53037,15,0
2026-09-23,53119,15,0
2026-09-23,53135,15,0
2026-09-23,53172,15,0
2026-09-23,53214,15,0
2026-09-23,53280,15,0
2026-09-23,53457,15,0
2026-09-23,55326,15,0
2026-09-23,56227,15,0
2026-09-23,56517,15,0
2026-09-23,56519,15,0
2026-09-23,56709,15,0
2026-09-23,56772,15,0
2026-09-23,56845,15,0
2026-09-23,56918,15,0
2026-09-23,56955,15,0
2026-09-23,56969,15,0
2026-09-23,57221,15,0
2026-09-23,57531,15,0
2026-09-23,57544,15,0
2026-09-23,57561,15,0
2026-09-23,57705,15,0
2026-09-23,57744,15,0
2026-09-23,57830,15,0
2026-09-23,57994,15,0
2026-09-23,58318,15,0
2026-09-23,58335,15,0
2026-09-23,58375,15,0
2026-09-23,58396,15,0
2026-09-23,58424,15,0
2026-09-23,58429,15,0
2026-09-23,59594,15,0
2026-09-23,62070,15,0
2026-09-23,62680,15,0
2026-09-23,64202,15,0
2026-09-23,65207,15,0
2026-09-23,65507,15,0
2026-09-23,50052,14,0
2026-09-23,51145,14,0
2026-09-23,51283,14,0
2026-09-23,51699,14,0
2026-09-23,51846,14,0
2026-09-23,52040,14,0
2026-09-23,52112,14,0
2026-09-23,52370,14,0
2026-09-23,52584,14,0
2026-09-23,52625,14,0
2026-09-23,52734,14,0
2026-09-23,52758,14,0
2026-09-23,52836,14,0
2026-09-23,52839,14,0
2026-09-23,52842,14,0
2026-09-23,52997,14,0
2026-09-23,53292,14,0
2026-09-23,53336,14,0
2026-09-23,53358,14,0
2026-09-23,53359,14,0
2026-09-23,53417,14,0
2026-09-23,53482,14,0
2026-09-23,53498,14,0
2026-09-23,53859,14,0
2026-09-23,54061,14,0
2026-09-23,55178,14,0
2026-09-23,55759,14,0
2026-09-23,56124,14,0
2026-09-23,56464,14,0
2026-09-23,56563,14,0
2026-09-23,56755,14,0
2026-09-23,56765,14,0
2026-09-23,56780,14,0
2026-09-23,56899,14,0
2026-09-23,56921,14,0
2026-09-23,56975,14,0
2026-09-23,57066,14,0
2026-09-23,57074,14,0
2026-09-23,57176,14,0
2026-09-23,57228,14,0
2026-09-23,57229,14,0
2026-09-23,57526,14,0
2026-09-23,57565,14,0
2026-09-23,57617,14,0
2026-09-23,57719,14,0
2026-09-23,57947,14,0
2026-09-23,58028,14,0
2026-09-23,58146,14,0
2026-09-23,58178,14,0
2026-09-23,58199,14,0
2026-09-23,58209,14,0
2026-09-23,58213,14,0
2026-09-23,58277,14,0
2026-09-23,58278,14,0
2026-09-23,58311,14,0
2026-09-23,58343,14,0
2026-09-23,58361,14,2
2026-09-23,58364,14,2
2026-09-23,58366,14,2
2026-09-23,58368,14,2
2026-09-23,58639,14,0
2026-09-23,58909,14,0
2026-09-23,58937,14,0
2026-09-23,60454,14,0
2026-09-23,60487,14,0
2026-09-23,61285,14,0
2026-09-23,61916,14,0
2026-09-23,62119,14,0
2026-09-23,62518,14,0
2026-09-23,64225,14,0
2026-09-23,64306,14,0
2026-09-23,64802,14,0
2026-09-23,65379,14,0
2026-09-23,50274,13,0
2026-09-23,50749,13,0
2026-09-23,51441,13,0
2026-09-23,52163,13,0
2026-09-23,52172,13,0
2026-09-23,52275,13,0
2026-09-23,52547,13,0
2026-09-23,52629,13,0
2026-09-23,52648,13,0
2026-09-23,52733,13,0
2026-09-23,52775,13,0
2026-09-23,52817,13,0
2026-09-23,52823,13,0
2026-09-23,52829,13,0
2026-09-23,52835,13,0
2026-09-23,52838,13,0
2026-09-23,52845,13,0
2026-09-23,52849,13,0
2026-09-23,52850,13,0
2026-09-23,53029,13,0
2026-09-23,53036,13,0
2026-09-23,53361,13,0
2026-09-23,53585,13,0
2026-09-23,54325,13,0
2026-09-23,54797,13,0
2026-09-23,55748,13,0
2026-09-23,56259,13,0
2026-09-23,56471,13,0
2026-09-23,56485,13,0
2026-09-23,56583,13,0
2026-09-23,56910,13,0
2026-09-23,56958,13,0
2026-09-23,56961,13,0
2026-09-23,56979,13,0
2026-09-23,57129,13,0
2026-09-23,57134,13,0
2026-09-23,57152,13,0
2026-09-23,57319,13,0
2026-09-23,57426,13,0
2026-09-23,57628,13,0
2026-09-23,57633,13,0
2026-09-23,57675,13,0
2026-09-23,57791,13,0
2026-09-23,58023,13,0
2026-09-23,58041,13,0
2026-09-23,58433,13,0
2026-09-23,58861,13,0
2026-09-23,59417,13,0
2026-09-23,59673,13,0
2026-09-23,61795,13,0
2026-09-23,61901,13,0
2026-09-23,63007,13,0
2026-09-23,63427,13,0
2026-09-23,65256,13,0
2026-09-23,49954,12,0
2026-09-23,50148,12,0
2026-09-23,50336,12,0
2026-09-23,50399,12,0
2026-09-23,51236,12,0
2026-09-23,51308,12,0
2026-09-23,51376,12,0
2026-09-23,52061,12,0
2026-09-23,52108,12,0
2026-09-23,52158,12,0
2026-09-23,52401,12,0
2026-09-23,52475,12,0
2026-09-23,52480,12,0
2026-09-23,52512,12,0
2026-09-23,52564,12,0
2026-09-23,52575,12,0
2026-09-23,52576,12,0
2026-09-23,52644,12,0
2026-09-23,52747,12,0
2026-09-23,52830,12,0
2026-09-23,52834,12,0
2026-09-23,52958,12,0
2026-09-23,52990,12,0
2026-09-23,53042,12,0
2026-09-23,53131,12,0
2026-09-23,53262,12,0
2026-09-23,53337,12,0
2026-09-23,53387,12,0
2026-09-23,53425,12,0
2026-09-23,53544,12,0
2026-09-23,54492,12,0
2026-09-23,54712,12,0
2026-09-23,55108,12,0
2026-09-23,55580,12,0
2026-09-23,56282,12,0
2026-09-23,56407,12,0
2026-09-23,56462,12,0
2026-09-23,56626,12,0
2026-09-23,56716,12,0
2026-09-23,56761,12,0
2026-09-23,56831,12,0
2026-09-23,56838,12,0
2026-09-23,56994,12,0
2026-09-23,57090,12,0
2026-09-23,57582,12,0
2026-09-23,57777,12,0
2026-09-23,57831,12,0
2026-09-23,57948,12,0
2026-09-23,58022,12,0
2026-09-23,58073,12,0
2026-09-23,58194,12,0
2026-09-23,58289,12,0
2026-09-23,58390,12,0
2026-09-23,58579,12,0
2026-09-23,58698,12,0
2026-09-23,58699,12,0
2026-09-23,58951,12,0
2026-09-23,59459,12,0
2026-09-23,59789,12,0
2026-09-23,60686,12,0
2026-09-23,61337,12,0
2026-09-23,61368,12,0
2026-09-23,61528,12,0
2026-09-23,61685,12,0
2026-09-23,61762,12,0
2026-09-23,63667,12,0
2026-09-23,64075,12,0
2026-09-23,64258,12,0
2026-09-23,65193,12,0
2026-09-23,49424,11,0
2026-09-23,50207,11,0
2026-09-23,52116,11,0
2026-09-23,52384,11,0
2026-09-23,52513,11,0
2026-09-23,52818,11,0
2026-09-23,52961,11,0
2026-09-23,53304,11,0
2026-09-23,53320,11,0
2026-09-23,53412,11,0
2026-09-23,53595,11,0
2026-09-23,54257,11,0
2026-09-23,54926,11,0
2026-09-23,55638,11,0
2026-09-23,56252,11,0
2026-09-23,56461,11,0
2026-09-23,56476,11,0
2026-09-23,56499,11,0
2026-09-23,56694,11,0
2026-09-23,56981,11,0
2026-09-23,57216,11,0
2026-09-23,57243,11,0
2026-09-23,57497,11,0
2026-09-23,57574,11,0
2026-09-23,57754,11,0
2026-09-23,57780,11,0
2026-09-23,58007,11,0
2026-09-23,58077,11,0
2026-09-23,58293,11,0
2026-09-23,59643,11,0
2026-09-23,62759,11,0
2026-09-23,63562,11,0
2026-09-23,63687,11,0
2026-09-23,63834,11,0
2026-09-23,64106,11,0
2026-09-23,64218,11,0
2026-09-23,64665,11,0
2026-09-23,64711,11,0
2026-09-23,65147,11,0
2026-09-23,51137,10,0
2026-09-23,52028,10,0
2026-09-23,52288,10,0
2026-09-23,52311,10,0
2026-09-23,52476,10,0
2026-09-23,52527,10,0
2026-09-23,52738,10,0
2026-09-23,52755,10,0
2026-09-23,52764,10,0
2026-09-23,52930,10,0
2026-09-23,52951,10,0
2026-09-23,52989,10,0
2026-09-23,53120,10,0
2026-09-23,53258,10,0
2026-09-23,53305,10,0
2026-09-23,53356,10,0
2026-09-23,53410,10,0
2026-09-23,53480,10,0
2026-09-23,53542,10,0
2026-09-23,53546,10,0
2026-09-23,53589,10,0
2026-09-23,53729,10,0
2026-09-23,53777,10,0
2026-09-23,53835,10,0
2026-09-23,54042,10,0
2026-09-23,56304,10,0
2026-09-23,56363,10,0
2026-09-23,56374,10,0
2026-09-23,56486,10,0
2026-09-23,56487,10,0
2026-09-23,56609,10,0
2026-09-23,56686,10,0
2026-09-23,56696,10,0
2026-09-23,56714,10,0
2026-09-23,56715,10,0
2026-09-23,56800,10,0
2026-09-23,57027,10,0
2026-09-23,57052,10,0
2026-09-23,57069,10,0
2026-09-23,57128,10,0
2026-09-23,57148,10,0
2026-09-23,57149,10,0
2026-09-23,57230,10,0
2026-09-23,57514,10,0
2026-09-23,57654,10,0
2026-09-23,57685,10,0
2026-09-23,57910,10,0
2026-09-23,57942,10,0
2026-09-23,58000,10,0
2026-09-23,58018,10,0
2026-09-23,58149,10,0
2026-09-23,58371,10,0
2026-09-23,58387,10,0
2026-09-23,59275,10,0
2026-09-23,49874,9,0
2026-09-23,50187,9,0
2026-09-23,50742,9,0
2026-09-23,51057,9,0
2026-09-23,52097,9,0
2026-09-23,52460,9,0
2026-09-23,52509,9,0
2026-09-23,52523,9,0
2026-09-23,52632,9,0
2026-09-23,52806,9,0
2026-09-23,53094,9,0
2026-09-23,53408,9,0
2026-09-23,53479,9,1
2026-09-23,53543,9,0
2026-09-23,54173,9,0
2026-09-23,55665,9,0
2026-09-23,56301,9,0
2026-09-23,56498,9,0
2026-09-23,56522,9,0
2026-09-23,56959,9,0
2026-09-23,57064,9,0
2026-09-23,57085,9,0
2026-09-23,57150,9,0
2026-09-23,57182,9,0
2026-09-23,57320,9,0
2026-09-23,57347,9,0
2026-09-23,57401,9,0
2026-09-23,57517,9,0
2026-09-23,57535,9,0
2026-09-23,57543,9,0
2026-09-23,57550,9,0
2026-09-23,57553,9,0
2026-09-23,57559,9,0
2026-09-23,57581,9,0
2026-09-23,57620,9,0
2026-09-23,57639,9,0
2026-09-23,57646,9,0
2026-09-23,57662,9,0
2026-09-23,57678,9,0
2026-09-23,57694,9,0
2026-09-23,57701,9,0
2026-09-23,57729,9,0
2026-09-23,57758,9,0
2026-09-23,57762,9,0
2026-09-23,57776,9,0
2026-09-23,57786,9,0
2026-09-23,57799,9,0
2026-09-23,57805,9,0
2026-09-23,57809,9,0
2026-09-23,57815,9,0
2026-09-23,57825,9,0
2026-09-23,57838,9,0
2026-09-23,57846,9,0
2026-09-23,57927,9,0
2026-09-23,57936,9,0
2026-09-23,57954,9,0
2026-09-23,57991,9,0
2026-09-23,58015,9,0
2026-09-23,58027,9,0
2026-09-23,58038,9,0
2026-09-23,58161,9,0
2026-09-23,58169,9,0
2026-09-23,58191,9,0
2026-09-23,58261,9,0
2026-09-23,58286,9,0
2026-09-23,58317,9,0
2026-09-23,58328,9,0
2026-09-23,58342,9,0
2026-09-23,58384,9,0
2026-09-23,58391,9,0
2026-09-23,58409,9,0
2026-09-23,58423,9,0
2026-09-23,58432,9,0
2026-09-23,58751,9,0
2026-09-23,60733,9,0
2026-09-23,62229,9,0
2026-09-23,52060,8,0
2026-09-23,52078,8,1
2026-09-23,52100,8,0
2026-09-23,52120,8,0
2026-09-23,52243,8,0
2026-09-23,52282,8,0
2026-09-23,52291,8,0
2026-09-23,52387,8,0
2026-09-23,52461,8,0
2026-09-23,52621,8,0
2026-09-23,52627,8,0
2026-09-23,52671,8,0
2026-09-23,52936,8,0
2026-09-23,53108,8,0
2026-09-23,53112,8,0
2026-09-23,53228,8,0
2026-09-23,53246,8,0
2026-09-23,53266,8,0
2026-09-23,53362,8,0
2026-09-23,53465,8,0
2026-09-23,53489,8,0
2026-09-23,54285,8,0
2026-09-23,55258,8,0
2026-09-23,56255,8,0
2026-09-23,56291,8,0
2026-09-23,56319,8,0
2026-09-23,56332,8,0
2026-09-23,56435,8,0
2026-09-23,56510,8,0
2026-09-23,56526,8,0
2026-09-23,56552,8,0
2026-09-23,56586,8,0
2026-09-23,56600,8,0
2026-09-23,56717,8,0
2026-09-23,56720,8,0
2026-09-23,56785,8,0
2026-09-23,56858,8,0
2026-09-23,56925,8,0
2026-09-23,56927,8,0
2026-09-23,56980,8,0
2026-09-23,56991,8,0
2026-09-23,57079,8,0
2026-09-23,57180,8,0
2026-09-23,57268,8,0
2026-09-23,57537,8,0
2026-09-23,57681,8,0
2026-09-23,57879,8,2
2026-09-23,57880,8,0
2026-09-23,57882,8,2
2026-09-23,57933,8,0
2026-09-23,57943,8,0
2026-09-23,58063,8,3
2026-09-23,58064,8,2
2026-09-23,58065,8,2
2026-09-23,58066,8,2
2026-09-23,58068,8,2
2026-09-23,58070,8,2
2026-09-23,58071,8,0
2026-09-23,58072,8,2
2026-09-23,58226,8,2
2026-09-23,58227,8,2
2026-09-23,58228,8,2
2026-09-23,58234,8,0
2026-09-23,58238,8,2
2026-09-23,58240,8,0
2026-09-23,58271,8,0
2026-09-23,58273,8,0
2026-09-23,58306,8,3
2026-09-23,58309,8,2
2026-09-23,58348,8,0
2026-09-23,58357,8,3
2026-09-23,58415,8,0
2026-09-23,58867,8,0
2026-09-23,59485,8,0
2026-09-23,59708,8,0
2026-09-23,59967,8,0
2026-09-23,61746,8,0
2026-09-23,64185,8,0
2026-09-23,65238,8,0
2026-09-23,137,7,7
2026-09-23,52180,7,0
2026-09-23,52737,7,0
2026-09-23,52762,7,0
2026-09-23,52828,7,0
2026-09-23,52847,7,0
2026-09-23,52992,7,0
2026-09-23,53027,7,0
2026-09-23,53043,7,0
2026-09-23,53153,7,0
2026-09-23,53348,7,0
2026-09-23,53376,7,0
2026-09-23,53378,7,0
2026-09-23,53391,7,0
2026-09-23,53419,7,0
2026-09-23,53487,7,0
2026-09-23,53488,7,0
2026-09-23,53574,7,0
2026-09-23,53594,7,0
2026-09-23,55511,7,0
2026-09-23,56295,7,0
2026-09-23,56361,7,0
2026-09-23,56459,7,0
2026-09-23,56460,7,0
2026-09-23,56483,7,0
2026-09-23,56494,7,0
2026-09-23,56497,7,0
2026-09-23,56628,7,0
2026-09-23,56690,7,0
2026-09-23,56781,7,0
2026-09-23,56853,7,0
2026-09-23,56982,7,0
2026-09-23,56999,7,0
2026-09-23,57002,7,0
2026-09-23,57024,7,0
2026-09-23,57102,7,0
2026-09-23,57155,7,0
2026-09-23,57227,7,0
2026-09-23,57340,7,0
2026-09-23,57560,7,0
2026-09-23,57669,7,0
2026-09-23,57674,7,0
2026-09-23,57688,7,0
2026-09-23,57710,7,0
2026-09-23,57726,7,0
2026-09-23,57876,7,3
2026-09-23,57877,7,2
2026-09-23,57881,7,2
2026-09-23,57912,7,0
2026-09-23,57984,7,0
2026-09-23,58156,7,0
2026-09-23,58185,7,0
2026-09-23,58236,7,1
2026-09-23,58266,7,0
2026-09-23,58288,7,0
2026-09-23,58296,7,0
2026-09-23,58308,7,2
2026-09-23,58395,7,0
2026-09-23,58419,7,0
2026-09-23,58936,7,0
2026-09-23,65528,7,0
2026-09-23,50024,6,0
2026-09-23,50038,6,0
2026-09-23,50076,6,0
2026-09-23,50162,6,0
2026-09-23,50349,6,0
2026-09-23,50376,6,0
2026-09-23,50880,6,0
2026-09-23,50947,6,0
2026-09-23,51100,6,0
2026-09-23,51520,6,0
2026-09-23,51596,6,0
2026-09-23,52077,6,0
2026-09-23,52129,6,0
2026-09-23,52230,6,0
2026-09-23,52231,6,0
2026-09-23,52289,6,0
2026-09-23,52299,6,0
2026-09-23,52309,6,0
2026-09-23,52318,6,0
2026-09-23,52392,6,0
2026-09-23,52450,6,0
2026-09-23,52463,6,0
2026-09-23,52466,6,0
2026-09-23,52748,6,0
2026-09-23,52754,6,0
2026-09-23,52831,6,0
2026-09-23,52910,6,0
2026-09-23,52945,6,0
2026-09-23,52979,6,0
2026-09-23,52993,6,0
2026-09-23,53026,6,0
2026-09-23,53099,6,0
2026-09-23,53103,6,0
2026-09-23,53149,6,0
2026-09-23,53232,6,0
2026-09-23,53245,6,1
2026-09-23,53265,6,0
2026-09-23,53274,6,0
2026-09-23,53343,6,0
2026-09-23,53385,6,0
2026-09-23,53453,6,0
2026-09-23,53470,6,0
2026-09-23,53475,6,0
2026-09-23,53557,6,0
2026-09-23,53584,6,0
2026-09-23,54276,6,0
2026-09-23,55176,6,0
2026-09-23,56256,6,0
2026-09-23,56457,6,0
2026-09-23,56458,6,0
2026-09-23,56463,6,0
2026-09-23,56465,6,0
2026-09-23,56470,6,0
2026-09-23,56484,6,0
2026-09-23,56512,6,0
2026-09-23,56619,6,0
2026-09-23,56719,6,0
2026-09-23,56739,6,0
2026-09-23,56860,6,0
2026-09-23,56873,6,0
2026-09-23,56930,6,0
2026-09-23,56931,6,0
2026-09-23,56940,6,0
2026-09-23,56948,6,0
2026-09-23,56962,6,0
2026-09-23,56983,6,0
2026-09-23,56984,6,0
2026-09-23,57000,6,0
2026-09-23,57013,6,0
2026-09-23,57023,6,0
2026-09-23,57040,6,0
2026-09-23,57108,6,0
2026-09-23,57140,6,0
2026-09-23,57220,6,0
2026-09-23,57278,6,0
2026-09-23,57556,6,0
2026-09-23,57566,6,0
2026-09-23,57567,6,0
2026-09-23,57568,6,0
2026-09-23,57625,6,0
2026-09-23,57636,6,0
2026-09-23,57641,6,0
2026-09-23,57648,6,0
2026-09-23,57650,6,0
2026-09-23,57652,6,0
2026-09-23,57655,6,0
2026-09-23,57657,6,0
2026-09-23,57661,6,0
2026-09-23,57666,6,0
2026-09-23,57698,6,0
2026-09-23,57706,6,0
2026-09-23,57712,6,0
2026-09-23,57715,6,0
2026-09-23,57790,6,0
2026-09-23,57818,6,0
2026-09-23,57828,6,0
2026-09-23,57843,6,0
2026-09-23,57851,6,0
2026-09-23,57905,6,0
2026-09-23,57911,6,0
2026-09-23,57919,6,0
2026-09-23,57920,6,0
2026-09-23,57939,6,0
2026-09-23,57951,6,0
2026-09-23,58011,6,0
2026-09-23,58039,6,0
2026-09-23,58173,6,0
2026-09-23,58193,6,0
2026-09-23,58264,6,0
2026-09-23,58279,6,0
2026-09-23,58297,6,0
2026-09-23,58298,6,0
2026-09-23,58299,6,0
2026-09-23,58305,6,0
2026-09-23,58315,6,0
2026-09-23,58373,6,0
2026-09-23,58374,6,0
2026-09-23,58425,6,0
2026-09-23,58701,6,0
2026-09-23,59890,6,0
2026-09-23,61339,6,0
2026-09-23,61379,6,0
2026-09-23,62604,6,0
2026-09-23,63148,6,0
2026-09-23,63939,6,0
2026-09-23,64348,6,0
2026-09-23,64552,6,0
2026-09-23,65503,6,0
2026-09-23,49161,5,0
2026-09-23,49601,5,0
2026-09-23,49691,5,0
2026-09-23,49942,5,0
2026-09-23,50088,5,0
2026-09-23,52182,5,0
2026-09-23,52285,5,0
2026-09-23,52375,5,0
2026-09-23,52467,5,0
2026-09-23,52473,5,0
2026-09-23,52479,5,0
2026-09-23,52489,5,0
2026-09-23,52517,5,0
2026-09-23,52592,5,0
2026-09-23,52617,5,0
2026-09-23,52664,5,0
2026-09-23,52746,5,0
2026-09-23,52815,5,0
2026-09-23,52827,5,0
2026-09-23,53054,5,0
2026-09-23,53072,5,0
2026-09-23,53124,5,0
2026-09-23,53202,5,0
2026-09-23,53229,5,0
2026-09-23,53234,5,0
2026-09-23,53255,5,0
2026-09-23,53299,5,0
2026-09-23,53303,5,0
2026-09-23,53413,5,0
2026-09-23,53533,5,0
2026-09-23,53586,5,0
2026-09-23,53717,5,0
2026-09-23,54270,5,0
2026-09-23,54609,5,0
2026-09-23,54689,5,0
2026-09-23,54805,5,0
2026-09-23,55779,5,0
2026-09-23,55848,5,0
2026-09-23,56275,5,0
2026-09-23,56384,5,0
2026-09-23,56390,5,0
2026-09-23,56428,5,0
2026-09-23,56531,5,0
2026-09-23,56652,5,0
2026-09-23,56767,5,0
2026-09-23,56797,5,0
2026-09-23,56932,5,0
2026-09-23,57065,5,0
2026-09-23,57110,5,0
2026-09-23,57136,5,0
2026-09-23,57642,5,0
2026-09-23,57643,5,0
2026-09-23,57651,5,0
2026-09-23,57658,5,0
2026-09-23,57659,5,0
2026-09-23,57660,5,0
2026-09-23,57773,5,0
2026-09-23,57983,5,0
2026-09-23,58155,5,0
2026-09-23,58265,5,0
2026-09-23,58294,5,0
2026-09-23,58295,5,0
2026-09-23,58313,5,0
2026-09-23,58314,5,0
2026-09-23,58316,5,0
2026-09-23,58370,5,0
2026-09-23,58372,5,0
2026-09-23,58398,5,0
2026-09-23,58400,5,0
2026-09-23,58630,5,0
2026-09-23,58702,5,0
2026-09-23,59488,5,0
2026-09-23,59814,5,0
2026-09-23,62169,5,0
2026-09-23,62402,5,0
2026-09-23,64962,5,0
2026-09-23,27015,4,0
2026-09-23,49185,4,0
2026-09-23,49231,4,0
2026-09-23,49389,4,0
2026-09-23,49500,4,0
2026-09-23,49554,4,0
2026-09-23,49647,4,0
2026-09-23,49661,4,0
2026-09-23,49728,4,0
2026-09-23,49776,4,0
2026-09-23,49787,4,0
2026-09-23,49861,4,0
2026-09-23,49943,4,0
2026-09-23,50001,4,0
2026-09-23,50089,4,0
2026-09-23,50141,4,0
2026-09-23,50176,4,0
2026-09-23,50281,4,0
2026-09-23,50343,4,0
2026-09-23,50404,4,0
2026-09-23,50407,4,0
2026-09-23,50486,4,0
2026-09-23,50490,4,0
2026-09-23,50499,4,0
2026-09-23,50570,4,0
2026-09-23,50689,4,0
2026-09-23,50719,4,0
2026-09-23,50933,4,0
2026-09-23,51019,4,0
2026-09-23,51038,4,0
2026-09-23,51136,4,0
2026-09-23,51146,4,0
2026-09-23,51148,4,0
2026-09-23,51181,4,0
2026-09-23,51212,4,0
2026-09-23,51271,4,0
2026-09-23,51275,4,0
2026-09-23,51322,4,0
2026-09-23,51355,4,0
2026-09-23,51361,4,0
2026-09-23,51458,4,0
2026-09-23,51498,4,0
2026-09-23,51514,4,0
2026-09-23,51580,4,0
2026-09-23,51709,4,0
2026-09-23,51710,4,0
2026-09-23,51805,4,0
2026-09-23,51856,4,0
2026-09-23,51959,4,0
2026-09-23,51993,4,0
2026-09-23,52018,4,0
2026-09-23,52021,4,0
2026-09-23,52069,4,0
2026-09-23,52105,4,0
2026-09-23,52159,4,0
2026-09-23,52161,4,0
2026-09-23,52162,4,0
2026-09-23,52165,4,0
2026-09-23,52168,4,0
2026-09-23,52197,4,0
2026-09-23,52287,4,0
2026-09-23,52296,4,0
2026-09-23,52302,4,0
2026-09-23,52316,4,0
2026-09-23,52342,4,0
2026-09-23,52348,4,0
2026-09-23,52366,4,0
2026-09-23,52373,4,0
2026-09-23,52411,4,0
2026-09-23,52455,4,0
2026-09-23,52464,4,0
2026-09-23,52470,4,0
2026-09-23,52471,4,0
2026-09-23,52515,4,0
2026-09-23,52559,4,0
2026-09-23,52563,4,0
2026-09-23,52620,4,0
2026-09-23,52630,4,0
2026-09-23,52694,4,0
2026-09-23,52724,4,0
2026-09-23,52735,4,0
2026-09-23,52740,4,0
2026-09-23,52749,4,0
2026-09-23,52752,4,0
2026-09-23,52759,4,0
2026-09-23,52760,4,0
2026-09-23,52766,4,0
2026-09-23,52771,4,0
2026-09-23,52788,4,0
2026-09-23,52820,4,0
2026-09-23,52934,4,0
2026-09-23,52937,4,0
2026-09-23,52939,4,0
2026-09-23,52995,4,0
2026-09-23,53001,4,0
2026-09-23,53004,4,0
2026-09-23,53015,4,0
2026-09-23,53020,4,0
2026-09-23,53068,4,0
2026-09-23,53080,4,0
2026-09-23,53101,4,0
2026-09-23,53102,4,0
2026-09-23,53104,4,0
2026-09-23,53144,4,0
2026-09-23,53146,4,0
2026-09-23,53175,4,0
2026-09-23,53219,4,0
2026-09-23,53239,4,0
2026-09-23,53240,4,0
2026-09-23,53243,4,0
2026-09-23,53249,4,0
2026-09-23,53253,4,0
2026-09-23,53269,4,0
2026-09-23,53275,4,0
2026-09-23,53283,4,0
2026-09-23,53297,4,0
2026-09-23,53300,4,0
2026-09-23,53315,4,0
2026-09-23,53323,4,0
2026-09-23,53369,4,0
2026-09-23,53380,4,0
2026-09-23,53384,4,0
2026-09-23,53389,4,0
2026-09-23,53398,4,0
2026-09-23,53404,4,0
2026-09-23,53450,4,0
2026-09-23,53456,4,0
2026-09-23,53458,4,0
2026-09-23,53462,4,0
2026-09-23,53468,4,0
2026-09-23,53469,4,0
2026-09-23,53472,4,0
2026-09-23,53578,4,0
2026-09-23,53662,4,0
2026-09-23,53664,4,0
2026-09-23,53779,4,0
2026-09-23,53796,4,0
2026-09-23,53813,4,0
2026-09-23,53952,4,0
2026-09-23,54073,4,0
2026-09-23,54074,4,0
2026-09-23,54250,4,0
2026-09-23,54260,4,0
2026-09-23,54292,4,0
2026-09-23,54303,4,0
2026-09-23,54351,4,0
2026-09-23,54462,4,0
2026-09-23,54465,4,0
2026-09-23,54502,4,0
2026-09-23,54733,4,0
2026-09-23,54766,4,0
2026-09-23,54783,4,0
2026-09-23,54822,4,0
2026-09-23,54918,4,0
2026-09-23,54950,4,0
2026-09-23,55071,4,0
2026-09-23,55075,4,0
2026-09-23,55248,4,0
2026-09-23,55359,4,0
2026-09-23,55404,4,0
2026-09-23,55442,4,0
2026-09-23,55443,4,0
2026-09-23,55487,4,0
2026-09-23,55513,4,0
2026-09-23,55597,4,0
2026-09-23,55659,4,0
2026-09-23,55685,4,0
2026-09-23,55736,4,0
2026-09-23,55743,4,0
2026-09-23,55757,4,0
2026-09-23,55882,4,0
2026-09-23,55935,4,0
2026-09-23,56128,4,0
2026-09-23,56163,4,0
2026-09-23,56167,4,0
2026-09-23,56190,4,0
2026-09-23,56208,4,0
2026-09-23,56276,4,0
2026-09-23,56284,4,0
2026-09-23,56293,4,0
2026-09-23,56386,4,0
2026-09-23,56387,4,0
2026-09-23,56388,4,0
2026-09-23,56430,4,0
2026-09-23,56442,4,0
2026-09-23,56479,4,0
2026-09-23,56488,4,0
2026-09-23,56547,4,0
2026-09-23,56584,4,0
2026-09-23,56603,4,0
2026-09-23,56617,4,0
2026-09-23,56718,4,0
2026-09-23,56788,4,0
2026-09-23,56808,4,0
2026-09-23,56819,4,0
2026-09-23,56841,4,0
2026-09-23,56843,4,0
2026-09-23,56877,4,0
2026-09-23,56889,4,0
2026-09-23,56895,4,0
2026-09-23,56905,4,0
2026-09-23,56913,4,0
2026-09-23,56965,4,0
2026-09-23,56973,4,0
2026-09-23,56990,4,0
2026-09-23,57022,4,0
2026-09-23,57070,4,0
2026-09-23,57080,4,0
2026-09-23,57089,4,0
2026-09-23,57138,4,0
2026-09-23,57217,4,0
2026-09-23,57247,4,0
2026-09-23,57249,4,0
2026-09-23,57262,4,0
2026-09-23,57273,4,0
2026-09-23,57350,4,0
2026-09-23,57404,4,0
2026-09-23,57410,4,0
2026-09-23,57570,4,0
2026-09-23,57630,4,0
2026-09-23,57640,4,0
2026-09-23,57653,4,0
2026-09-23,57656,4,0
2026-09-23,57695,4,0
2026-09-23,57711,4,0
2026-09-23,57713,4,0
2026-09-23,57714,4,0
2026-09-23,57832,4,0
2026-09-23,57833,4,0
2026-09-23,57856,4,0
2026-09-23,57891,4,0
2026-09-23,58058,4,0
2026-09-23,58152,4,0
2026-09-23,58172,4,0
2026-09-23,58219,4,0
2026-09-23,58320,4,0
2026-09-23,58399,4,0
2026-09-23,58422,4,0
2026-09-23,58470,4,0
2026-09-23,58532,4,0
2026-09-23,58534,4,0
2026-09-23,58655,4,0
2026-09-23,58694,4,0
2026-09-23,58720,4,0
2026-09-23,58747,4,0
2026-09-23,58809,4,0
2026-09-23,58819,4,0
2026-09-23,58824,4,0
2026-09-23,58838,4,0
2026-09-23,58919,4,0
2026-09-23,59130,4,0
2026-09-23,59189,4,0
2026-09-23,59221,4,0
2026-09-23,59250,4,0
2026-09-23,59258,4,0
2026-09-23,59289,4,0
2026-09-23,59302,4,0
2026-09-23,59349,4,0
2026-09-23,59387,4,0
2026-09-23,59507,4,0
2026-09-23,59564,4,0
2026-09-23,59606,4,0
2026-09-23,59658,4,0
2026-09-23,59714,4,0
2026-09-23,59772,4,0
2026-09-23,59920,4,0
2026-09-23,60014,4,0
2026-09-23,60044,4,0
2026-09-23,60200,4,0
2026-09-23,60212,4,0
2026-09-23,60233,4,0
2026-09-23,60234,4,0
2026-09-23,60334,4,0
2026-09-23,60349,4,0
2026-09-23,60379,4,0
2026-09-23,60418,4,0
2026-09-23,60445,4,0
2026-09-23,60448,4,0
2026-09-23,60472,4,0
2026-09-23,60511,4,0
2026-09-23,60521,4,0
2026-09-23,60533,4,0
2026-09-23,60594,4,0
2026-09-23,60603,4,0
2026-09-23,60750,4,0
2026-09-23,60825,4,0
2026-09-23,60937,4,0
2026-09-23,61024,4,0
2026-09-23,61092,4,0
2026-09-23,61141,4,0
2026-09-23,61344,4,0
2026-09-23,61412,4,0
2026-09-23,61598,4,0
2026-09-23,61727,4,0
2026-09-23,61738,4,0
2026-09-23,61775,4,0
2026-09-23,61861,4,0
2026-09-23,61873,4,0
2026-09-23,61898,4,0
2026-09-23,61954,4,0
2026-09-23,62231,4,0
2026-09-23,62261,4,0
2026-09-23,62395,4,0
2026-09-23,62611,4,0
2026-09-23,62618,4,0
2026-09-23,62625,4,0
2026-09-23,62864,4,0
2026-09-23,63046,4,0
2026-09-23,63110,4,0
2026-09-23,63158,4,0
2026-09-23,63232,4,0
2026-09-23,63349,4,0
2026-09-23,63374,4,0
2026-09-23,63637,4,0
2026-09-23,63684,4,0
2026-09-23,63747,4,0
2026-09-23,63774,4,0
2026-09-23,63861,4,0
2026-09-23,63877,4,0
2026-09-23,63896,4,0
2026-09-23,63935,4,0
2026-09-23,63954,4,0
2026-09-23,63975,4,0
2026-09-23,64004,4,0
2026-09-23,64052,4,0
2026-09-23,64127,4,0
2026-09-23,64224,4,0
2026-09-23,64271,4,0
2026-09-23,64304,4,0
2026-09-23,64330,4,0
2026-09-23,64420,4,0
2026-09-23,64512,4,0
2026-09-23,64628,4,0
2026-09-23,64872,4,0
2026-09-23,64931,4,0
2026-09-23,65003,4,0
2026-09-23,65131,4,0
2026-09-23,65148,4,0
2026-09-23,65192,4,0
2026-09-23,65200,4,0
2026-09-23,65233,4,0
2026-09-23,65254,4,0
2026-09-23,65491,4,0
2026-09-23,65522,4,0
2026-09-23,67,4,4
2026-09-23,49267,3,0
2026-09-23,49487,3,0
2026-09-23,49823,3,0
2026-09-23,50409,3,0
2026-09-23,50609,3,0
2026-09-23,50843,3,0
2026-09-23,50874,3,0
2026-09-23,50975,3,0
2026-09-23,51369,3,0
2026-09-23,51668,3,0
2026-09-23,51733,3,0
2026-09-23,51802,3,0
2026-09-23,52092,3,0
2026-09-23,52252,3,0
2026-09-23,52283,3,0
2026-09-23,52286,3,0
2026-09-23,52320,3,0
2026-09-23,52383,3,0
2026-09-23,52456,3,0
2026-09-23,52472,3,0
2026-09-23,52493,3,0
2026-09-23,52553,3,0
2026-09-23,52561,3,0
2026-09-23,52562,3,0
2026-09-23,52616,3,0
2026-09-23,52693,3,0
2026-09-23,52757,3,0
2026-09-23,52795,3,0
2026-09-23,52796,3,0
2026-09-23,52798,3,0
2026-09-23,52799,3,0
2026-09-23,52802,3,0
2026-09-23,52858,3,0
2026-09-23,52965,3,0
2026-09-23,53023,3,0
2026-09-23,53062,3,1
2026-09-23,53083,3,0
2026-09-23,53106,3,0
2026-09-23,53127,3,0
2026-09-23,53140,3,0
2026-09-23,53154,3,0
2026-09-23,53176,3,0
2026-09-23,53248,3,0
2026-09-23,53324,3,0
2026-09-23,53494,3,0
2026-09-23,53527,3,0
2026-09-23,53535,3,0
2026-09-23,53538,3,0
2026-09-23,53575,3,0
2026-09-23,53917,3,0
2026-09-23,53993,3,0
2026-09-23,54077,3,0
2026-09-23,54612,3,0
2026-09-23,54776,3,0
2026-09-23,54786,3,0
2026-09-23,56062,3,0
2026-09-23,56385,3,0
2026-09-23,56412,3,0
2026-09-23,56427,3,0
2026-09-23,56467,3,0
2026-09-23,56538,3,0
2026-09-23,56647,3,0
2026-09-23,56814,3,0
2026-09-23,56824,3,0
2026-09-23,56861,3,0
2026-09-23,56879,3,0
2026-09-23,56956,3,0
2026-09-23,56964,3,0
2026-09-23,56972,3,0
2026-09-23,56976,3,0
2026-09-23,57014,3,0
2026-09-23,57092,3,0
2026-09-23,57118,3,0
2026-09-23,57137,3,0
2026-09-23,57139,3,0
2026-09-23,57181,3,0
2026-09-23,57218,3,0
2026-09-23,57366,3,0
2026-09-23,57386,3,0
2026-09-23,57569,3,0
2026-09-23,57571,3,0
2026-09-23,57616,3,0
2026-09-23,57644,3,0
2026-09-23,57716,3,0
2026-09-23,57840,3,0
2026-09-23,57913,3,0
2026-09-23,57921,3,0
2026-09-23,57922,3,0
2026-09-23,57924,3,0
2026-09-23,57997,3,0
2026-09-23,58004,3,0
2026-09-23,58009,3,0
2026-09-23,58024,3,0
2026-09-23,58049,3,0
2026-09-23,58081,3,0
2026-09-23,58176,3,0
2026-09-23,58233,3,0
2026-09-23,58354,3,0
2026-09-23,58401,3,0
2026-09-23,58403,3,0
2026-09-23,58977,3,0
2026-09-23,58978,3,0
2026-09-23,59183,3,0
2026-09-23,59810,3,0
2026-09-23,59990,3,0
2026-09-23,60000,3,0
2026-09-23,60194,3,0
2026-09-23,60370,3,0
2026-09-23,61181,3,0
2026-09-23,61670,3,0
2026-09-23,62299,3,0
2026-09-23,62557,3,0
2026-09-23,62844,3,0
2026-09-23,63457,3,0
2026-09-23,63484,3,0
2026-09-23,63871,3,0
2026-09-23,64026,3,0
2026-09-23,64175,3,0
2026-09-23,64233,3,0
2026-09-23,64416,3,0
2026-09-23,64656,3,0
2026-09-23,64964,3,0
2026-09-23,65090,3,0
2026-09-23,49163,2,0
2026-09-23,49167,2,0
2026-09-23,49171,2,0
2026-09-23,49235,2,0
2026-09-23,49243,2,0
2026-09-23,49265,2,0
2026-09-23,49314,2,0
2026-09-23,49321,2,0
2026-09-23,49341,2,0
2026-09-23,49381,2,0
2026-09-23,49423,2,0
2026-09-23,49425,2,0
2026-09-23,49460,2,0
2026-09-23,49479,2,0
2026-09-23,49516,2,0
2026-09-23,49521,2,0
2026-09-23,49536,2,0
2026-09-23,49553,2,0
2026-09-23,49570,2,0
2026-09-23,49598,2,0
2026-09-23,49627,2,0
2026-09-23,49637,2,0
2026-09-23,49642,2,0
2026-09-23,49651,2,0
2026-09-23,49678,2,0
2026-09-23,49698,2,0
2026-09-23,49701,2,0
2026-09-23,49702,2,0
2026-09-23,49773,2,0
2026-09-23,49780,2,0
2026-09-23,49786,2,0
2026-09-23,49794,2,0
2026-09-23,49799,2,0
2026-09-23,49809,2,0
2026-09-23,49814,2,0
2026-09-23,49828,2,0
2026-09-23,49843,2,0
2026-09-23,49903,2,0
2026-09-23,49907,2,0
2026-09-23,49911,2,0
2026-09-23,49936,2,0
2026-09-23,49948,2,0
2026-09-23,49962,2,0
2026-09-23,49966,2,0
2026-09-23,49968,2,0
2026-09-23,49971,2,0
2026-09-23,50019,2,0
2026-09-23,50087,2,0
2026-09-23,50138,2,0
2026-09-23,50151,2,0
2026-09-23,50164,2,0
2026-09-23,50200,2,0
2026-09-23,50225,2,0
2026-09-23,50226,2,0
2026-09-23,50232,2,0
2026-09-23,50277,2,0
2026-09-23,50369,2,0
2026-09-23,50378,2,0
2026-09-23,50439,2,0
2026-09-23,50462,2,0
2026-09-23,50479,2,0
2026-09-23,50492,2,0
2026-09-23,50500,2,0
2026-09-23,50519,2,0
2026-09-23,50520,2,0
2026-09-23,50541,2,0
2026-09-23,50580,2,0
2026-09-23,50594,2,0
2026-09-23,50623,2,0
2026-09-23,50624,2,0
2026-09-23,50627,2,0
2026-09-23,50643,2,0
2026-09-23,50645,2,0
2026-09-23,50656,2,0
2026-09-23,50659,2,0
2026-09-23,50691,2,0
2026-09-23,50703,2,0
2026-09-23,50720,2,0
2026-09-23,50732,2,0
2026-09-23,50738,2,0
2026-09-23,50748,2,0
2026-09-23,50759,2,0
2026-09-23,50815,2,0
2026-09-23,50816,2,0
2026-09-23,50856,2,0
2026-09-23,50859,2,0
2026-09-23,50902,2,0
2026-09-23,50903,2,0
2026-09-23,50938,2,0
2026-09-23,50943,2,0
2026-09-23,50960,2,0
2026-09-23,50967,2,0
2026-09-23,50971,2,0
2026-09-23,50989,2,0
2026-09-23,50993,2,0
2026-09-23,51006,2,0
2026-09-23,51042,2,0
2026-09-23,51077,2,0
2026-09-23,51091,2,0
2026-09-23,51165,2,0
2026-09-23,51186,2,0
2026-09-23,51244,2,0
2026-09-23,51253,2,0
2026-09-23,51346,2,0
2026-09-23,51354,2,0
2026-09-23,51363,2,0
2026-09-23,51400,2,0
2026-09-23,51425,2,0
2026-09-23,51428,2,0
2026-09-23,51451,2,0
2026-09-23,51470,2,0
2026-09-23,51473,2,0
2026-09-23,51478,2,0
2026-09-23,51501,2,0
2026-09-23,51513,2,0
2026-09-23,51540,2,0
2026-09-23,51647,2,0
2026-09-23,51649,2,0
2026-09-23,51757,2,0
2026-09-23,51786,2,0
2026-09-23,51788,2,0
2026-09-23,51796,2,0
2026-09-23,51809,2,0
2026-09-23,51831,2,0
2026-09-23,51835,2,0
2026-09-23,51863,2,0
2026-09-23,51864,2,0
2026-09-23,51887,2,0
2026-09-23,51927,2,0
2026-09-23,51942,2,0
2026-09-23,51962,2,0
2026-09-23,51983,2,0
2026-09-23,52000,2,0
2026-09-23,52016,2,0
2026-09-23,52020,2,0
2026-09-23,52023,2,0
2026-09-23,52045,2,0
2026-09-23,52055,2,0
2026-09-23,52065,2,0
2026-09-23,52071,2,0
2026-09-23,52072,2,0
2026-09-23,52073,2,0
2026-09-23,52075,2,0
2026-09-23,52081,2,0
2026-09-23,52085,2,0
2026-09-23,52104,2,0
2026-09-23,52122,2,0
2026-09-23,52127,2,0
2026-09-23,52164,2,0
2026-09-23,52203,2,0
2026-09-23,52236,2,0
2026-09-23,52237,2,0
2026-09-23,52242,2,0
2026-09-23,52246,2,0
2026-09-23,52247,2,0
2026-09-23,52270,2,0
2026-09-23,52315,2,0
2026-09-23,52322,2,0
2026-09-23,52332,2,0
2026-09-23,52334,2,0
2026-09-23,52344,2,0
2026-09-23,52356,2,0
2026-09-23,52369,2,0
2026-09-23,52371,2,0
2026-09-23,52376,2,0
2026-09-23,52378,2,0
2026-09-23,52405,2,0
2026-09-23,52443,2,0
2026-09-23,52482,2,0
2026-09-23,52484,2,0
2026-09-23,52485,2,0
2026-09-23,52486,2,0
2026-09-23,52487,2,0
2026-09-23,52494,2,0
2026-09-23,52521,2,0
2026-09-23,52530,2,0
2026-09-23,52543,2,0
2026-09-23,52554,2,0
2026-09-23,52581,2,0
2026-09-23,52585,2,0
2026-09-23,52588,2,0
2026-09-23,52593,2,0
2026-09-23,52599,2,0
2026-09-23,52607,2,0
2026-09-23,52638,2,0
2026-09-23,52663,2,0
2026-09-23,52701,2,0
2026-09-23,52716,2,0
2026-09-23,52731,2,0
2026-09-23,52751,2,0
2026-09-23,52753,2,0
2026-09-23,52773,2,0
2026-09-23,52776,2,0
2026-09-23,52791,2,0
2026-09-23,52797,2,0
2026-09-23,52800,2,0
2026-09-23,52801,2,0
2026-09-23,52856,2,0
2026-09-23,52873,2,0
2026-09-23,52917,2,0
2026-09-23,52924,2,0
2026-09-23,52933,2,0
2026-09-23,52935,2,0
2026-09-23,52975,2,0
2026-09-23,52982,2,0
2026-09-23,52998,2,0
2026-09-23,53014,2,0
2026-09-23,53021,2,0
2026-09-23,53022,2,0
2026-09-23,53025,2,0
2026-09-23,53030,2,0
2026-09-23,53053,2,0
2026-09-23,53056,2,0
2026-09-23,53071,2,0
2026-09-23,53084,2,0
2026-09-23,53091,2,0
2026-09-23,53110,2,0
2026-09-23,53141,2,0
2026-09-23,53143,2,0
2026-09-23,53150,2,0
2026-09-23,53160,2,0
2026-09-23,53184,2,0
2026-09-23,53192,2,0
2026-09-23,53193,2,0
2026-09-23,53216,2,0
2026-09-23,53226,2,0
2026-09-23,53231,2,0
2026-09-23,53235,2,0
2026-09-23,53238,2,0
2026-09-23,53261,2,0
2026-09-23,53270,2,0
2026-09-23,53301,2,0
2026-09-23,53302,2,0
2026-09-23,53310,2,0
2026-09-23,53312,2,0
2026-09-23,53332,2,0
2026-09-23,53333,2,0
2026-09-23,53363,2,0
2026-09-23,53383,2,0
2026-09-23,53386,2,0
2026-09-23,53390,2,0
2026-09-23,53393,2,0
2026-09-23,53409,2,0
2026-09-23,53444,2,0
2026-09-23,53455,2,0
2026-09-23,53495,2,0
2026-09-23,53518,2,0
2026-09-23,53523,2,0
2026-09-23,53524,2,0
2026-09-23,53547,2,0
2026-09-23,53548,2,0
2026-09-23,53553,2,0
2026-09-23,53566,2,0
2026-09-23,53580,2,0
2026-09-23,53625,2,0
2026-09-23,53635,2,0
2026-09-23,53698,2,0
2026-09-23,53851,2,0
2026-09-23,53868,2,0
2026-09-23,53870,2,0
2026-09-23,53874,2,0
2026-09-23,53946,2,0
2026-09-23,53988,2,0
2026-09-23,53999,2,0
2026-09-23,54004,2,0
2026-09-23,54033,2,0
2026-09-23,54041,2,0
2026-09-23,54047,2,0
2026-09-23,54062,2,0
2026-09-23,54095,2,0
2026-09-23,54122,2,0
2026-09-23,54167,2,0
2026-09-23,54180,2,0
2026-09-23,54221,2,0
2026-09-23,54239,2,0
2026-09-23,54261,2,0
2026-09-23,54263,2,0
2026-09-23,54265,2,0
2026-09-23,54283,2,0
2026-09-23,54327,2,0
2026-09-23,54368,2,0
2026-09-23,54378,2,0
2026-09-23,54402,2,0
2026-09-23,54406,2,0
2026-09-23,54432,2,0
2026-09-23,54441,2,0
2026-09-23,54452,2,0
2026-09-23,54484,2,0
2026-09-23,54491,2,0
2026-09-23,54498,2,0
2026-09-23,54537,2,0
2026-09-23,54549,2,0
2026-09-23,54552,2,0
2026-09-23,54711,2,0
2026-09-23,54722,2,0
2026-09-23,54728,2,0
2026-09-23,54751,2,0
2026-09-23,54772,2,0
2026-09-23,54839,2,0
2026-09-23,54854,2,0
2026-09-23,54891,2,0
2026-09-23,54949,2,0
2026-09-23,54961,2,0
2026-09-23,54982,2,0
2026-09-23,54986,2,0
2026-09-23,55027,2,0
2026-09-23,55047,2,0
2026-09-23,55131,2,0
2026-09-23,55152,2,0
2026-09-23,55202,2,0
2026-09-23,55215,2,0
2026-09-23,55230,2,0
2026-09-23,55262,2,0
2026-09-23,55267,2,0
2026-09-23,55274,2,0
2026-09-23,55324,2,0
2026-09-23,55329,2,0
2026-09-23,55381,2,0
2026-09-23,55384,2,0
2026-09-23,55388,2,0
2026-09-23,55425,2,0
2026-09-23,55460,2,0
2026-09-23,55462,2,0
2026-09-23,55472,2,0
2026-09-23,55491,2,0
2026-09-23,55530,2,0
2026-09-23,55536,2,0
2026-09-23,55615,2,0
2026-09-23,55621,2,0
2026-09-23,55623,2,0
2026-09-23,55624,2,0
2026-09-23,55636,2,0
2026-09-23,55642,2,0
2026-09-23,55649,2,0
2026-09-23,55672,2,0
2026-09-23,55690,2,0
2026-09-23,55778,2,0
2026-09-23,55789,2,0
2026-09-23,55793,2,0
2026-09-23,55795,2,0
2026-09-23,55839,2,0
2026-09-23,55926,2,0
2026-09-23,55931,2,0
2026-09-23,55933,2,0
2026-09-23,55945,2,0
2026-09-23,55950,2,0
2026-09-23,55965,2,0
2026-09-23,55993,2,0
2026-09-23,56009,2,0
2026-09-23,56028,2,0
2026-09-23,56040,2,0
2026-09-23,56050,2,0
2026-09-23,56051,2,0
2026-09-23,56097,2,0
2026-09-23,56126,2,0
2026-09-23,56199,2,0
2026-09-23,56246,2,0
2026-09-23,56264,2,0
2026-09-23,56271,2,0
2026-09-23,56297,2,0
2026-09-23,56335,2,0
2026-09-23,56360,2,0
2026-09-23,56364,2,0
2026-09-23,56378,2,0
2026-09-23,56383,2,0
2026-09-23,56418,2,0
2026-09-23,56437,2,0
2026-09-23,56452,2,0
2026-09-23,56469,2,0
2026-09-23,56472,2,0
2026-09-23,56474,2,0
2026-09-23,56490,2,0
2026-09-23,56493,2,0
2026-09-23,56505,2,0
2026-09-23,56509,2,0
2026-09-23,56516,2,0
2026-09-23,56527,2,0
2026-09-23,56529,2,0
2026-09-23,56530,2,0
2026-09-23,56559,2,0
2026-09-23,56587,2,0
2026-09-23,56624,2,0
2026-09-23,56661,2,0
2026-09-23,56665,2,0
2026-09-23,56722,2,0
2026-09-23,56726,2,0
2026-09-23,56740,2,0
2026-09-23,56769,2,0
2026-09-23,56794,2,0
2026-09-23,56799,2,0
2026-09-23,56849,2,0
2026-09-23,56870,2,0
2026-09-23,56872,2,0
2026-09-23,56875,2,0
2026-09-23,56898,2,0
2026-09-23,56916,2,0
2026-09-23,56933,2,0
2026-09-23,56942,2,0
2026-09-23,56947,2,0
2026-09-23,56949,2,0
2026-09-23,56966,2,0
2026-09-23,56967,2,0
2026-09-23,56970,2,0
2026-09-23,56985,2,0
2026-09-23,56998,2,0
2026-09-23,57011,2,0
2026-09-23,57057,2,0
2026-09-23,57135,2,0
2026-09-23,57146,2,0
2026-09-23,57196,2,0
2026-09-23,57209,2,0
2026-09-23,57231,2,0
2026-09-23,57238,2,0
2026-09-23,57248,2,0
2026-09-23,57270,2,0
2026-09-23,57280,2,0
2026-09-23,57303,2,0
2026-09-23,57412,2,0
2026-09-23,57430,2,0
2026-09-23,57431,2,0
2026-09-23,57442,2,0
2026-09-23,57447,2,0
2026-09-23,57461,2,0
2026-09-23,57466,2,0
2026-09-23,57469,2,0
2026-09-23,57477,2,0
2026-09-23,57539,2,0
2026-09-23,57545,2,0
2026-09-23,57576,2,0
2026-09-23,57590,2,0
2026-09-23,57610,2,0
2026-09-23,57676,2,0
2026-09-23,57680,2,0
2026-09-23,57756,2,0
2026-09-23,57800,2,0
2026-09-23,57863,2,0
2026-09-23,57901,2,0
2026-09-23,57938,2,0
2026-09-23,57992,2,0
2026-09-23,58098,2,0
2026-09-23,58104,2,0
2026-09-23,58145,2,0
2026-09-23,58177,2,0
2026-09-23,58201,2,0
2026-09-23,58216,2,0
2026-09-23,58224,2,0
2026-09-23,58230,2,0
2026-09-23,58249,2,0
2026-09-23,58270,2,0
2026-09-23,58338,2,0
2026-09-23,58365,2,0
2026-09-23,58377,2,0
2026-09-23,58402,2,0
2026-09-23,58442,2,0
2026-09-23,58463,2,0
2026-09-23,58468,2,0
2026-09-23,58481,2,0
2026-09-23,58510,2,0
2026-09-23,58511,2,0
2026-09-23,58536,2,0
2026-09-23,58567,2,0
2026-09-23,58576,2,0
2026-09-23,58583,2,0
2026-09-23,58586,2,0
2026-09-23,58616,2,0
2026-09-23,58617,2,0
2026-09-23,58622,2,0
2026-09-23,58624,2,0
2026-09-23,58635,2,0
2026-09-23,58636,2,0
2026-09-23,58654,2,0
2026-09-23,58688,2,0
2026-09-23,58707,2,0
2026-09-23,58723,2,0
2026-09-23,58730,2,0
2026-09-23,58740,2,0
2026-09-23,58744,2,0
2026-09-23,58756,2,0
2026-09-23,58765,2,0
2026-09-23,58767,2,0
2026-09-23,58789,2,0
2026-09-23,58802,2,0
2026-09-23,58806,2,0
2026-09-23,58810,2,0
2026-09-23,58813,2,0
2026-09-23,58830,2,0
2026-09-23,58846,2,0
2026-09-23,58854,2,0
2026-09-23,58911,2,0
2026-09-23,58922,2,0
2026-09-23,58946,2,0
2026-09-23,58948,2,0
2026-09-23,58959,2,0
2026-09-23,58982,2,0
2026-09-23,58990,2,0
2026-09-23,59005,2,0
2026-09-23,59074,2,0
2026-09-23,59112,2,0
2026-09-23,59128,2,0
2026-09-23,59134,2,0
2026-09-23,59173,2,0
2026-09-23,59195,2,0
2026-09-23,59223,2,0
2026-09-23,59231,2,0
2026-09-23,59262,2,0
2026-09-23,59319,2,0
2026-09-23,59345,2,0
2026-09-23,59359,2,0
2026-09-23,59429,2,0
2026-09-23,59445,2,0
2026-09-23,59472,2,0
2026-09-23,59510,2,0
2026-09-23,59544,2,0
2026-09-23,59549,2,0
2026-09-23,59586,2,0
2026-09-23,59589,2,0
2026-09-23,59604,2,0
2026-09-23,59632,2,0
2026-09-23,59633,2,0
2026-09-23,59634,2,0
2026-09-23,59648,2,0
2026-09-23,59699,2,0
2026-09-23,59740,2,0
2026-09-23,59761,2,0
2026-09-23,59812,2,0
2026-09-23,59820,2,0
2026-09-23,59829,2,0
2026-09-23,59831,2,0
2026-09-23,59839,2,0
2026-09-23,59842,2,0
2026-09-23,59893,2,0
2026-09-23,59906,2,0
2026-09-23,59915,2,0
2026-09-23,59938,2,0
2026-09-23,59947,2,0
2026-09-23,59952,2,0
2026-09-23,59958,2,0
2026-09-23,59989,2,0
2026-09-23,60007,2,0
2026-09-23,60055,2,0
2026-09-23,60085,2,0
2026-09-23,60143,2,0
2026-09-23,60267,2,0
2026-09-23,60304,2,0
2026-09-23,60328,2,0
2026-09-23,60350,2,0
2026-09-23,60351,2,0
2026-09-23,60371,2,0
2026-09-23,60393,2,0
2026-09-23,60424,2,0
2026-09-23,60460,2,0
2026-09-23,60523,2,0
2026-09-23,60525,2,0
2026-09-23,60536,2,0
2026-09-23,60539,2,0
2026-09-23,60542,2,0
2026-09-23,60673,2,0
2026-09-23,60700,2,0
2026-09-23,60761,2,0
2026-09-23,60764,2,0
2026-09-23,60768,2,0
2026-09-23,60771,2,0
2026-09-23,60773,2,0
2026-09-23,60777,2,0
2026-09-23,60779,2,0
2026-09-23,60784,2,0
2026-09-23,60792,2,0
2026-09-23,60803,2,0
2026-09-23,60814,2,0
2026-09-23,60822,2,0
2026-09-23,60850,2,0
2026-09-23,60865,2,0
2026-09-23,60922,2,0
2026-09-23,60928,2,0
2026-09-23,60942,2,0
2026-09-23,60946,2,0
2026-09-23,60947,2,0
2026-09-23,60989,2,0
2026-09-23,61007,2,0
2026-09-23,61037,2,0
2026-09-23,61038,2,0
2026-09-23,61043,2,0
2026-09-23,61096,2,0
2026-09-23,61102,2,0
2026-09-23,61116,2,0
2026-09-23,61119,2,0
2026-09-23,61126,2,0
2026-09-23,61166,2,0
2026-09-23,61180,2,0
2026-09-23,61204,2,0
2026-09-23,61205,2,0
2026-09-23,61228,2,0
2026-09-23,61231,2,0
2026-09-23,61233,2,0
2026-09-23,61251,2,0
2026-09-23,61253,2,0
2026-09-23,61263,2,0
2026-09-23,61316,2,0
2026-09-23,61321,2,0
2026-09-23,61326,2,0
2026-09-23,61327,2,0
2026-09-23,61330,2,0
2026-09-23,61336,2,0
2026-09-23,61343,2,0
2026-09-23,61359,2,0
2026-09-23,61362,2,0
2026-09-23,61370,2,0
2026-09-23,61371,2,0
2026-09-23,61393,2,0
2026-09-23,61418,2,0
2026-09-23,61433,2,0
2026-09-23,61481,2,0
2026-09-23,61499,2,0
2026-09-23,61501,2,0
2026-09-23,61522,2,0
2026-09-23,61564,2,0
2026-09-23,61569,2,0
2026-09-23,61632,2,0
2026-09-23,61676,2,0
2026-09-23,61701,2,0
2026-09-23,61774,2,0
2026-09-23,61799,2,0
2026-09-23,61804,2,0
2026-09-23,61812,2,0
2026-09-23,61816,2,0
2026-09-23,61845,2,0
2026-09-23,61872,2,0
2026-09-23,61887,2,0
2026-09-23,61956,2,0
2026-09-23,61957,2,0
2026-09-23,61969,2,0
2026-09-23,61972,2,0
2026-09-23,62026,2,0
2026-09-23,62042,2,0
2026-09-23,62043,2,0
2026-09-23,62050,2,0
2026-09-23,62087,2,0
2026-09-23,62137,2,0
2026-09-23,62207,2,0
2026-09-23,62251,2,0
2026-09-23,62282,2,0
2026-09-23,62296,2,0
2026-09-23,62298,2,0
2026-09-23,62311,2,0
2026-09-23,62398,2,0
2026-09-23,62405,2,0
2026-09-23,62423,2,0
2026-09-23,62439,2,0
2026-09-23,62445,2,0
2026-09-23,62487,2,0
2026-09-23,62508,2,0
2026-09-23,62525,2,0
2026-09-23,62599,2,0
2026-09-23,62719,2,0
2026-09-23,62729,2,0
2026-09-23,62773,2,0
2026-09-23,62777,2,0
2026-09-23,62779,2,0
2026-09-23,62799,2,0
2026-09-23,62889,2,0
2026-09-23,62900,2,0
2026-09-23,62919,2,0
2026-09-23,62921,2,0
2026-09-23,62969,2,0
2026-09-23,63008,2,0
2026-09-23,63017,2,0
2026-09-23,63097,2,0
2026-09-23,63101,2,0
2026-09-23,63166,2,0
2026-09-23,63193,2,0
2026-09-23,63205,2,0
2026-09-23,63241,2,0
2026-09-23,63246,2,0
2026-09-23,63255,2,0
2026-09-23,63291,2,0
2026-09-23,63307,2,0
2026-09-23,63308,2,0
2026-09-23,63311,2,0
2026-09-23,63346,2,0
2026-09-23,63375,2,0
2026-09-23,63387,2,0
2026-09-23,63399,2,0
2026-09-23,63430,2,0
2026-09-23,63436,2,0
2026-09-23,63459,2,0
2026-09-23,63479,2,0
2026-09-23,63503,2,0
2026-09-23,63516,2,0
2026-09-23,63530,2,0
2026-09-23,63549,2,0
2026-09-23,63606,2,0
2026-09-23,63630,2,0
2026-09-23,63650,2,0
2026-09-23,63663,2,0
2026-09-23,63696,2,0
2026-09-23,63738,2,0
2026-09-23,63752,2,0
2026-09-23,63757,2,0
2026-09-23,63775,2,0
2026-09-23,63783,2,0
2026-09-23,63788,2,0
2026-09-23,63823,2,0
2026-09-23,63830,2,0
2026-09-23,63878,2,0
2026-09-23,63911,2,0
2026-09-23,63926,2,0
2026-09-23,64009,2,0
2026-09-23,64067,2,0
2026-09-23,64079,2,0
2026-09-23,64084,2,0
2026-09-23,64096,2,0
2026-09-23,64114,2,0
2026-09-23,64134,2,0
2026-09-23,64149,2,0
2026-09-23,64181,2,0
2026-09-23,64183,2,0
2026-09-23,64204,2,0
2026-09-23,64285,2,0
2026-09-23,64291,2,0
2026-09-23,64294,2,0
2026-09-23,64310,2,0
2026-09-23,64312,2,0
2026-09-23,64367,2,0
2026-09-23,64382,2,0
2026-09-23,64402,2,0
2026-09-23,64409,2,0
2026-09-23,64415,2,0
2026-09-23,64434,2,0
2026-09-23,64488,2,0
2026-09-23,64508,2,0
2026-09-23,64531,2,0
2026-09-23,64541,2,0
2026-09-23,64556,2,0
2026-09-23,64590,2,0
2026-09-23,64595,2,0
2026-09-23,64599,2,0
2026-09-23,64611,2,0
2026-09-23,64630,2,0
2026-09-23,64633,2,0
2026-09-23,64641,2,0
2026-09-23,64645,2,0
2026-09-23,64700,2,0
2026-09-23,64719,2,0
2026-09-23,64742,2,0
2026-09-23,64747,2,0
2026-09-23,64875,2,0
2026-09-23,64880,2,0
2026-09-23,64911,2,0
2026-09-23,64932,2,0
2026-09-23,64939,2,0
2026-09-23,64954,2,0
2026-09-23,64969,2,0
2026-09-23,65031,2,0
2026-09-23,65032,2,0
2026-09-23,65092,2,0
2026-09-23,65101,2,0
2026-09-23,65119,2,0
2026-09-23,65136,2,0
2026-09-23,65184,2,0
2026-09-23,65279,2,0
2026-09-23,65282,2,0
2026-09-23,65311,2,0
2026-09-23,65318,2,0
2026-09-23,65361,2,0
2026-09-23,65388,2,0
2026-09-23,65404,2,0
2026-09-23,65495,2,0
2026-09-23,65525,2,0
2026-09-23,7779,2,2
2026-09-23,123,1,0
2026-09-23,15000,1,1
2026-09-23,49233,1,0
2026-09-23,49249,1,0
2026-09-23,49364,1,0
2026-09-23,49404,1,0
2026-09-23,49453,1,0
2026-09-23,49475,1,0
2026-09-23,49484,1,0
2026-09-23,49486,1,0
2026-09-23,49490,1,0
2026-09-23,49510,1,0
2026-09-23,49586,1,0
2026-09-23,49663,1,0
2026-09-23,49681,1,0
2026-09-23,49782,1,0
2026-09-23,49887,1,0
2026-09-23,49891,1,0
2026-09-23,49921,1,0
2026-09-23,49928,1,0
2026-09-23,50098,1,0
2026-09-23,50103,1,0
2026-09-23,50120,1,0
2026-09-23,50124,1,0
2026-09-23,50149,1,0
2026-09-23,50180,1,0
2026-09-23,50214,1,0
2026-09-23,50228,1,0
2026-09-23,50231,1,0
2026-09-23,50262,1,0
2026-09-23,50278,1,0
2026-09-23,50292,1,0
2026-09-23,50305,1,0
2026-09-23,50335,1,0
2026-09-23,50341,1,0
2026-09-23,50375,1,0
2026-09-23,50389,1,0
2026-09-23,50402,1,0
2026-09-23,50410,1,0
2026-09-23,50449,1,0
2026-09-23,50480,1,0
2026-09-23,50534,1,0
2026-09-23,50577,1,0
2026-09-23,50582,1,0
2026-09-23,50631,1,0
2026-09-23,50652,1,0
2026-09-23,50673,1,0
2026-09-23,50684,1,0
2026-09-23,50697,1,0
2026-09-23,50739,1,0
2026-09-23,50743,1,0
2026-09-23,50757,1,0
2026-09-23,50896,1,0
2026-09-23,50949,1,0
2026-09-23,51106,1,0
2026-09-23,51113,1,0
2026-09-23,51163,1,0
2026-09-23,51166,1,0
2026-09-23,51170,1,0
2026-09-23,51217,1,0
2026-09-23,51237,1,0
2026-09-23,51247,1,0
2026-09-23,51304,1,0
2026-09-23,51386,1,0
2026-09-23,51484,1,0
2026-09-23,51506,1,0
2026-09-23,51510,1,0
2026-09-23,51530,1,0
2026-09-23,51557,1,0
2026-09-23,51588,1,0
2026-09-23,51621,1,0
2026-09-23,51629,1,0
2026-09-23,51652,1,0
2026-09-23,51657,1,0
2026-09-23,51734,1,0
2026-09-23,51753,1,0
2026-09-23,51839,1,0
2026-09-23,51855,1,0
2026-09-23,51868,1,0
2026-09-23,51926,1,0
2026-09-23,51951,1,0
2026-09-23,52093,1,0
2026-09-23,52123,1,0
2026-09-23,52150,1,0
2026-09-23,52272,1,0
2026-09-23,52319,1,0
2026-09-23,52350,1,0
2026-09-23,52358,1,0
2026-09-23,52360,1,0
2026-09-23,52365,1,0
2026-09-23,52414,1,0
2026-09-23,52425,1,0
2026-09-23,52451,1,0
2026-09-23,52462,1,0
2026-09-23,52488,1,0
2026-09-23,52504,1,0
2026-09-23,52506,1,0
2026-09-23,52532,1,0
2026-09-23,52534,1,0
2026-09-23,52536,1,0
2026-09-23,52537,1,0
2026-09-23,52538,1,0
2026-09-23,52542,1,0
2026-09-23,52549,1,0
2026-09-23,52552,1,0
2026-09-23,52555,1,0
2026-09-23,52557,1,0
2026-09-23,52565,1,0
2026-09-23,52590,1,0
2026-09-23,52595,1,0
2026-09-23,52614,1,0
2026-09-23,52665,1,0
2026-09-23,52691,1,0
2026-09-23,52700,1,0
2026-09-23,52810,1,0
2026-09-23,52876,1,0
2026-09-23,52887,1,0
2026-09-23,52918,1,0
2026-09-23,52938,1,0
2026-09-23,52952,1,0
2026-09-23,53055,1,0
2026-09-23,53060,1,0
2026-09-23,53100,1,0
2026-09-23,53132,1,0
2026-09-23,53134,1,0
2026-09-23,53136,1,0
2026-09-23,53151,1,0
2026-09-23,53191,1,0
2026-09-23,53196,1,0
2026-09-23,53197,1,0
2026-09-23,53203,1,0
2026-09-23,53205,1,0
2026-09-23,53209,1,0
2026-09-23,53281,1,0
2026-09-23,53289,1,0
2026-09-23,53309,1,0
2026-09-23,53327,1,0
2026-09-23,53365,1,0
2026-09-23,53402,1,0
2026-09-23,53491,1,0
2026-09-23,53507,1,0
2026-09-23,53509,1,0
2026-09-23,53519,1,0
2026-09-23,53525,1,0
2026-09-23,53530,1,0
2026-09-23,53531,1,0
2026-09-23,53549,1,0
2026-09-23,53551,1,0
2026-09-23,53552,1,0
2026-09-23,53554,1,0
2026-09-23,53571,1,0
2026-09-23,53601,1,0
2026-09-23,53613,1,0
2026-09-23,53637,1,0
2026-09-23,53645,1,0
2026-09-23,53751,1,0
2026-09-23,53773,1,0
2026-09-23,53791,1,0
2026-09-23,53797,1,0
2026-09-23,53799,1,0
2026-09-23,53853,1,0
2026-09-23,53877,1,0
2026-09-23,53915,1,0
2026-09-23,53927,1,0
2026-09-23,53932,1,0
2026-09-23,53941,1,0
2026-09-23,53967,1,0
2026-09-23,53971,1,0
2026-09-23,54019,1,0
2026-09-23,54035,1,0
2026-09-23,54084,1,0
2026-09-23,54093,1,0
2026-09-23,54121,1,0
2026-09-23,54197,1,0
2026-09-23,54256,1,0
2026-09-23,54271,1,0
2026-09-23,54280,1,0
2026-09-23,54340,1,0
2026-09-23,54347,1,0
2026-09-23,54459,1,0
2026-09-23,54509,1,0
2026-09-23,54513,1,0
2026-09-23,54576,1,0
2026-09-23,54591,1,0
2026-09-23,54599,1,0
2026-09-23,54671,1,0
2026-09-23,54710,1,0
2026-09-23,54721,1,0
2026-09-23,54729,1,0
2026-09-23,54734,1,0
2026-09-23,54737,1,0
2026-09-23,54739,1,0
2026-09-23,54758,1,0
2026-09-23,54771,1,0
2026-09-23,54775,1,0
2026-09-23,54789,1,0
2026-09-23,54801,1,0
2026-09-23,54811,1,0
2026-09-23,54823,1,0
2026-09-23,54892,1,0
2026-09-23,54903,1,0
2026-09-23,54914,1,0
2026-09-23,54916,1,0
2026-09-23,54937,1,0
2026-09-23,54958,1,0
2026-09-23,54973,1,0
2026-09-23,54994,1,0
2026-09-23,55003,1,0
2026-09-23,55008,1,0
2026-09-23,55013,1,0
2026-09-23,55026,1,0
2026-09-23,55039,1,0
2026-09-23,55054,1,0
2026-09-23,55072,1,0
2026-09-23,55090,1,0
2026-09-23,55136,1,0
2026-09-23,55153,1,0
2026-09-23,55156,1,0
2026-09-23,55250,1,0
2026-09-23,55288,1,0
2026-09-23,55371,1,0
2026-09-23,55409,1,0
2026-09-23,55410,1,0
2026-09-23,55439,1,0
2026-09-23,55482,1,0
2026-09-23,55504,1,0
2026-09-23,55521,1,0
2026-09-23,55526,1,0
2026-09-23,55592,1,0
2026-09-23,55619,1,0
2026-09-23,55703,1,0
2026-09-23,55728,1,0
2026-09-23,55787,1,0
2026-09-23,55854,1,0
2026-09-23,55861,1,0
2026-09-23,55885,1,0
2026-09-23,55947,1,0
2026-09-23,55951,1,0
2026-09-23,55972,1,0
2026-09-23,56002,1,0
2026-09-23,56020,1,0
2026-09-23,56048,1,0
2026-09-23,56063,1,0
2026-09-23,56077,1,0
2026-09-23,56135,1,0
2026-09-23,56158,1,0
2026-09-23,56159,1,0
2026-09-23,56175,1,0
2026-09-23,56195,1,0
2026-09-23,56209,1,0
2026-09-23,56218,1,0
2026-09-23,56235,1,0
2026-09-23,56237,1,0
2026-09-23,56243,1,0
2026-09-23,56260,1,0
2026-09-23,56262,1,0
2026-09-23,56417,1,0
2026-09-23,56421,1,0
2026-09-23,56478,1,0
2026-09-23,56480,1,0
2026-09-23,56504,1,0
2026-09-23,56532,1,0
2026-09-23,56660,1,0
2026-09-23,56737,1,0
2026-09-23,56768,1,0
2026-09-23,56787,1,0
2026-09-23,56837,1,0
2026-09-23,56840,1,0
2026-09-23,56842,1,0
2026-09-23,56847,1,0
2026-09-23,56894,1,0
2026-09-23,56906,1,0
2026-09-23,56907,1,0
2026-09-23,56934,1,0
2026-09-23,56960,1,0
2026-09-23,56963,1,0
2026-09-23,56968,1,0
2026-09-23,56987,1,0
2026-09-23,57032,1,0
2026-09-23,57084,1,0
2026-09-23,57106,1,0
2026-09-23,57170,1,0
2026-09-23,57194,1,0
2026-09-23,57235,1,0
2026-09-23,57242,1,0
2026-09-23,57254,1,0
2026-09-23,57274,1,0
2026-09-23,57277,1,0
2026-09-23,57287,1,0
2026-09-23,57297,1,0
2026-09-23,57299,1,0
2026-09-23,57301,1,0
2026-09-23,57338,1,0
2026-09-23,57371,1,0
2026-09-23,57411,1,0
2026-09-23,57434,1,0
2026-09-23,57452,1,0
2026-09-23,57472,1,0
2026-09-23,57489,1,0
2026-09-23,57501,1,0
2026-09-23,57509,1,0
2026-09-23,57524,1,0
2026-09-23,57536,1,0
2026-09-23,57618,1,0
2026-09-23,57774,1,0
2026-09-23,57814,1,0
2026-09-23,57848,1,0
2026-09-23,57981,1,0
2026-09-23,57986,1,0
2026-09-23,57987,1,0
2026-09-23,58045,1,0
2026-09-23,58151,1,0
2026-09-23,58159,1,0
2026-09-23,58168,1,0
2026-09-23,58248,1,0
2026-09-23,58269,1,0
2026-09-23,58284,1,0
2026-09-23,58285,1,0
2026-09-23,58444,1,0
2026-09-23,58495,1,0
2026-09-23,58523,1,0
2026-09-23,58607,1,0
2026-09-23,58782,1,0
2026-09-23,58815,1,0
2026-09-23,58848,1,0
2026-09-23,58860,1,0
2026-09-23,58866,1,0
2026-09-23,58876,1,0
2026-09-23,58879,1,0
2026-09-23,58901,1,0
2026-09-23,58945,1,0
2026-09-23,59007,1,0
2026-09-23,59013,1,0
2026-09-23,59036,1,0
2026-09-23,59039,1,0
2026-09-23,59089,1,0
2026-09-23,59094,1,0
2026-09-23,59105,1,0
2026-09-23,59119,1,0
2026-09-23,59126,1,0
2026-09-23,59142,1,0
2026-09-23,59156,1,0
2026-09-23,59186,1,0
2026-09-23,59233,1,0
2026-09-23,59273,1,0
2026-09-23,59377,1,0
2026-09-23,59431,1,0
2026-09-23,59536,1,0
2026-09-23,59548,1,0
2026-09-23,59611,1,0
2026-09-23,59655,1,0
2026-09-23,59664,1,0
2026-09-23,59732,1,0
2026-09-23,59750,1,0
2026-09-23,59765,1,0
2026-09-23,59792,1,0
2026-09-23,59830,1,0
2026-09-23,59850,1,0
2026-09-23,59863,1,0
2026-09-23,59867,1,0
2026-09-23,59875,1,0
2026-09-23,59953,1,0
2026-09-23,60058,1,0
2026-09-23,60091,1,0
2026-09-23,60094,1,0
2026-09-23,60140,1,0
2026-09-23,60211,1,0
2026-09-23,60254,1,0
2026-09-23,60268,1,0
2026-09-23,60444,1,0
2026-09-23,60456,1,0
2026-09-23,60552,1,0
2026-09-23,60586,1,0
2026-09-23,60588,1,0
2026-09-23,60625,1,0
2026-09-23,60688,1,0
2026-09-23,60720,1,0
2026-09-23,60769,1,0
2026-09-23,60812,1,0
2026-09-23,60819,1,0
2026-09-23,60824,1,0
2026-09-23,60866,1,0
2026-09-23,60903,1,0
2026-09-23,60923,1,0
2026-09-23,60973,1,0
2026-09-23,61056,1,0
2026-09-23,61286,1,0
2026-09-23,61296,1,0
2026-09-23,61335,1,0
2026-09-23,61387,1,0
2026-09-23,61400,1,0
2026-09-23,61425,1,0
2026-09-23,61429,1,0
2026-09-23,61432,1,0
2026-09-23,61453,1,0
2026-09-23,61465,1,0
2026-09-23,61472,1,0
2026-09-23,61476,1,0
2026-09-23,61508,1,0
2026-09-23,61543,1,0
2026-09-23,61560,1,0
2026-09-23,61592,1,0
2026-09-23,61616,1,0
2026-09-23,61717,1,0
2026-09-23,61729,1,0
2026-09-23,61730,1,0
2026-09-23,61767,1,0
2026-09-23,61776,1,0
2026-09-23,62002,1,0
2026-09-23,62003,1,0
2026-09-23,62017,1,0
2026-09-23,62084,1,0
2026-09-23,62109,1,0
2026-09-23,62197,1,0
2026-09-23,62239,1,0
2026-09-23,62256,1,0
2026-09-23,62284,1,0
2026-09-23,62458,1,0
2026-09-23,62463,1,0
2026-09-23,62573,1,0
2026-09-23,62591,1,0
2026-09-23,62595,1,0
2026-09-23,62635,1,0
2026-09-23,62682,1,0
2026-09-23,62688,1,0
2026-09-23,62702,1,0
2026-09-23,62723,1,0
2026-09-23,62735,1,0
2026-09-23,62764,1,0
2026-09-23,62828,1,0
2026-09-23,62869,1,0
2026-09-23,62892,1,0
2026-09-23,62909,1,0
2026-09-23,62927,1,0
2026-09-23,63068,1,0
2026-09-23,63092,1,0
2026-09-23,63093,1,0
2026-09-23,63154,1,0
2026-09-23,63198,1,0
2026-09-23,63199,1,0
2026-09-23,63233,1,0
2026-09-23,63239,1,0
2026-09-23,63417,1,0
2026-09-23,63435,1,0
2026-09-23,63585,1,0
2026-09-23,63588,1,0
2026-09-23,63669,1,0
2026-09-23,63800,1,0
2026-09-23,63821,1,0
2026-09-23,63865,1,0
2026-09-23,63870,1,0
2026-09-23,63883,1,0
2026-09-23,63893,1,0
2026-09-23,63905,1,0
2026-09-23,63942,1,0
2026-09-23,63958,1,0
2026-09-23,63973,1,0
2026-09-23,63976,1,0
2026-09-23,63980,1,0
2026-09-23,63994,1,0
2026-09-23,64068,1,0
2026-09-23,64089,1,0
2026-09-23,64122,1,0
2026-09-23,64194,1,0
2026-09-23,64283,1,0
2026-09-23,64331,1,0
2026-09-23,64339,1,0
2026-09-23,64356,1,0
2026-09-23,64384,1,0
2026-09-23,64467,1,0
2026-09-23,64502,1,0
2026-09-23,64504,1,0
2026-09-23,64644,1,0
2026-09-23,64673,1,0
2026-09-23,64683,1,0
2026-09-23,64738,1,1
2026-09-23,64784,1,0
2026-09-23,64865,1,0
2026-09-23,64900,1,0
2026-09-23,64916,1,0
2026-09-23,64948,1,0
2026-09-23,64985,1,0
2026-09-23,65044,1,0
2026-09-23,65095,1,0
2026-09-23,65099,1,0
2026-09-23,65140,1,0
2026-09-23,65224,1,0
2026-09-23,65243,1,0
2026-09-23,65245,1,0
2026-09-23,65249,1,0
2026-09-23,65298,1,0
2026-09-23,65348,1,0
2026-09-23,65358,1,0
2026-09-23,65363,1,0
2026-09-23,65470,1,0
2026-09-23,65496,1,0
2026-09-23,65523,1,0
2026-09-23,7778,1,1
2026-09-24,7777,52542383,5786375
2026-09-24,59959,316014,0
2026-09-24,58489,269156,0
2026-09-24,8888,219891,0
2026-09-24,58622,104045,0
2026-09-24,58702,68651,0
2026-09-24,58337,57639,0
2026-09-24,60804,37860,0
2026-09-24,60673,24092,0
2026-09-24,59802,23889,0
2026-09-24,60451,23718,0
2026-09-24,58492,23465,0
2026-09-24,60102,22283,0
2026-09-24,60042,20454,0
2026-09-24,57232,16642,0
2026-09-24,58450,11826,0
2026-09-24,58452,11722,0
2026-09-24,58451,11565,0
2026-09-24,3389,8250,0
2026-09-24,60064,7676,0
2026-09-24,59989,7289,0
2026-09-24,58480,7104,0
2026-09-24,58479,6118,0
2026-09-24,58612,5258,0
2026-09-24,58613,5054,0
2026-09-24,58705,4997,0
2026-09-24,58687,4698,0
2026-09-24,58130,4601,0
2026-09-24,10000,4493,27
2026-09-24,60001,4408,0
2026-09-24,58614,4305,0
2026-09-24,53776,4176,0
2026-09-24,58707,4145,0
2026-09-24,60143,3893,0
2026-09-24,59815,3773,0
2026-09-24,60217,3296,0
2026-09-24,58212,3176,0
2026-09-24,60785,3027,0
2026-09-24,58695,2869,0
2026-09-24,60800,2798,0
2026-09-24,58339,2666,0
2026-09-24,58333,2553,0
2026-09-24,60806,2485,0
2026-09-24,58411,2469,0
2026-09-24,58406,2230,0
2026-09-24,60227,2224,0
2026-09-24,60447,1761,0
2026-09-24,60792,1734,0
2026-09-24,60682,1667,0
2026-09-24,60681,1561,0
2026-09-24,60519,1498,0
2026-09-24,60654,1488,0
2026-09-24,60436,1472,0
2026-09-24,60657,1380,0
2026-09-24,60440,1358,0
2026-09-24,60677,1349,0
2026-09-24,60448,1286,0
2026-09-24,58664,1277,0
2026-09-24,58486,1237,0
2026-09-24,60968,1099,0
2026-09-24,60148,725,0
2026-09-24,58751,629,0
2026-09-24,60212,447,0
2026-09-24,60683,391,0
2026-09-24,58696,330,0
2026-09-24,58593,308,0
2026-09-24,60662,294,0
2026-09-24,60459,290,0
2026-09-24,61650,270,0
2026-09-24,61011,256,0
2026-09-24,60170,237,0
2026-09-24,59913,234,0
2026-09-24,58207,218,0
2026-09-24,58668,217,0
2026-09-24,58533,214,0
2026-09-24,58599,212,0
2026-09-24,57227,209,0
2026-09-24,60169,206,0
2026-09-24,58600,205,0
2026-09-24,58552,202,0
2026-09-24,49488,200,0
2026-09-24,58700,199,0
2026-09-24,60116,189,0
2026-09-24,60095,185,0
2026-09-24,60223,184,0
2026-09-24,49366,179,0
2026-09-24,60660,179,0
2026-09-24,59806,171,0
2026-09-24,60108,169,0
2026-09-24,60191,165,0
2026-09-24,60441,161,0
2026-09-24,60581,152,0
2026-09-24,5353,139,0
2026-09-24,49948,137,0
2026-09-24,58524,136,0
2026-09-24,58455,129,0
2026-09-24,58410,126,0
2026-09-24,60950,120,0
2026-09-24,62668,116,0
2026-09-24,60736,115,0
2026-09-24,60924,115,0
2026-09-24,61017,115,0
2026-09-24,51417,112,0
2026-09-24,60479,107,0
2026-09-24,58481,104,0
2026-09-24,58728,100,0
2026-09-24,61526,100,0
2026-09-24,62166,100,0
2026-09-24,58708,97,0
2026-09-24,60794,96,0
2026-09-24,60797,94,0
2026-09-24,58561,89,0
2026-09-24,58487,88,0
2026-09-24,60219,88,0
2026-09-24,58690,86,0
2026-09-24,58938,84,0
2026-09-24,60567,83,0
2026-09-24,60136,78,0
2026-09-24,58495,76,0
2026-09-24,61986,76,0
2026-09-24,58427,75,0
2026-09-24,60699,75,0
2026-09-24,61948,75,0
2026-09-24,59691,72,0
2026-09-24,60055,72,0
2026-09-24,60691,71,0
2026-09-24,60740,71,0
2026-09-24,58567,65,0
2026-09-24,59808,63,0
2026-09-24,58488,62,0
2026-09-24,60218,62,0
2026-09-24,60124,57,0
2026-09-24,60535,57,0
2026-09-24,59208,55,0
2026-09-24,58665,54,0
2026-09-24,61321,54,0
2026-09-24,60787,53,0
2026-09-24,58750,51,0
2026-09-24,60820,51,0
2026-09-24,60838,51,0
2026-09-24,60969,51,0
2026-09-24,58426,50,0
2026-09-24,58501,50,0
2026-09-24,58429,49,0
2026-09-24,60508,44,0
2026-09-24,62023,44,0
2026-09-24,60083,42,0
2026-09-24,50261,41,0
2026-09-24,58453,41,0
2026-09-24,61525,41,0
2026-09-24,58656,40,0
2026-09-24,55764,39,0
2026-09-24,60951,39,0
2026-09-24,58711,38,0
2026-09-24,60672,35,0
2026-09-24,58631,33,0
2026-09-24,60528,33,0
2026-09-24,61812,32,0
2026-09-24,62733,32,0
2026-09-24,64198,31,0
2026-09-24,59974,30,0
2026-09-24,58999,29,0
2026-09-24,60069,29,0
2026-09-24,60786,29,0
2026-09-24,60975,29,0
2026-09-24,62860,29,0
2026-09-24,55098,28,0
2026-09-24,60680,28,0
2026-09-24,60841,28,0
2026-09-24,49773,27,0
2026-09-24,56870,27,0
2026-09-24,63901,27,0
2026-09-24,58636,26,0
2026-09-24,59177,25,0
2026-09-24,59489,25,0
2026-09-24,60675,25,0
2026-09-24,50448,24,0
2026-09-24,58816,24,0
2026-09-24,58551,23,0
2026-09-24,59751,23,0
2026-09-24,60183,23,0
2026-09-24,60454,23,0
2026-09-24,61251,23,0
2026-09-24,49179,22,0
2026-09-24,54244,22,0
2026-09-24,60874,22,0
2026-09-24,63761,22,0
2026-09-24,64450,22,0
2026-09-24,51940,21,0
2026-09-24,51967,21,0
2026-09-24,54812,21,0
2026-09-24,58218,21,0
2026-09-24,58528,21,0
2026-09-24,58585,21,0
2026-09-24,60094,21,0
2026-09-24,60159,21,0
2026-09-24,60166,21,0
2026-09-24,60668,21,0
2026-09-24,61866,21,0
2026-09-24,63570,21,0
2026-09-24,49731,20,0
2026-09-24,50910,20,0
2026-09-24,51460,20,0
2026-09-24,52554,20,0
2026-09-24,53476,20,0
2026-09-24,57948,20,0
2026-09-24,58521,20,0
2026-09-24,60186,20,0
2026-09-24,60967,20,0
2026-09-24,62014,20,2
2026-09-24,62304,20,0
2026-09-24,63021,20,0
2026-09-24,63914,20,0
2026-09-24,64114,20,0
2026-09-24,49173,19,0
2026-09-24,51661,19,0
2026-09-24,52591,19,0
2026-09-24,52840,19,0
2026-09-24,52952,19,0
2026-09-24,53935,19,0
2026-09-24,54385,19,0
2026-09-24,54864,19,0
2026-09-24,56531,19,0
2026-09-24,57310,19,0
2026-09-24,57603,19,0
2026-09-24,58601,19,0
2026-09-24,58610,19,0
2026-09-24,58653,19,0
2026-09-24,59976,19,0
2026-09-24,60107,19,0
2026-09-24,60230,19,0
2026-09-24,60305,19,0
2026-09-24,60761,19,0
2026-09-24,61972,19,0
2026-09-24,62016,19,0
2026-09-24,62183,19,0
2026-09-24,63017,19,0
2026-09-24,64647,19,0
2026-09-24,65022,19,0
2026-09-24,49859,18,0
2026-09-24,50285,18,0
2026-09-24,50378,18,0
2026-09-24,50419,18,0
2026-09-24,50502,18,0
2026-09-24,50640,18,0
2026-09-24,50984,18,0
2026-09-24,52696,18,0
2026-09-24,54426,18,0
2026-09-24,54795,18,0
2026-09-24,55134,18,0
2026-09-24,55270,18,0
2026-09-24,55344,18,0
2026-09-24,57258,18,0
2026-09-24,58185,18,0
2026-09-24,58507,18,0
2026-09-24,58534,18,0
2026-09-24,58594,18,0
2026-09-24,58598,18,0
2026-09-24,58606,18,0
2026-09-24,58657,18,0
2026-09-24,58672,18,0
2026-09-24,58729,18,0
2026-09-24,58738,18,0
2026-09-24,58994,18,0
2026-09-24,59284,18,0
2026-09-24,60120,18,0
2026-09-24,60125,18,0
2026-09-24,60171,18,0
2026-09-24,60175,18,0
2026-09-24,60209,18,0
2026-09-24,60213,18,0
2026-09-24,61231,18,0
2026-09-24,62085,18,0
2026-09-24,49712,17,0
2026-09-24,52134,17,0
2026-09-24,53165,17,0
2026-09-24,58434,17,0
2026-09-24,58441,17,0
2026-09-24,58512,17,0
2026-09-24,58522,17,0
2026-09-24,58535,17,0
2026-09-24,58556,17,0
2026-09-24,58568,17,0
2026-09-24,58581,17,0
2026-09-24,58621,17,0
2026-09-24,58627,17,0
2026-09-24,58632,17,0
2026-09-24,58733,17,0
2026-09-24,58743,17,0
2026-09-24,60104,17,0
2026-09-24,60152,17,0
2026-09-24,60156,17,0
2026-09-24,60187,17,0
2026-09-24,60195,17,0
2026-09-24,60198,17,0
2026-09-24,60228,17,0
2026-09-24,60234,17,0
2026-09-24,60919,17,0
2026-09-24,60926,17,0
2026-09-24,61081,17,0
2026-09-24,61975,17,0
2026-09-24,62007,17,0
2026-09-24,49900,16,0
2026-09-24,50720,16,0
2026-09-24,50947,16,0
2026-09-24,51374,16,0
2026-09-24,53724,16,0
2026-09-24,55364,16,0
2026-09-24,56782,16,0
2026-09-24,56846,16,0
2026-09-24,58529,16,0
2026-09-24,58577,16,2
2026-09-24,58637,16,0
2026-09-24,60085,16,0
2026-09-24,60163,16,0
2026-09-24,61356,16,0
2026-09-24,61409,16,0
2026-09-24,49640,15,0
2026-09-24,51767,15,0
2026-09-24,52557,15,0
2026-09-24,56680,15,0
2026-09-24,57016,15,0
2026-09-24,58194,15,0
2026-09-24,58520,15,0
2026-09-24,58523,15,0
2026-09-24,58541,15,0
2026-09-24,58563,15,0
2026-09-24,58638,15,0
2026-09-24,58673,15,0
2026-09-24,58701,15,0
2026-09-24,60117,15,0
2026-09-24,60179,15,0
2026-09-24,60266,15,0
2026-09-24,60376,15,0
2026-09-24,60571,15,0
2026-09-24,60836,15,0
2026-09-24,61066,15,0
2026-09-24,61335,15,0
2026-09-24,61792,15,0
2026-09-24,62243,15,0
2026-09-24,63599,15,0
2026-09-24,65457,15,0
2026-09-24,49746,14,0
2026-09-24,50121,14,0
2026-09-24,50786,14,0
2026-09-24,51031,14,0
2026-09-24,52908,14,0
2026-09-24,53179,14,0
2026-09-24,53563,14,0
2026-09-24,53677,14,0
2026-09-24,53798,14,0
2026-09-24,54113,14,0
2026-09-24,54522,14,0
2026-09-24,54907,14,0
2026-09-24,55079,14,0
2026-09-24,56142,14,0
2026-09-24,56551,14,0
2026-09-24,56790,14,0
2026-09-24,56840,14,0
2026-09-24,57743,14,0
2026-09-24,58442,14,0
2026-09-24,58562,14,0
2026-09-24,58575,14,2
2026-09-24,58578,14,2
2026-09-24,58611,14,0
2026-09-24,58628,14,0
2026-09-24,58650,14,2
2026-09-24,58654,14,2
2026-09-24,60112,14,0
2026-09-24,60114,14,0
2026-09-24,60597,14,0
2026-09-24,61780,14,0
2026-09-24,62641,14,0
2026-09-24,64949,14,0
2026-09-24,49661,13,0
2026-09-24,50990,13,0
2026-09-24,52792,13,0
2026-09-24,53413,13,0
2026-09-24,54705,13,0
2026-09-24,56488,13,0
2026-09-24,57068,13,0
2026-09-24,57708,13,0
2026-09-24,58443,13,0
2026-09-24,58519,13,0
2026-09-24,58540,13,0
2026-09-24,58548,13,0
2026-09-24,58576,13,2
2026-09-24,58739,13,0
2026-09-24,59030,13,0
2026-09-24,59233,13,0
2026-09-24,60127,13,0
2026-09-24,60176,13,0
2026-09-24,60202,13,0
2026-09-24,60534,13,0
2026-09-24,60574,13,0
2026-09-24,60679,13,0
2026-09-24,60727,13,0
2026-09-24,60743,13,0
2026-09-24,60756,13,0
2026-09-24,61921,13,0
2026-09-24,62169,13,0
2026-09-24,63219,13,0
2026-09-24,64744,13,0
2026-09-24,65499,13,0
2026-09-24,49192,12,0
2026-09-24,49204,12,0
2026-09-24,49691,12,0
2026-09-24,50093,12,0
2026-09-24,50744,12,0
2026-09-24,50805,12,0
2026-09-24,51052,12,0
2026-09-24,51409,12,0
2026-09-24,51924,12,0
2026-09-24,52244,12,0
2026-09-24,52479,12,0
2026-09-24,52747,12,0
2026-09-24,52791,12,0
2026-09-24,52857,12,0
2026-09-24,53333,12,0
2026-09-24,54247,12,0
2026-09-24,54692,12,0
2026-09-24,54885,12,0
2026-09-24,55107,12,0
2026-09-24,55115,12,0
2026-09-24,55133,12,0
2026-09-24,55147,12,0
2026-09-24,55476,12,0
2026-09-24,56179,12,0
2026-09-24,56286,12,0
2026-09-24,56326,12,0
2026-09-24,56829,12,0
2026-09-24,57121,12,0
2026-09-24,57187,12,0
2026-09-24,57233,12,0
2026-09-24,57366,12,0
2026-09-24,57424,12,0
2026-09-24,57504,12,0
2026-09-24,57731,12,0
2026-09-24,57863,12,0
2026-09-24,58053,12,0
2026-09-24,58296,12,0
2026-09-24,58353,12,0
2026-09-24,58413,12,0
2026-09-24,58542,12,0
2026-09-24,58554,12,0
2026-09-24,58677,12,0
2026-09-24,58703,12,0
2026-09-24,58792,12,0
2026-09-24,58858,12,0
2026-09-24,58950,12,0
2026-09-24,59038,12,0
2026-09-24,59689,12,0
2026-09-24,59804,12,0
2026-09-24,60126,12,0
2026-09-24,60197,12,0
2026-09-24,60480,12,0
2026-09-24,60783,12,0
2026-09-24,60866,12,0
2026-09-24,61119,12,0
2026-09-24,61189,12,0
2026-09-24,62276,12,0
2026-09-24,62474,12,0
2026-09-24,62728,12,0
2026-09-24,62941,12,0
2026-09-24,63033,12,0
2026-09-24,63932,12,0
2026-09-24,64382,12,0
2026-09-24,64533,12,0
2026-09-24,64586,12,0
2026-09-24,64827,12,0
2026-09-24,65046,12,0
2026-09-24,49202,11,0
2026-09-24,49719,11,0
2026-09-24,50313,11,0
2026-09-24,51109,11,0
2026-09-24,51325,11,0
2026-09-24,51725,11,0
2026-09-24,52614,11,0
2026-09-24,53559,11,0
2026-09-24,54405,11,0
2026-09-24,54986,11,0
2026-09-24,58586,11,0
2026-09-24,58746,11,0
2026-09-24,58980,11,0
2026-09-24,60229,11,0
2026-09-24,60469,11,0
2026-09-24,61310,11,0
2026-09-24,62336,11,0
2026-09-24,63583,11,0
2026-09-24,63681,11,0
2026-09-24,64579,11,0
2026-09-24,68,11,0
2026-09-24,49231,10,0
2026-09-24,49666,10,0
2026-09-24,51033,10,0
2026-09-24,53653,10,0
2026-09-24,54272,10,0
2026-09-24,5678,10,10
2026-09-24,56912,10,0
2026-09-24,58527,10,0
2026-09-24,58573,10,0
2026-09-24,59644,10,0
2026-09-24,59752,10,0
2026-09-24,59781,10,2
2026-09-24,60174,10,0
2026-09-24,60831,10,0
2026-09-24,60959,10,0
2026-09-24,62025,10,0
2026-09-24,62652,10,0
2026-09-24,63353,10,0
2026-09-24,52700,9,0
2026-09-24,58208,9,0
2026-09-24,58210,9,0
2026-09-24,58437,9,0
2026-09-24,58446,9,0
2026-09-24,58472,9,0
2026-09-24,58518,9,0
2026-09-24,58532,9,0
2026-09-24,58538,9,0
2026-09-24,58544,9,0
2026-09-24,58566,9,0
2026-09-24,58597,9,0
2026-09-24,58604,9,0
2026-09-24,58609,9,0
2026-09-24,58625,9,0
2026-09-24,58635,9,0
2026-09-24,58671,9,0
2026-09-24,58676,9,0
2026-09-24,58736,9,0
2026-09-24,58742,9,0
2026-09-24,58754,9,0
2026-09-24,59779,9,3
2026-09-24,60101,9,0
2026-09-24,60111,9,0
2026-09-24,60123,9,0
2026-09-24,60139,9,0
2026-09-24,60155,9,0
2026-09-24,60162,9,0
2026-09-24,60182,9,0
2026-09-24,60201,9,0
2026-09-24,60208,9,0
2026-09-24,60226,9,0
2026-09-24,60233,9,0
2026-09-24,60237,9,0
2026-09-24,60374,9,3
2026-09-24,60380,9,3
2026-09-24,60531,9,0
2026-09-24,60721,9,0
2026-09-24,60730,9,0
2026-09-24,60835,9,0
2026-09-24,60845,9,0
2026-09-24,62003,9,4
2026-09-24,62021,9,3
2026-09-24,63100,9,0
2026-09-24,64086,9,0
2026-09-24,52971,8,0
2026-09-24,55262,8,0
2026-09-24,56837,8,0
2026-09-24,58461,8,2
2026-09-24,58466,8,2
2026-09-24,58467,8,0
2026-09-24,58469,8,2
2026-09-24,59749,8,3
2026-09-24,59754,8,0
2026-09-24,59755,8,2
2026-09-24,59756,8,2
2026-09-24,59780,8,0
2026-09-24,59782,8,2
2026-09-24,59783,8,2
2026-09-24,60098,8,0
2026-09-24,60144,8,0
2026-09-24,60145,8,0
2026-09-24,60190,8,0
2026-09-24,60216,8,0
2026-09-24,60368,8,2
2026-09-24,60370,8,2
2026-09-24,60371,8,2
2026-09-24,60377,8,1
2026-09-24,60378,8,0
2026-09-24,60381,8,2
2026-09-24,60583,8,3
2026-09-24,60587,8,2
2026-09-24,60590,8,2
2026-09-24,60593,8,0
2026-09-24,60746,8,2
2026-09-24,60747,8,2
2026-09-24,60749,8,2
2026-09-24,60753,8,0
2026-09-24,60760,8,2
2026-09-24,60936,8,2
2026-09-24,60941,8,2
2026-09-24,60944,8,2
2026-09-24,60945,8,2
2026-09-24,60993,8,3
2026-09-24,60996,8,2
2026-09-24,60998,8,2
2026-09-24,60999,8,2
2026-09-24,61000,8,2
2026-09-24,62009,8,2
2026-09-24,62010,8,2
2026-09-24,62012,8,2
2026-09-24,62013,8,0
2026-09-24,62172,8,2
2026-09-24,62177,8,0
2026-09-24,62197,8,2
2026-09-24,62204,8,2
2026-09-24,62205,8,2
2026-09-24,64710,8,0
2026-09-24,58457,7,2
2026-09-24,58458,7,2
2026-09-24,58460,7,2
2026-09-24,58471,7,1
2026-09-24,58546,7,0
2026-09-24,58570,7,2
2026-09-24,58648,7,0
2026-09-24,59778,7,3
2026-09-24,59784,7,2
2026-09-24,60092,7,0
2026-09-24,60140,7,0
2026-09-24,60365,7,2
2026-09-24,60585,7,2
2026-09-24,60586,7,2
2026-09-24,60757,7,1
2026-09-24,60762,7,0
2026-09-24,60763,7,0
2026-09-24,60933,7,2
2026-09-24,60934,7,2
2026-09-24,60935,7,2
2026-09-24,60942,7,2
2026-09-24,60943,7,2
2026-09-24,60994,7,2
2026-09-24,61116,7,0
2026-09-24,61117,7,0
2026-09-24,62083,7,3
2026-09-24,62084,7,2
2026-09-24,62086,7,0
2026-09-24,62168,7,2
2026-09-24,62170,7,2
2026-09-24,62171,7,2
2026-09-24,62175,7,2
2026-09-24,62184,7,0
2026-09-24,62195,7,2
2026-09-24,62196,7,2
2026-09-24,62199,7,2
2026-09-24,62202,7,2
2026-09-24,58440,6,0
2026-09-24,58515,6,0
2026-09-24,58583,6,0
2026-09-24,58587,6,0
2026-09-24,58589,6,0
2026-09-24,58590,6,0
2026-09-24,58605,6,0
2026-09-24,58615,6,0
2026-09-24,58616,6,0
2026-09-24,58626,6,0
2026-09-24,58652,6,0
2026-09-24,58655,6,0
2026-09-24,58661,6,0
2026-09-24,59136,6,0
2026-09-24,60151,6,0
2026-09-24,60194,6,0
2026-09-24,60205,6,0
2026-09-24,60449,6,0
2026-09-24,60667,6,0
2026-09-24,61118,6,0
2026-09-24,49411,5,0
2026-09-24,58433,5,0
2026-09-24,58511,5,0
2026-09-24,58579,5,0
2026-09-24,58588,5,0
2026-09-24,58639,5,0
2026-09-24,58658,5,0
2026-09-24,58659,5,0
2026-09-24,58660,5,0
2026-09-24,58715,5,0
2026-09-24,58732,5,0
2026-09-24,60128,5,0
2026-09-24,60168,5,0
2026-09-24,60268,5,0
2026-09-24,60713,5,0
2026-09-24,60716,5,0
2026-09-24,60717,5,0
2026-09-24,60720,5,0
2026-09-24,60793,5,0
2026-09-24,60832,5,0
2026-09-24,60865,5,0
2026-09-24,60870,5,0
2026-09-24,60882,5,0
2026-09-24,61219,5,0
2026-09-24,56746,4,0
2026-09-24,58506,4,0
2026-09-24,58617,4,0
2026-09-24,58618,4,0
2026-09-24,58713,4,0
2026-09-24,58747,4,0
2026-09-24,60115,4,0
2026-09-24,60129,4,0
2026-09-24,60130,4,0
2026-09-24,60220,4,0
2026-09-24,60538,4,0
2026-09-24,60665,4,0
2026-09-24,60875,4,0
2026-09-24,60910,4,0
2026-09-24,60915,4,0
2026-09-24,60980,4,0
2026-09-24,62037,4,0
2026-09-24,51973,3,0
2026-09-24,54435,3,0
2026-09-24,58454,3,0
2026-09-24,58499,3,0
2026-09-24,58510,3,0
2026-09-24,58539,3,0
2026-09-24,58555,3,0
2026-09-24,58619,3,0
2026-09-24,58620,3,0
2026-09-24,58991,3,0
2026-09-24,59171,3,0
2026-09-24,59461,3,0
2026-09-24,60093,3,0
2026-09-24,60131,3,0
2026-09-24,60133,3,0
2026-09-24,60167,3,0
2026-09-24,60196,3,0
2026-09-24,60244,3,0
2026-09-24,60521,3,0
2026-09-24,60536,3,0
2026-09-24,60712,3,0
2026-09-24,60759,3,3
2026-09-24,60821,3,0
2026-09-24,60829,3,0
2026-09-24,60842,3,0
2026-09-24,60897,3,0
2026-09-24,60914,3,0
2026-09-24,60923,3,0
2026-09-24,61595,3,0
2026-09-24,61969,3,0
2026-09-24,49196,2,0
2026-09-24,49276,2,0
2026-09-24,49277,2,0
2026-09-24,49384,2,0
2026-09-24,49431,2,0
2026-09-24,49441,2,0
2026-09-24,49478,2,0
2026-09-24,49479,2,0
2026-09-24,49544,2,0
2026-09-24,49601,2,0
2026-09-24,49646,2,0
2026-09-24,49713,2,0
2026-09-24,49747,2,0
2026-09-24,49769,2,0
2026-09-24,49808,2,0
2026-09-24,49815,2,0
2026-09-24,49839,2,0
2026-09-24,49878,2,0
2026-09-24,49925,2,0
2026-09-24,49968,2,0
2026-09-24,50047,2,0
2026-09-24,50075,2,0
2026-09-24,50232,2,0
2026-09-24,50269,2,0
2026-09-24,50272,2,0
2026-09-24,50459,2,0
2026-09-24,50490,2,0
2026-09-24,50498,2,0
2026-09-24,50532,2,0
2026-09-24,50583,2,0
2026-09-24,50604,2,0
2026-09-24,50653,2,0
2026-09-24,50654,2,0
2026-09-24,50728,2,0
2026-09-24,50816,2,0
2026-09-24,50872,2,0
2026-09-24,51079,2,0
2026-09-24,51228,2,0
2026-09-24,51234,2,0
2026-09-24,51347,2,0
2026-09-24,51363,2,0
2026-09-24,51377,2,0
2026-09-24,51403,2,0
2026-09-24,51416,2,0
2026-09-24,51419,2,0
2026-09-24,51447,2,0
2026-09-24,51475,2,0
2026-09-24,51514,2,0
2026-09-24,51558,2,0
2026-09-24,51604,2,0
2026-09-24,51629,2,0
2026-09-24,51638,2,0
2026-09-24,51696,2,0
2026-09-24,51734,2,0
2026-09-24,51742,2,0
2026-09-24,51821,2,0
2026-09-24,51854,2,0
2026-09-24,51874,2,0
2026-09-24,51977,2,0
2026-09-24,52022,2,0
2026-09-24,52167,2,0
2026-09-24,52179,2,0
2026-09-24,52283,2,0
2026-09-24,52307,2,0
2026-09-24,52320,2,0
2026-09-24,52321,2,0
2026-09-24,52353,2,0
2026-09-24,52484,2,0
2026-09-24,52499,2,0
2026-09-24,52512,2,0
2026-09-24,52529,2,0
2026-09-24,52600,2,0
2026-09-24,52721,2,0
2026-09-24,52780,2,0
2026-09-24,52853,2,0
2026-09-24,52914,2,0
2026-09-24,52954,2,0
2026-09-24,52986,2,0
2026-09-24,53006,2,0
2026-09-24,53020,2,0
2026-09-24,53024,2,0
2026-09-24,53103,2,0
2026-09-24,53107,2,0
2026-09-24,53155,2,0
2026-09-24,53204,2,0
2026-09-24,53220,2,0
2026-09-24,53261,2,0
2026-09-24,53269,2,0
2026-09-24,53301,2,0
2026-09-24,53302,2,0
2026-09-24,53324,2,0
2026-09-24,53343,2,0
2026-09-24,53358,2,0
2026-09-24,53401,2,0
2026-09-24,53500,2,0
2026-09-24,53551,2,0
2026-09-24,53569,2,0
2026-09-24,53574,2,0
2026-09-24,53588,2,0
2026-09-24,53611,2,0
2026-09-24,53612,2,0
2026-09-24,53634,2,0
2026-09-24,53644,2,0
2026-09-24,53654,2,0
2026-09-24,53746,2,0
2026-09-24,53755,2,0
2026-09-24,53792,2,0
2026-09-24,53859,2,0
2026-09-24,53875,2,0
2026-09-24,53877,2,0
2026-09-24,53908,2,0
2026-09-24,54039,2,0
2026-09-24,54158,2,0
2026-09-24,54286,2,0
2026-09-24,54377,2,0
2026-09-24,54381,2,0
2026-09-24,54382,2,0
2026-09-24,54391,2,0
2026-09-24,54392,2,0
2026-09-24,54395,2,0
2026-09-24,54396,2,0
2026-09-24,54431,2,0
2026-09-24,54467,2,0
2026-09-24,54470,2,0
2026-09-24,54475,2,0
2026-09-24,54505,2,0
2026-09-24,54560,2,0
2026-09-24,54714,2,0
2026-09-24,54717,2,0
2026-09-24,54739,2,0
2026-09-24,54836,2,0
2026-09-24,54839,2,0
2026-09-24,54873,2,0
2026-09-24,54943,2,0
2026-09-24,54963,2,0
2026-09-24,54971,2,0
2026-09-24,54989,2,0
2026-09-24,55100,2,0
2026-09-24,55172,2,0
2026-09-24,55197,2,0
2026-09-24,55216,2,0
2026-09-24,55227,2,0
2026-09-24,55273,2,0
2026-09-24,55288,2,0
2026-09-24,55338,2,0
2026-09-24,55352,2,0
2026-09-24,55386,2,0
2026-09-24,55387,2,0
2026-09-24,55395,2,0
2026-09-24,55428,2,0
2026-09-24,55467,2,0
2026-09-24,55472,2,0
2026-09-24,55562,2,0
2026-09-24,55567,2,0
2026-09-24,55576,2,0
2026-09-24,55592,2,0
2026-09-24,55612,2,0
2026-09-24,55647,2,0
2026-09-24,55657,2,0
2026-09-24,55699,2,0
2026-09-24,55709,2,0
2026-09-24,55754,2,0
2026-09-24,55758,2,0
2026-09-24,55836,2,0
2026-09-24,55863,2,0
2026-09-24,55991,2,0
2026-09-24,56011,2,0
2026-09-24,56196,2,0
2026-09-24,56231,2,0
2026-09-24,56282,2,0
2026-09-24,56330,2,0
2026-09-24,56421,2,0
2026-09-24,56453,2,0
2026-09-24,56558,2,0
2026-09-24,56574,2,0
2026-09-24,56594,2,0
2026-09-24,56613,2,0
2026-09-24,56614,2,0
2026-09-24,56717,2,0
2026-09-24,56732,2,0
2026-09-24,56760,2,0
2026-09-24,56785,2,0
2026-09-24,56789,2,0
2026-09-24,56853,2,0
2026-09-24,56897,2,0
2026-09-24,56976,2,0
2026-09-24,57064,2,0
2026-09-24,57076,2,0
2026-09-24,57106,2,0
2026-09-24,57110,2,0
2026-09-24,57115,2,0
2026-09-24,57176,2,0
2026-09-24,57197,2,0
2026-09-24,57324,2,0
2026-09-24,57399,2,0
2026-09-24,57421,2,0
2026-09-24,57452,2,0
2026-09-24,57460,2,0
2026-09-24,57484,2,0
2026-09-24,57560,2,0
2026-09-24,57624,2,0
2026-09-24,57649,2,0
2026-09-24,57674,2,0
2026-09-24,57696,2,0
2026-09-24,57758,2,0
2026-09-24,57821,2,0
2026-09-24,57837,2,0
2026-09-24,57856,2,0
2026-09-24,58022,2,0
2026-09-24,58076,2,0
2026-09-24,58351,2,0
2026-09-24,58415,2,0
2026-09-24,58448,2,0
2026-09-24,58449,2,0
2026-09-24,58456,2,0
2026-09-24,58496,2,0
2026-09-24,58547,2,0
2026-09-24,58706,2,0
2026-09-24,58714,2,0
2026-09-24,58755,2,0
2026-09-24,58814,2,0
2026-09-24,58825,2,0
2026-09-24,58855,2,0
2026-09-24,58899,2,0
2026-09-24,58913,2,0
2026-09-24,58976,2,0
2026-09-24,59034,2,0
2026-09-24,59058,2,0
2026-09-24,59064,2,0
2026-09-24,59132,2,0
2026-09-24,59147,2,0
2026-09-24,59167,2,0
2026-09-24,59211,2,0
2026-09-24,59217,2,0
2026-09-24,59243,2,0
2026-09-24,59322,2,0
2026-09-24,59443,2,0
2026-09-24,59445,2,0
2026-09-24,59580,2,0
2026-09-24,59607,2,0
2026-09-24,59608,2,0
2026-09-24,59623,2,0
2026-09-24,59837,2,0
2026-09-24,59951,2,0
2026-09-24,59965,2,0
2026-09-24,60013,2,0
2026-09-24,60091,2,0
2026-09-24,60103,2,0
2026-09-24,60132,2,0
2026-09-24,60245,2,0
2026-09-24,60249,2,0
2026-09-24,60281,2,0
2026-09-24,60293,2,0
2026-09-24,60375,2,2
2026-09-24,60431,2,0
2026-09-24,60434,2,0
2026-09-24,60482,2,0
2026-09-24,60541,2,0
2026-09-24,60553,2,0
2026-09-24,60555,2,0
2026-09-24,60558,2,0
2026-09-24,60561,2,0
2026-09-24,60602,2,0
2026-09-24,60661,2,0
2026-09-24,60687,2,0
2026-09-24,60709,2,0
2026-09-24,60737,2,0
2026-09-24,60782,2,0
2026-09-24,60801,2,0
2026-09-24,60846,2,0
2026-09-24,60850,2,0
2026-09-24,60859,2,0
2026-09-24,60867,2,0
2026-09-24,60868,2,0
2026-09-24,60872,2,0
2026-09-24,60876,2,0
2026-09-24,60887,2,0
2026-09-24,60898,2,0
2026-09-24,60912,2,0
2026-09-24,60913,2,0
2026-09-24,60917,2,0
2026-09-24,60922,2,0
2026-09-24,60952,2,0
2026-09-24,61057,2,0
2026-09-24,61085,2,0
2026-09-24,61115,2,0
2026-09-24,61171,2,0
2026-09-24,61178,2,0
2026-09-24,61195,2,0
2026-09-24,61303,2,0
2026-09-24,61379,2,0
2026-09-24,61386,2,0
2026-09-24,61413,2,0
2026-09-24,61458,2,0
2026-09-24,61530,2,0
2026-09-24,61624,2,0
2026-09-24,61672,2,0
2026-09-24,61692,2,0
2026-09-24,61704,2,0
2026-09-24,61803,2,0
2026-09-24,61877,2,0
2026-09-24,61923,2,0
2026-09-24,61929,2,0
2026-09-24,61936,2,0
2026-09-24,61982,2,0
2026-09-24,61983,2,0
2026-09-24,61996,2,0
2026-09-24,62032,2,0
2026-09-24,62040,2,0
2026-09-24,62101,2,0
2026-09-24,62108,2,0
2026-09-24,62122,2,0
2026-09-24,62178,2,2
2026-09-24,62179,2,2
2026-09-24,62180,2,2
2026-09-24,62181,2,2
2026-09-24,62182,2,2
2026-09-24,62206,2,2
2026-09-24,62207,2,2
2026-09-24,62208,2,2
2026-09-24,62209,2,2
2026-09-24,62210,2,2
2026-09-24,62225,2,0
2026-09-24,62235,2,0
2026-09-24,62240,2,0
2026-09-24,62278,2,0
2026-09-24,62293,2,0
2026-09-24,62300,2,0
2026-09-24,62340,2,0
2026-09-24,62349,2,0
2026-09-24,62402,2,0
2026-09-24,62450,2,0
2026-09-24,62452,2,0
2026-09-24,62489,2,0
2026-09-24,62491,2,0
2026-09-24,62504,2,0
2026-09-24,62536,2,0
2026-09-24,62543,2,0
2026-09-24,62560,2,0
2026-09-24,62579,2,0
2026-09-24,62600,2,0
2026-09-24,62604,2,0
2026-09-24,62801,2,0
2026-09-24,62848,2,0
2026-09-24,62922,2,0
2026-09-24,62926,2,0
2026-09-24,63005,2,0
2026-09-24,63031,2,0
2026-09-24,63152,2,0
2026-09-24,63179,2,0
2026-09-24,63189,2,0
2026-09-24,63190,2,0
2026-09-24,63264,2,0
2026-09-24,63375,2,0
2026-09-24,63377,2,0
2026-09-24,63598,2,0
2026-09-24,63751,2,0
2026-09-24,63772,2,0
2026-09-24,63883,2,0
2026-09-24,63965,2,0
2026-09-24,64010,2,0
2026-09-24,64030,2,0
2026-09-24,64035,2,0
2026-09-24,64041,2,0
2026-09-24,64149,2,0
2026-09-24,64171,2,0
2026-09-24,64212,2,0
2026-09-24,64357,2,0
2026-09-24,64487,2,0
2026-09-24,64494,2,0
2026-09-24,64532,2,0
2026-09-24,64563,2,0
2026-09-24,64625,2,0
2026-09-24,64798,2,0
2026-09-24,64814,2,0
2026-09-24,64863,2,0
2026-09-24,64898,2,0
2026-09-24,64900,2,0
2026-09-24,64914,2,0
2026-09-24,64994,2,0
2026-09-24,65034,2,0
2026-09-24,65035,2,0
2026-09-24,65113,2,0
2026-09-24,65144,2,0
2026-09-24,65150,2,0
2026-09-24,65187,2,0
2026-09-24,65196,2,0
2026-09-24,65246,2,0
2026-09-24,65247,2,0
2026-09-24,65302,2,0
2026-09-24,65413,2,0
2026-09-24,65439,2,0
2026-09-24,65478,2,0
2026-09-24,65520,2,0
2026-09-24,65535,2,0
2026-09-24,27015,1,0
2026-09-24,49230,1,0
2026-09-24,49395,1,0
2026-09-24,49397,1,0
2026-09-24,49440,1,0
2026-09-24,49521,1,0
2026-09-24,49528,1,0
2026-09-24,49537,1,0
2026-09-24,49557,1,0
2026-09-24,49637,1,0
2026-09-24,49639,1,0
2026-09-24,49685,1,0
2026-09-24,49705,1,0
2026-09-24,49728,1,0
2026-09-24,49730,1,0
2026-09-24,49763,1,0
2026-09-24,49816,1,0
2026-09-24,49825,1,0
2026-09-24,50068,1,0
2026-09-24,50112,1,0
2026-09-24,50123,1,0
2026-09-24,50179,1,0
2026-09-24,50196,1,0
2026-09-24,50280,1,0
2026-09-24,50290,1,0
2026-09-24,50294,1,0
2026-09-24,50327,1,0
2026-09-24,50431,1,0
2026-09-24,50524,1,0
2026-09-24,50605,1,0
2026-09-24,50608,1,0
2026-09-24,50706,1,0
2026-09-24,50774,1,0
2026-09-24,50903,1,0
2026-09-24,51034,1,0
2026-09-24,51045,1,0
2026-09-24,51060,1,0
2026-09-24,51111,1,0
2026-09-24,51146,1,0
2026-09-24,51187,1,0
2026-09-24,51299,1,0
2026-09-24,51304,1,0
2026-09-24,51358,1,0
2026-09-24,51436,1,0
2026-09-24,51497,1,0
2026-09-24,51548,1,0
2026-09-24,51579,1,0
2026-09-24,51598,1,0
2026-09-24,51723,1,0
2026-09-24,51749,1,0
2026-09-24,51770,1,0
2026-09-24,51800,1,0
2026-09-24,51889,1,0
2026-09-24,51899,1,0
2026-09-24,51914,1,0
2026-09-24,51991,1,0
2026-09-24,51997,1,0
2026-09-24,52005,1,0
2026-09-24,52057,1,0
2026-09-24,52127,1,0
2026-09-24,52176,1,0
2026-09-24,52194,1,0
2026-09-24,52262,1,0
2026-09-24,52279,1,0
2026-09-24,52356,1,0
2026-09-24,52366,1,0
2026-09-24,52367,1,0
2026-09-24,52386,1,0
2026-09-24,52416,1,0
2026-09-24,52425,1,0
2026-09-24,52556,1,0
2026-09-24,52581,1,0
2026-09-24,52670,1,0
2026-09-24,52672,1,0
2026-09-24,52743,1,0
2026-09-24,52811,1,0
2026-09-24,52867,1,0
2026-09-24,52879,1,0
2026-09-24,52891,1,0
2026-09-24,52957,1,0
2026-09-24,53041,1,0
2026-09-24,53082,1,0
2026-09-24,53091,1,0
2026-09-24,53126,1,0
2026-09-24,53138,1,0
2026-09-24,53199,1,0
2026-09-24,53250,1,0
2026-09-24,53514,1,0
2026-09-24,53656,1,0
2026-09-24,53728,1,0
2026-09-24,53758,1,0
2026-09-24,53793,1,0
2026-09-24,53852,1,0
2026-09-24,53903,1,0
2026-09-24,53932,1,0
2026-09-24,54064,1,0
2026-09-24,54077,1,0
2026-09-24,54092,1,0
2026-09-24,54131,1,0
2026-09-24,54137,1,0
2026-09-24,54161,1,0
2026-09-24,54305,1,0
2026-09-24,54349,1,0
2026-09-24,54358,1,0
2026-09-24,54446,1,0
2026-09-24,54519,1,0
2026-09-24,54523,1,0
2026-09-24,54579,1,0
2026-09-24,54630,1,0
2026-09-24,54639,1,0
2026-09-24,54672,1,0
2026-09-24,54783,1,0
2026-09-24,54856,1,0
2026-09-24,54944,1,0
2026-09-24,55013,1,0
2026-09-24,55028,1,0
2026-09-24,55119,1,0
2026-09-24,55221,1,0
2026-09-24,55282,1,0
2026-09-24,55297,1,0
2026-09-24,55377,1,0
2026-09-24,55540,1,0
2026-09-24,55551,1,0
2026-09-24,55559,1,0
2026-09-24,55619,1,0
2026-09-24,55689,1,0
2026-09-24,55702,1,0
2026-09-24,55749,1,0
2026-09-24,55807,1,0
2026-09-24,55818,1,0
2026-09-24,55831,1,0
2026-09-24,55859,1,0
2026-09-24,55927,1,0
2026-09-24,55970,1,0
2026-09-24,55978,1,0
2026-09-24,56155,1,0
2026-09-24,56218,1,0
2026-09-24,56226,1,0
2026-09-24,56257,1,0
2026-09-24,56299,1,0
2026-09-24,56328,1,0
2026-09-24,56355,1,0
2026-09-24,56362,1,0
2026-09-24,56402,1,0
2026-09-24,56444,1,0
2026-09-24,56484,1,0
2026-09-24,56608,1,0
2026-09-24,56660,1,0
2026-09-24,56737,1,0
2026-09-24,56871,1,0
2026-09-24,56878,1,0
2026-09-24,56890,1,0
2026-09-24,56935,1,0
2026-09-24,56936,1,0
2026-09-24,56965,1,0
2026-09-24,56969,1,0
2026-09-24,57058,1,0
2026-09-24,57060,1,0
2026-09-24,57300,1,0
2026-09-24,57302,1,0
2026-09-24,57380,1,0
2026-09-24,57466,1,0
2026-09-24,57529,1,0
2026-09-24,57534,1,0
2026-09-24,57606,1,0
2026-09-24,57622,1,0
2026-09-24,57658,1,0
2026-09-24,57662,1,0
2026-09-24,57766,1,0
2026-09-24,57854,1,0
2026-09-24,57874,1,0
2026-09-24,58018,1,0
2026-09-24,58037,1,0
2026-09-24,58109,1,0
2026-09-24,58193,1,0
2026-09-24,58205,1,0
2026-09-24,58237,1,0
2026-09-24,58311,1,0
2026-09-24,58418,1,0
2026-09-24,58482,1,0
2026-09-24,58685,1,0
2026-09-24,58737,1,0
2026-09-24,58756,1,0
2026-09-24,58848,1,0
2026-09-24,58860,1,0
2026-09-24,58888,1,0
2026-09-24,58949,1,0
2026-09-24,58983,1,0
2026-09-24,59017,1,0
2026-09-24,59024,1,0
2026-09-24,59039,1,0
2026-09-24,59070,1,0
2026-09-24,59118,1,0
2026-09-24,59128,1,0
2026-09-24,59165,1,0
2026-09-24,59183,1,0
2026-09-24,59266,1,0
2026-09-24,59307,1,0
2026-09-24,59318,1,0
2026-09-24,59329,1,0
2026-09-24,59357,1,0
2026-09-24,59403,1,0
2026-09-24,59413,1,0
2026-09-24,59438,1,0
2026-09-24,59500,1,0
2026-09-24,59510,1,0
2026-09-24,59551,1,0
2026-09-24,59566,1,0
2026-09-24,59601,1,0
2026-09-24,59648,1,0
2026-09-24,59706,1,0
2026-09-24,59715,1,0
2026-09-24,59746,1,0
2026-09-24,59747,1,0
2026-09-24,59790,1,0
2026-09-24,59891,1,0
2026-09-24,59914,1,0
2026-09-24,59953,1,0
2026-09-24,59964,1,0
2026-09-24,59999,1,0
2026-09-24,60084,1,0
2026-09-24,60090,1,0
2026-09-24,60122,1,0
2026-09-24,60251,1,0
2026-09-24,60258,1,0
2026-09-24,60455,1,0
2026-09-24,60473,1,0
2026-09-24,60546,1,0
2026-09-24,60548,1,0
2026-09-24,60550,1,0
2026-09-24,60560,1,0
2026-09-24,60563,1,0
2026-09-24,60565,1,0
2026-09-24,60604,1,0
2026-09-24,60624,1,0
2026-09-24,60650,1,0
2026-09-24,60824,1,0
2026-09-24,60851,1,0
2026-09-24,60864,1,0
2026-09-24,60869,1,0
2026-09-24,60886,1,0
2026-09-24,60895,1,0
2026-09-24,60900,1,0
2026-09-24,60906,1,0
2026-09-24,60909,1,0
2026-09-24,60916,1,0
2026-09-24,60921,1,0
2026-09-24,60957,1,0
2026-09-24,61033,1,0
2026-09-24,61037,1,0
2026-09-24,61041,1,0
2026-09-24,61076,1,0
2026-09-24,61078,1,0
2026-09-24,61105,1,0
2026-09-24,61109,1,0
2026-09-24,61112,1,0
2026-09-24,61126,1,0
2026-09-24,61133,1,0
2026-09-24,61222,1,0
2026-09-24,61313,1,0
2026-09-24,61418,1,0
2026-09-24,61520,1,0
2026-09-24,61532,1,0
2026-09-24,61547,1,0
2026-09-24,61646,1,0
2026-09-24,61688,1,0
2026-09-24,61698,1,0
2026-09-24,61737,1,0
2026-09-24,61740,1,0
2026-09-24,61795,1,0
2026-09-24,61830,1,0
2026-09-24,61937,1,0
2026-09-24,61938,1,0
2026-09-24,62000,1,1
2026-09-24,62001,1,1
2026-09-24,62002,1,1
2026-09-24,62008,1,1
2026-09-24,62011,1,0
2026-09-24,62041,1,0
2026-09-24,62044,1,0
2026-09-24,62065,1,0
2026-09-24,62143,1,0
2026-09-24,62200,1,1
2026-09-24,62201,1,1
2026-09-24,62400,1,0
2026-09-24,62405,1,0
2026-09-24,62482,1,0
2026-09-24,62493,1,0
2026-09-24,62540,1,0
2026-09-24,62614,1,0
2026-09-24,62658,1,0
2026-09-24,62661,1,0
2026-09-24,62701,1,0
2026-09-24,62826,1,0
2026-09-24,62845,1,0
2026-09-24,62864,1,0
2026-09-24,62876,1,0
2026-09-24,62896,1,0
2026-09-24,63106,1,0
2026-09-24,63173,1,0
2026-09-24,63402,1,0
2026-09-24,63535,1,0
2026-09-24,63618,1,0
2026-09-24,63653,1,0
2026-09-24,63733,1,0
2026-09-24,63800,1,0
2026-09-24,63828,1,0
2026-09-24,63880,1,0
2026-09-24,64040,1,0
2026-09-24,64067,1,0
2026-09-24,64109,1,0
2026-09-24,64256,1,0
2026-09-24,64303,1,0
2026-09-24,64330,1,0
2026-09-24,64447,1,0
2026-09-24,64465,1,0
2026-09-24,64600,1,0
2026-09-24,64628,1,0
2026-09-24,64659,1,0
2026-09-24,64686,1,0
2026-09-24,64770,1,0
2026-09-24,64774,1,0
2026-09-24,64792,1,0
2026-09-24,64811,1,0
2026-09-24,65033,1,0
2026-09-24,65042,1,0
2026-09-24,65067,1,0
2026-09-24,65152,1,0
2026-09-24,65268,1,0
2026-09-24,65423,1,0
2026-09-24,65451,1,0
2026-09-24,65531,1,0
2026-09-25,7777,7228935,7092426
2026-09-25,57232,564,0
2026-09-25,3389,367,0
2026-09-25,62349,282,0
2026-09-25,62231,177,0
2026-09-25,62605,174,0
2026-09-25,10000,161,3
2026-09-25,8888,112,0
2026-09-25,55184,52,0
2026-09-25,62215,26,0
2026-09-25,62226,24,0
2026-09-25,62247,23,0
2026-09-25,62609,19,0
2026-09-25,62689,18,0
2026-09-25,62736,18,0
2026-09-25,62236,17,0
2026-09-25,62330,14,1
2026-09-25,5678,13,13
2026-09-25,62599,12,0
2026-09-25,62506,10,0
2026-09-25,62266,9,4
2026-09-25,62652,9,0
2026-09-25,62728,9,3
2026-09-25,62734,9,2
2026-09-25,55318,8,3
2026-09-25,55325,8,2
2026-09-25,62264,8,3
2026-09-25,62268,8,4
2026-09-25,62271,8,2
2026-09-25,62272,8,2
2026-09-25,62641,8,3
2026-09-25,62655,8,3
2026-09-25,62656,8,2
2026-09-25,62658,8,0
2026-09-25,62731,8,2
2026-09-25,55319,7,2
2026-09-25,55322,7,2
2026-09-25,55329,7,1
2026-09-25,55331,7,1
2026-09-25,62374,6,0
2026-09-25,5353,5,0
2026-09-25,62222,5,0
2026-09-25,62352,5,0
2026-09-25,62446,5,0
2026-09-25,62451,5,0
2026-09-25,62341,4,0
2026-09-25,62423,4,0
2026-09-25,62310,3,0
2026-09-25,62323,3,0
2026-09-25,62326,3,0
2026-09-25,62363,3,0
2026-09-25,62365,3,0
2026-09-25,62368,3,0
2026-09-25,62393,3,0
2026-09-25,62396,3,0
2026-09-25,62400,3,0
2026-09-25,62412,3,0
2026-09-25,62420,3,0
2026-09-25,62461,3,0
2026-09-25,62499,3,0
2026-09-25,62507,3,0
2026-09-25,62513,3,0
2026-09-25,62533,3,0
2026-09-25,62567,3,0
2026-09-25,62582,3,0
2026-09-25,50808,2,0
2026-09-25,54442,2,0
2026-09-25,54913,2,0
2026-09-25,62299,2,0
2026-09-25,62301,2,0
2026-09-25,62305,2,0
2026-09-25,62307,2,0
2026-09-25,62328,2,0
2026-09-25,62334,2,0
2026-09-25,62346,2,0
2026-09-25,62347,2,0
2026-09-25,62367,2,0
2026-09-25,62382,2,0
2026-09-25,62390,2,0
2026-09-25,62402,2,0
2026-09-25,62411,2,0
2026-09-25,62427,2,0
2026-09-25,62429,2,0
2026-09-25,62434,2,0
2026-09-25,62456,2,0
2026-09-25,62458,2,0
2026-09-25,62474,2,0
2026-09-25,62478,2,0
2026-09-25,62500,2,0
2026-09-25,62512,2,0
2026-09-25,62521,2,0
2026-09-25,62532,2,0
2026-09-25,62534,2,0
2026-09-25,62556,2,0
2026-09-25,62558,2,0
2026-09-25,62560,2,0
2026-09-25,62566,2,0
2026-09-25,62568,2,0
2026-09-25,62579,2,0
2026-09-25,62608,2,0
2026-09-25,49188,1,0
2026-09-25,49896,1,0
2026-09-25,50069,1,0
2026-09-25,50433,1,0
2026-09-25,51763,1,0
2026-09-25,52490,1,0
2026-09-25,52969,1,0
2026-09-25,53904,1,0
2026-09-25,55428,1,0
2026-09-25,56426,1,0
2026-09-25,56501,1,0
2026-09-25,56565,1,0
2026-09-25,57153,1,0
2026-09-25,57683,1,0
2026-09-25,57788,1,0
2026-09-25,58288,1,0
2026-09-25,58398,1,0
2026-09-25,58778,1,0
2026-09-25,59158,1,0
2026-09-25,60065,1,0
2026-09-25,60183,1,0
2026-09-25,60273,1,0
2026-09-25,60439,1,0
2026-09-25,60615,1,0
2026-09-25,60815,1,0
2026-09-25,62184,1,0
2026-09-25,62239,1,0
2026-09-25,62242,1,0
2026-09-25,62316,1,0
2026-09-25,62331,1,0
2026-09-25,62333,1,0
2026-09-25,62354,1,0
2026-09-25,62356,1,0
2026-09-25,62358,1,0
2026-09-25,62359,1,0
2026-09-25,62375,1,0
2026-09-25,62392,1,0
2026-09-25,62403,1,0
2026-09-25,62404,1,0
2026-09-25,62410,1,0
2026-09-25,62415,1,0
2026-09-25,62435,1,0
2026-09-25,62438,1,0
2026-09-25,62445,1,0
2026-09-25,62453,1,0
2026-09-25,62457,1,0
2026-09-25,62463,1,0
2026-09-25,62464,1,0
2026-09-25,62465,1,0
2026-09-25,62469,1,0
2026-09-25,62476,1,0
2026-09-25,62477,1,0
2026-09-25,62479,1,0
2026-09-25,62481,1,0
2026-09-25,62489,1,0
2026-09-25,62508,1,0
2026-09-25,62509,1,0
2026-09-25,62517,1,0
2026-09-25,62523,1,0
2026-09-25,62541,1,0
2026-09-25,62543,1,0
2026-09-25,62549,1,0
2026-09-25,62551,1,0
2026-09-25,62564,1,0
2026-09-25,62569,1,0
2026-09-25,62572,1,0
2026-09-25,62576,1,0
2026-09-25,62580,1,0
2026-09-25,62584,1,0
2026-09-25,62692,1,0
2026-09-25,62712,1,0
2026-09-25,63006,1,0
2026-09-25,63350,1,0
2026-09-25,63980,1,0
2026-09-25,64856,1,0
2026-09-25,65428,1,0
2026-09-25,68,1,0
