thoi_diem,pps,mbps,uniq_ip_chua_verified,verified_pct,legit_pps,goi_waf_huy,goi_toi_game,ly_do_drop
2026-10-02 18:20:26,4616,3.53,0,99,4570,0,4616,hb
2026-10-02 18:20:56,4270,2.32,0,100,4270,0,4270,hb
2026-10-02 18:21:26,4260,3.15,0,99,4217,0,4260,hb
2026-10-02 18:21:56,3998,2.2,0,99,3958,0,3998,hb
2026-10-02 18:22:26,4320,3.19,1,99,4277,0,4320,hb
2026-10-02 18:22:56,4297,2.29,0,100,4297,0,4297,hb
2026-10-02 18:23:26,3546,1.95,1,100,3546,0,3546,hb
2026-10-02 18:23:56,4386,3.84,1,99,4342,0,4386,hb
2026-10-02 18:24:26,4350,2.38,0,99,4306,0,4350,hb
2026-10-02 18:24:56,4140,2.3,1,100,4140,0,4140,hb
2026-10-02 18:25:26,4295,3.13,1,99,4252,0,4295,hb
2026-10-02 18:25:56,3770,2.29,0,100,3770,0,3770,hb
2026-10-02 18:26:20,5724,5.91,1676,62,3549,730,4994,UDP_ENTROPY=730
2026-10-02 18:26:21,19314,12.82,8521,7,1352,1166,18148,UDP_ENTROPY=1166
2026-10-02 18:26:22,18436,11.69,9507,3,553,10340,8096,UDP_GREYLIST=10227 UDP_ENTROPY=111 WAR_REFLECTION=2
2026-10-02 18:26:23,18382,12.11,9058,2,368,8901,9481,UDP_GREYLIST=8744 UDP_ENTROPY=157
2026-10-02 18:26:24,18026,11.31,8749,2,361,9205,8821,UDP_GREYLIST=9047 UDP_ENTROPY=158
2026-10-02 18:26:25,17490,17.92,8600,5,874,8976,8514,UDP_GREYLIST=8436 UDP_ENTROPY=540
2026-10-02 18:26:26,17774,18.33,8703,4,711,8807,8967,UDP_GREYLIST=8214 UDP_ENTROPY=591 WAR_REFLECTION=2
2026-10-02 18:26:27,16894,17.81,8568,5,845,8754,8140,UDP_GREYLIST=8374 UDP_ENTROPY=378 WAR_REFLECTION=2
2026-10-02 18:26:28,17616,17.3,8665,4,705,8556,9060,UDP_GREYLIST=8124 UDP_ENTROPY=432
2026-10-02 18:26:29,17045,18.22,8689,4,682,8925,8120,UDP_GREYLIST=8465 UDP_ENTROPY=460
2026-10-02 18:26:30,17574,18.45,8474,5,879,8568,9006,UDP_GREYLIST=8020 UDP_ENTROPY=547 L2_UDP_CLOSED_PORT=1
2026-10-02 18:26:31,16628,19.29,8335,6,998,8832,7796,UDP_GREYLIST=8287 UDP_ENTROPY=545
2026-10-02 18:26:32,17289,16.81,8598,4,692,8550,8739,UDP_GREYLIST=8088 UDP_ENTROPY=462
2026-10-02 18:26:33,16520,18.58,8337,4,661,9028,7492,UDP_GREYLIST=8501 UDP_ENTROPY=527
2026-10-02 18:26:34,17058,14.72,8556,4,682,8253,8805,UDP_GREYLIST=7943 UDP_ENTROPY=310
2026-10-02 18:26:35,16550,14.75,8350,1,166,9092,7458,UDP_GREYLIST=8721 UDP_ENTROPY=371
2026-10-02 18:26:36,16915,14.22,8899,1,169,8495,8420,UDP_GREYLIST=8296 UDP_ENTROPY=199
2026-10-02 18:26:37,16879,10.94,8471,0,0,8549,8330,UDP_GREYLIST=8362 UDP_ENTROPY=187
2026-10-02 18:26:38,16211,10.66,8465,0,0,9036,7175,UDP_GREYLIST=8925 UDP_ENTROPY=111
2026-10-02 18:26:39,16278,10.88,8939,0,0,8796,7482,UDP_GREYLIST=8669 UDP_ENTROPY=125 WAR_REFLECTION=2
2026-10-02 18:26:40,16288,10.68,8945,0,0,8610,7678,UDP_GREYLIST=8482 UDP_ENTROPY=128
2026-10-02 18:26:41,16300,10.29,8716,0,0,8489,7811,UDP_GREYLIST=8391 UDP_ENTROPY=98
2026-10-02 18:26:42,16000,9.82,8388,0,0,8603,7397,UDP_GREYLIST=8505 UDP_ENTROPY=98
2026-10-02 18:26:43,15706,10.39,8519,0,0,8754,6952,UDP_GREYLIST=8622 UDP_ENTROPY=132
2026-10-02 18:26:44,15651,10.37,8906,0,0,8640,7011,UDP_GREYLIST=8509 UDP_ENTROPY=130 L2_SYN_CLOSED_PORT=1
2026-10-02 18:26:45,15592,9.91,8913,0,0,8553,7039,UDP_GREYLIST=8468 UDP_ENTROPY=82 L2_SYN_CLOSED_PORT=3
2026-10-02 18:26:46,15376,10.1,8422,0,0,8352,7024,UDP_GREYLIST=8224 UDP_ENTROPY=127 L2_SYN_CLOSED_PORT=1
2026-10-02 18:26:47,11605,6.88,6633,0,0,6791,4814,UDP_GREYLIST=6741 UDP_ENTROPY=50
2026-10-02 18:26:48,11558,7.69,6735,0,0,6760,4798,UDP_GREYLIST=6667 UDP_ENTROPY=93
2026-10-02 18:26:49,11811,7.76,6936,2,236,6719,5092,UDP_GREYLIST=6627 UDP_ENTROPY=89 WAR_REFLECTION=3
2026-10-02 18:26:50,9989,8.98,5375,16,1598,5098,4891,UDP_GREYLIST=5065 UDP_ENTROPY=33
2026-10-02 18:26:51,3300,3.84,0,100,3300,4,3296,hb
2026-10-02 18:27:08,10260,7.98,3884,25,2565,958,9302,UDP_ENTROPY=954 L0_BLACKLIST=4
2026-10-02 18:27:09,11987,7.76,6712,8,959,7203,4784,UDP_GREYLIST=7048 UDP_ENTROPY=155
2026-10-02 18:27:10,14023,13.38,6946,8,1122,6835,7188,UDP_GREYLIST=6376 UDP_ENTROPY=457 L0_BLACKLIST=1 L1_BOGON_SRC=1
2026-10-02 18:27:11,15401,12.39,7308,9,1386,6511,8890,UDP_GREYLIST=6275 UDP_ENTROPY=235 L0_BLACKLIST=1
2026-10-02 18:27:12,15840,14.23,7230,8,1267,6825,9015,UDP_GREYLIST=6371 UDP_ENTROPY=453 L0_BLACKLIST=1
2026-10-02 18:27:13,16410,14.13,6934,10,1641,6507,9903,UDP_GREYLIST=6124 UDP_ENTROPY=382 L0_BLACKLIST=1
2026-10-02 18:27:14,16757,14.44,6571,11,1843,6630,10127,UDP_GREYLIST=6187 UDP_ENTROPY=442 L0_BLACKLIST=1
2026-10-02 18:27:15,16739,13.14,6425,9,1507,6814,9925,UDP_GREYLIST=6441 UDP_ENTROPY=370 L2_SYN_CLOSED_PORT=3
2026-10-02 18:27:16,16514,13.98,6366,10,1651,6993,9521,UDP_GREYLIST=6600 UDP_ENTROPY=383 L2_SYN_CLOSED_PORT=5 L0_BLACKLIST=3 WAR_REFLECTION=2
2026-10-02 18:27:17,16705,13.61,6847,10,1670,7048,9657,UDP_GREYLIST=6640 UDP_ENTROPY=402 WAR_REFLECTION=3 L0_BLACKLIST=2 L2_SYN_CLOSED_PORT=1
2026-10-02 18:27:18,16824,15.1,7391,10,1682,7144,9680,UDP_GREYLIST=6618 UDP_ENTROPY=522 L0_BLACKLIST=2 WAR_REFLECTION=1 L2_SYN_CLOSED_PORT=1
2026-10-02 18:27:19,16941,14.74,7583,10,1694,6855,10086,UDP_GREYLIST=6496 UDP_ENTROPY=358 L0_BLACKLIST=1
2026-10-02 18:27:20,17023,13.95,7785,7,1192,7040,9983,UDP_GREYLIST=6663 UDP_ENTROPY=375 WAR_REFLECTION=2
2026-10-02 18:27:21,17001,14.43,7977,6,1020,7280,9721,UDP_GREYLIST=6825 UDP_ENTROPY=455
2026-10-02 18:27:22,17543,14.41,8034,6,1053,7305,10238,UDP_GREYLIST=6903 UDP_ENTROPY=402
2026-10-02 18:27:23,17537,14.65,8025,6,1052,7239,10298,UDP_GREYLIST=6851 UDP_ENTROPY=387 L0_BLACKLIST=1
2026-10-02 18:27:24,17672,15.28,8038,6,1060,7447,10225,UDP_GREYLIST=6888 UDP_ENTROPY=559
2026-10-02 18:27:25,17504,14.61,7945,6,1050,7355,10149,UDP_GREYLIST=6913 UDP_ENTROPY=442
2026-10-02 18:27:26,17508,13.69,7777,6,1050,7257,10251,UDP_GREYLIST=6893 UDP_ENTROPY=364
2026-10-02 18:27:27,17090,14.75,7174,2,342,7436,9654,UDP_GREYLIST=7043 UDP_ENTROPY=393
2026-10-02 18:27:28,17028,15.45,7893,4,681,7434,9594,UDP_GREYLIST=7062 UDP_ENTROPY=372
2026-10-02 18:27:29,17300,17.43,8031,5,865,7702,9598,UDP_GREYLIST=7005 UDP_ENTROPY=694 L0_BLACKLIST=3
2026-10-02 18:27:30,17152,16.5,8059,5,858,7160,9992,UDP_GREYLIST=6684 UDP_ENTROPY=475 L2_UDP_CLOSED_PORT=1
2026-10-02 18:27:31,18137,17.79,7838,6,1088,7093,11044,UDP_GREYLIST=6609 UDP_ENTROPY=483 L0_BLACKLIST=1
2026-10-02 18:27:32,18583,17.18,6933,7,1301,6618,11965,UDP_GREYLIST=5967 UDP_ENTROPY=651
2026-10-02 18:27:33,17307,16.78,6766,5,865,7618,9689,UDP_GREYLIST=7008 UDP_ENTROPY=607 WAR_REFLECTION=3
2026-10-02 18:27:34,17325,15.7,7916,6,1040,7319,10006,UDP_GREYLIST=6886 UDP_ENTROPY=433
2026-10-02 18:27:35,16878,15.33,8020,6,1013,7235,9643,UDP_GREYLIST=6760 UDP_ENTROPY=473 L0_BLACKLIST=1 L2_SYN_CLOSED_PORT=1
2026-10-02 18:27:36,16731,13.38,8171,4,669,7326,9405,UDP_GREYLIST=7069 UDP_ENTROPY=256 L0_BLACKLIST=1
2026-10-02 18:27:37,15668,10.43,8280,4,627,7514,8154,UDP_GREYLIST=7408 UDP_ENTROPY=105 L2_SYN_CLOSED_PORT=1
2026-10-02 18:27:38,4334,4.14,4,99,4291,6,4328,hb
2026-10-02 18:28:07,14470,13.65,2932,35,5064,1859,12611,UDP_ENTROPY=1859
2026-10-02 18:28:08,21049,13.02,5399,25,5262,5903,15146,UDP_GREYLIST=5588 UDP_ENTROPY=315
2026-10-02 18:28:09,17715,11.94,8404,12,2126,8007,9708,UDP_GREYLIST=7719 UDP_ENTROPY=286 WAR_REFLECTION=2
2026-10-02 18:28:10,17750,11.24,8140,13,2308,7937,9813,UDP_GREYLIST=7698 UDP_ENTROPY=239
2026-10-02 18:28:11,18056,11.11,7762,14,2528,7788,10268,UDP_GREYLIST=7539 UDP_ENTROPY=249
2026-10-02 18:28:12,17757,13.16,7733,15,2664,8547,9210,UDP_GREYLIST=8019 UDP_ENTROPY=528
2026-10-02 18:28:13,21057,13.33,6185,19,4001,4709,16348,UDP_GREYLIST=4223 UDP_ENTROPY=486
2026-10-02 18:28:14,21834,13.92,6070,20,4367,4204,17630,UDP_GREYLIST=3731 UDP_ENTROPY=473
2026-10-02 18:28:15,21824,14.09,5790,21,4583,4111,17713,UDP_GREYLIST=3611 UDP_ENTROPY=497 WAR_REFLECTION=3
2026-10-02 18:28:16,21594,14.62,5274,20,4319,4308,17286,UDP_GREYLIST=3815 UDP_ENTROPY=490 WAR_REFLECTION=2 L1_BOGON_SRC=1
2026-10-02 18:28:17,18839,13.19,5956,17,3203,6485,12354,UDP_GREYLIST=5986 UDP_ENTROPY=498 WAR_REFLECTION=1
2026-10-02 18:28:18,20034,13.17,6308,18,3606,4894,15140,UDP_GREYLIST=4510 UDP_ENTROPY=381 WAR_REFLECTION=3
2026-10-02 18:28:19,18901,12.25,6030,17,3213,6197,12704,UDP_GREYLIST=5755 UDP_ENTROPY=442
2026-10-02 18:28:20,19894,13.47,6589,15,2984,5167,14727,UDP_GREYLIST=4786 UDP_ENTROPY=381
2026-10-02 18:28:21,19150,12.45,6413,8,1532,6263,12887,UDP_GREYLIST=5881 UDP_ENTROPY=380 WAR_REFLECTION=2
2026-10-02 18:28:22,19652,13.18,7337,6,1179,5540,14112,UDP_GREYLIST=5287 UDP_ENTROPY=253
2026-10-02 18:28:23,19100,12.19,6551,6,1146,6180,12920,UDP_GREYLIST=5813 UDP_ENTROPY=367
2026-10-02 18:28:24,19136,13.0,7500,6,1148,6013,13123,UDP_GREYLIST=5711 UDP_ENTROPY=302
2026-10-02 18:28:25,19386,12.23,6647,5,969,5772,13614,UDP_GREYLIST=5426 UDP_ENTROPY=346
2026-10-02 18:28:26,19043,13.15,7358,6,1143,6053,12990,UDP_GREYLIST=5758 UDP_ENTROPY=295
2026-10-02 18:28:27,19060,12.18,6632,9,1715,5625,13435,UDP_GREYLIST=5304 UDP_ENTROPY=321
2026-10-02 18:28:28,18411,12.88,7245,10,1841,6263,12148,UDP_GREYLIST=5976 UDP_ENTROPY=287
2026-10-02 18:28:29,19333,12.45,6582,10,1933,5463,13870,UDP_GREYLIST=5081 UDP_ENTROPY=382
2026-10-02 18:28:30,18319,13.26,7260,9,1649,6498,11821,UDP_GREYLIST=6113 UDP_ENTROPY=384 L2_UDP_CLOSED_PORT=1
2026-10-02 18:28:31,19250,11.41,6534,11,2118,5203,14047,UDP_GREYLIST=4966 UDP_ENTROPY=237
2026-10-02 18:28:32,16656,12.06,8030,11,1832,7623,9033,UDP_GREYLIST=7349 UDP_ENTROPY=274
2026-10-02 18:28:33,16578,9.73,7557,11,1824,7301,9277,UDP_GREYLIST=7148 UDP_ENTROPY=153
2026-10-02 18:28:34,17837,12.27,6813,15,2676,6009,11828,UDP_GREYLIST=5714 UDP_ENTROPY=295
2026-10-02 18:28:35,18641,11.66,6197,15,2796,5336,13305,UDP_GREYLIST=4932 UDP_ENTROPY=404
2026-10-02 18:28:36,17746,13.02,6693,14,2484,6158,11588,UDP_GREYLIST=5727 UDP_ENTROPY=431
2026-10-02 18:28:37,4634,5.71,710,83,3846,279,4355,UDP_GREYLIST=278 TCP_OUT_OF_STATE=1
2026-10-02 18:28:38,3647,2.79,1,100,3647,1,3646,hb
2026-10-02 18:29:03,3996,4.3,546,84,3357,583,3413,UDP_ENTROPY=583
2026-10-02 18:29:04,15935,10.41,5628,34,5418,930,15005,UDP_ENTROPY=930
2026-10-02 18:29:05,16070,10.11,7574,15,2410,8239,7831,UDP_GREYLIST=8020 UDP_ENTROPY=218 WAR_REFLECTION=1
2026-10-02 18:29:06,16245,10.08,7087,17,2762,7303,8942,UDP_GREYLIST=7058 UDP_ENTROPY=245
2026-10-02 18:29:07,16373,10.81,7324,18,2947,7741,8632,UDP_GREYLIST=7477 UDP_ENTROPY=264
2026-10-02 18:29:08,17112,11.39,7399,23,3936,7368,9744,UDP_GREYLIST=6992 UDP_ENTROPY=376
2026-10-02 18:29:09,17672,11.09,6805,29,5125,6647,11025,UDP_GREYLIST=6289 UDP_ENTROPY=357 WAR_REFLECTION=1
2026-10-02 18:29:10,17581,11.11,6683,25,4395,6899,10682,UDP_GREYLIST=6565 UDP_ENTROPY=333 WAR_REFLECTION=1
2026-10-02 18:29:11,17211,11.62,6927,24,4131,7439,9772,UDP_GREYLIST=7012 UDP_ENTROPY=427
2026-10-02 18:29:12,17326,11.67,8096,15,2599,7937,9389,UDP_GREYLIST=7658 UDP_ENTROPY=278 WAR_REFLECTION=1
2026-10-02 18:29:13,17788,10.4,8157,7,1245,7797,9991,UDP_GREYLIST=7671 UDP_ENTROPY=126
2026-10-02 18:29:14,20376,14.74,6002,13,2649,5234,15142,UDP_GREYLIST=4838 UDP_ENTROPY=396
2026-10-02 18:29:15,19776,13.09,6020,11,2175,5933,13843,UDP_GREYLIST=5507 UDP_ENTROPY=426
2026-10-02 18:29:16,20466,13.1,6653,13,2661,5075,15391,UDP_GREYLIST=4644 UDP_ENTROPY=431
2026-10-02 18:29:17,21150,12.58,6421,13,2750,4411,16739,UDP_GREYLIST=4125 UDP_ENTROPY=286
2026-10-02 18:29:18,20336,14.65,5718,21,4271,4719,15617,UDP_GREYLIST=4225 UDP_ENTROPY=494
2026-10-02 18:29:19,19802,13.12,5365,22,4356,5426,14376,UDP_GREYLIST=4893 UDP_ENTROPY=533
2026-10-02 18:29:20,20474,13.99,5880,20,4095,4838,15636,UDP_GREYLIST=4143 UDP_ENTROPY=695
2026-10-02 18:29:21,20564,12.34,6038,17,3496,4072,16492,UDP_GREYLIST=3710 UDP_ENTROPY=362
2026-10-02 18:29:22,20666,12.68,5419,14,2893,4006,16660,UDP_GREYLIST=3596 UDP_ENTROPY=409 L1_BOGON_SRC=1
2026-10-02 18:29:23,19658,15.4,4712,16,3145,4938,14720,UDP_GREYLIST=4304 UDP_ENTROPY=634
2026-10-02 18:29:24,19577,12.68,5062,24,4698,4802,14775,UDP_GREYLIST=4377 UDP_ENTROPY=425
2026-10-02 18:29:25,20014,13.98,5790,19,3803,4795,15219,UDP_GREYLIST=4220 UDP_ENTROPY=575
2026-10-02 18:29:26,20540,13.33,6135,19,3903,4405,16135,UDP_GREYLIST=3982 UDP_ENTROPY=423
2026-10-02 18:29:27,20984,13.31,6104,20,4197,4203,16781,UDP_GREYLIST=3764 UDP_ENTROPY=439
2026-10-02 18:29:28,21149,12.71,5786,23,4864,3887,17262,UDP_GREYLIST=3525 UDP_ENTROPY=362
2026-10-02 18:29:29,18607,13.38,6754,24,4466,5488,13119,UDP_GREYLIST=5030 UDP_ENTROPY=458
2026-10-02 18:29:30,15936,10.74,7399,20,3187,7338,8598,UDP_GREYLIST=7033 UDP_ENTROPY=303 WAR_REFLECTION=1 L2_UDP_CLOSED_PORT=1
2026-10-02 18:29:31,16028,10.27,7962,11,1763,7797,8231,UDP_GREYLIST=7629 UDP_ENTROPY=168
2026-10-02 18:29:32,15938,9.85,7677,9,1434,7732,8206,UDP_GREYLIST=7566 UDP_ENTROPY=166
2026-10-02 18:29:33,13545,10.51,6409,13,1761,6724,6821,UDP_GREYLIST=6585 UDP_ENTROPY=139
2026-10-02 18:29:34,3828,3.32,2,100,3828,6,3822,hb
2026-10-02 18:30:01,4864,4.61,468,89,4329,491,4373,UDP_ENTROPY=475 L0_BLACKLIST=16
2026-10-02 18:30:02,15338,9.97,5998,30,4601,934,14404,UDP_ENTROPY=932 L0_BLACKLIST=2
2026-10-02 18:30:03,15728,10.21,7830,15,2359,8519,7209,UDP_GREYLIST=8303 UDP_ENTROPY=213 WAR_REFLECTION=3
2026-10-02 18:30:04,16671,10.31,7709,17,2834,7596,9075,UDP_GREYLIST=7382 UDP_ENTROPY=214
2026-10-02 18:30:05,17450,11.19,7495,17,2966,7510,9940,UDP_GREYLIST=7250 UDP_ENTROPY=260
2026-10-02 18:30:06,17601,10.75,6801,24,4224,7250,10351,UDP_GREYLIST=6933 UDP_ENTROPY=317
2026-10-02 18:30:07,17451,11.37,6728,28,4886,7041,10410,UDP_GREYLIST=6653 UDP_ENTROPY=385 WAR_REFLECTION=3
2026-10-02 18:30:08,17401,11.43,7302,24,4176,7307,10094,UDP_GREYLIST=6922 UDP_ENTROPY=384 WAR_REFLECTION=1
2026-10-02 18:30:09,17402,10.91,7520,23,4002,7335,10067,UDP_GREYLIST=7042 UDP_ENTROPY=292 L0_BLACKLIST=1
2026-10-02 18:30:10,17492,11.34,8071,11,1924,8096,9396,UDP_GREYLIST=7876 UDP_ENTROPY=219 WAR_REFLECTION=1
2026-10-02 18:30:11,17205,10.59,7756,11,1893,8199,9006,UDP_GREYLIST=7930 UDP_ENTROPY=269
2026-10-02 18:30:12,16855,10.93,7644,17,2865,7921,8934,UDP_GREYLIST=7610 UDP_ENTROPY=311
2026-10-02 18:30:13,16863,11.08,7471,21,3541,7315,9548,UDP_GREYLIST=6975 UDP_ENTROPY=339 L0_BLACKLIST=1
2026-10-02 18:30:14,17028,10.83,7467,20,3406,7289,9739,UDP_GREYLIST=7052 UDP_ENTROPY=236 L0_BLACKLIST=1
2026-10-02 18:30:15,16769,10.62,7656,15,2515,7610,9159,UDP_GREYLIST=7362 UDP_ENTROPY=248
2026-10-02 18:30:16,16542,10.05,6232,29,4797,6597,9945,UDP_GREYLIST=6306 UDP_ENTROPY=291
2026-10-02 18:30:17,16296,10.45,6385,29,4726,6765,9531,UDP_GREYLIST=6390 UDP_ENTROPY=375
2026-10-02 18:30:18,16137,10.6,6921,26,4196,6979,9158,UDP_GREYLIST=6646 UDP_ENTROPY=333
2026-10-02 18:30:19,16157,10.66,7487,20,3231,7394,8763,UDP_GREYLIST=7111 UDP_ENTROPY=282 WAR_REFLECTION=1
2026-10-02 18:30:20,16307,10.07,7736,13,2120,7678,8629,UDP_GREYLIST=7496 UDP_ENTROPY=182
2026-10-02 18:30:21,16138,9.9,7643,11,1775,7873,8265,UDP_GREYLIST=7671 UDP_ENTROPY=202
2026-10-02 18:30:22,15781,10.24,8105,4,631,8608,7173,UDP_GREYLIST=8465 UDP_ENTROPY=143
2026-10-02 18:30:23,15713,10.13,8854,0,0,8768,6945,UDP_GREYLIST=8656 UDP_ENTROPY=112
2026-10-02 18:30:24,15751,10.34,8803,0,0,8560,7191,UDP_GREYLIST=8453 UDP_ENTROPY=107
2026-10-02 18:30:25,16648,10.3,8448,12,1998,8255,8393,UDP_GREYLIST=8040 UDP_ENTROPY=215
2026-10-02 18:30:26,17817,9.98,8230,15,2673,7050,10767,UDP_GREYLIST=6857 UDP_ENTROPY=193
2026-10-02 18:30:27,17635,11.22,8507,7,1234,7776,9859,UDP_GREYLIST=7488 UDP_ENTROPY=288
2026-10-02 18:30:28,17559,10.42,8586,6,1054,8046,9513,UDP_GREYLIST=7913 UDP_ENTROPY=132 L1_BOGON_SRC=1
2026-10-02 18:30:29,15843,9.94,8304,9,1426,7751,8092,UDP_GREYLIST=7563 UDP_ENTROPY=188
2026-10-02 18:30:30,15397,10.08,8624,10,1540,8444,6953,UDP_GREYLIST=8261 UDP_ENTROPY=182 L2_UDP_CLOSED_PORT=1
2026-10-02 18:30:31,16322,10.5,8794,12,1959,8729,7593,UDP_GREYLIST=8497 UDP_ENTROPY=232
2026-10-02 18:30:32,19495,12.13,7042,24,4679,7185,12310,UDP_GREYLIST=6811 UDP_ENTROPY=374
2026-10-02 18:30:33,18895,12.23,6901,23,4346,7602,11293,UDP_GREYLIST=7212 UDP_ENTROPY=389 WAR_REFLECTION=1
2026-10-02 18:30:34,18810,12.1,7671,20,3762,7869,10941,UDP_GREYLIST=7512 UDP_ENTROPY=357
2026-10-02 18:30:35,18802,12.28,7968,20,3760,7740,11062,UDP_GREYLIST=7373 UDP_ENTROPY=365 WAR_REFLECTION=2
2026-10-02 18:30:36,19005,12.2,8946,9,1710,8796,10209,UDP_GREYLIST=8536 UDP_ENTROPY=258 WAR_REFLECTION=1 L0_BLACKLIST=1
2026-10-02 18:30:37,18965,11.82,8079,17,3224,7880,11085,UDP_GREYLIST=7550 UDP_ENTROPY=328 L0_BLACKLIST=2
2026-10-02 18:30:38,19610,12.14,7423,19,3726,7654,11956,UDP_GREYLIST=7318 UDP_ENTROPY=336
2026-10-02 18:30:39,19550,12.53,6857,27,5278,7550,12000,UDP_GREYLIST=7127 UDP_ENTROPY=423
2026-10-02 18:30:40,19124,12.43,8228,16,3060,8421,10703,UDP_GREYLIST=8069 UDP_ENTROPY=352
2026-10-02 18:30:41,19509,12.98,7552,26,5072,7427,12082,UDP_GREYLIST=6909 UDP_ENTROPY=518
2026-10-02 18:30:42,19376,12.22,6948,30,5813,6847,12529,UDP_GREYLIST=6443 UDP_ENTROPY=404
2026-10-02 18:30:43,19514,12.16,6477,31,6049,6640,12874,UDP_GREYLIST=6224 UDP_ENTROPY=416
2026-10-02 18:30:44,19159,12.75,7005,26,4981,7674,11485,UDP_GREYLIST=7240 UDP_ENTROPY=432 WAR_REFLECTION=1 L0_BLACKLIST=1
2026-10-02 18:30:45,19172,12.88,8086,19,3643,8159,11013,UDP_GREYLIST=7773 UDP_ENTROPY=386
2026-10-02 18:30:46,19004,12.29,8424,15,2851,8108,10896,UDP_GREYLIST=7848 UDP_ENTROPY=260
2026-10-02 18:30:47,18830,12.07,8382,10,1883,8344,10486,UDP_GREYLIST=8143 UDP_ENTROPY=200 L0_BLACKLIST=1
2026-10-02 18:30:48,18484,11.52,8694,3,555,8974,9510,UDP_GREYLIST=8822 UDP_ENTROPY=152
2026-10-02 18:30:49,17849,11.63,9105,2,357,9340,8509,UDP_GREYLIST=9185 UDP_ENTROPY=155
2026-10-02 18:30:50,17436,11.41,9159,2,349,8970,8466,UDP_GREYLIST=8773 UDP_ENTROPY=197
2026-10-02 18:30:51,18060,11.76,9264,2,361,9068,8992,UDP_GREYLIST=8936 UDP_ENTROPY=132
2026-10-02 18:30:52,17382,11.2,8448,2,348,8228,9154,UDP_GREYLIST=8081 UDP_ENTROPY=147
2026-10-02 18:30:53,14402,9.38,7497,2,288,7943,6459,UDP_GREYLIST=7803 UDP_ENTROPY=140
2026-10-02 18:30:54,11282,9.57,6099,10,1128,5900,5382,UDP_GREYLIST=5854 UDP_ENTROPY=43 WAR_REFLECTION=3
2026-10-02 18:30:55,4612,12.21,1,99,4566,11,4601,hb
2026-10-02 18:31:09,3752,2.43,2,99,3714,32,3720,L0_BLACKLIST=31 TCP_OUT_OF_STATE=1
2026-10-02 18:31:10,3582,2.01,2,99,3546,32,3550,L0_BLACKLIST=32
2026-10-02 18:31:11,3510,2.81,1,99,3475,30,3480,L0_BLACKLIST=30
2026-10-02 18:31:12,3377,2.26,0,99,3343,30,3347,L0_BLACKLIST=30
2026-10-02 18:31:13,4298,2.24,0,99,4255,43,4255,L0_BLACKLIST=43
2026-10-02 18:31:14,3439,2.36,1,99,3405,32,3407,L0_BLACKLIST=32
2026-10-02 18:31:15,3415,1.88,0,99,3381,28,3387,L0_BLACKLIST=28
2026-10-02 18:31:16,3129,1.79,0,99,3098,24,3105,L0_BLACKLIST=24
2026-10-02 18:31:17,3338,3.01,2,100,3338,28,3310,L0_BLACKLIST=28
2026-10-02 18:31:18,3462,2.06,1,99,3427,29,3433,L0_BLACKLIST=29
2026-10-02 18:31:19,3621,1.94,0,99,3585,31,3590,L0_BLACKLIST=31
2026-10-02 18:31:20,3029,1.72,2,99,2999,26,3003,L0_BLACKLIST=26
2026-10-02 18:31:21,3852,2.51,0,99,3813,22,3830,L0_BLACKLIST=22
2026-10-02 18:31:25,3753,2.3,0,99,3715,8,3745,hb
2026-10-02 18:31:39,13935,11.32,4701,30,4180,1384,12551,UDP_ENTROPY=1382 L0_BLACKLIST=2
2026-10-02 18:31:40,19303,12.51,7978,14,2702,8745,10558,UDP_GREYLIST=8480 UDP_ENTROPY=265
2026-10-02 18:31:41,18369,11.3,7740,14,2572,8378,9991,UDP_GREYLIST=8126 UDP_ENTROPY=250 WAR_REFLECTION=2
2026-10-02 18:31:42,18127,11.52,8201,14,2538,8375,9752,UDP_GREYLIST=8122 UDP_ENTROPY=252 L0_BLACKLIST=1
2026-10-02 18:31:43,18132,11.78,8210,16,2901,8048,10084,UDP_GREYLIST=7746 UDP_ENTROPY=302
2026-10-02 18:31:44,18009,11.49,7345,26,4682,7156,10853,UDP_GREYLIST=6781 UDP_ENTROPY=375
2026-10-02 18:31:45,17571,10.93,7134,24,4217,7099,10472,UDP_GREYLIST=6784 UDP_ENTROPY=315
2026-10-02 18:31:46,17345,10.53,7095,21,3642,7334,10011,UDP_GREYLIST=7068 UDP_ENTROPY=265 WAR_REFLECTION=1
2026-10-02 18:31:47,17075,11.11,7611,16,2732,8084,8991,UDP_GREYLIST=7835 UDP_ENTROPY=248 WAR_REFLECTION=1
2026-10-02 18:31:48,16898,10.88,8408,11,1859,8380,8518,UDP_GREYLIST=8171 UDP_ENTROPY=209
2026-10-02 18:31:49,16888,11.04,7733,20,3378,7493,9395,UDP_GREYLIST=7200 UDP_ENTROPY=291 L0_BLACKLIST=2
2026-10-02 18:31:50,17239,10.72,7506,21,3620,7397,9842,UDP_GREYLIST=7093 UDP_ENTROPY=304
2026-10-02 18:31:51,18024,11.65,5842,30,5407,5994,12030,UDP_GREYLIST=5562 UDP_ENTROPY=431 L0_BLACKLIST=1
2026-10-02 18:31:52,19156,12.37,6060,25,4789,5539,13617,UDP_GREYLIST=5167 UDP_ENTROPY=372
2026-10-02 18:31:53,16869,10.25,7404,17,2868,7576,9293,UDP_GREYLIST=7345 UDP_ENTROPY=231
2026-10-02 18:31:54,16518,10.82,6287,29,4790,6870,9648,UDP_GREYLIST=6505 UDP_ENTROPY=365
2026-10-02 18:31:55,16583,10.74,6524,30,4975,6710,9873,UDP_GREYLIST=6294 UDP_ENTROPY=416
2026-10-02 18:31:56,16395,10.75,7024,25,4099,7097,9298,UDP_GREYLIST=6732 UDP_ENTROPY=365
2026-10-02 18:31:57,16535,10.24,7458,19,3142,7301,9234,UDP_GREYLIST=7075 UDP_ENTROPY=224 WAR_REFLECTION=2
2026-10-02 18:31:58,16529,10.56,7589,13,2149,7710,8819,UDP_GREYLIST=7485 UDP_ENTROPY=225
2026-10-02 18:31:59,15954,9.86,7628,9,1436,8138,7816,UDP_GREYLIST=7949 UDP_ENTROPY=189
2026-10-02 18:32:00,15645,10.09,8124,8,1252,8326,7319,UDP_GREYLIST=8147 UDP_ENTROPY=178 L2_UDP_CLOSED_PORT=1
2026-10-02 18:32:01,15550,10.21,8478,6,933,8265,7285,UDP_GREYLIST=8106 UDP_ENTROPY=159
2026-10-02 18:32:02,15583,9.83,8410,6,935,8169,7414,UDP_GREYLIST=8044 UDP_ENTROPY=125
2026-10-02 18:32:03,15576,9.82,8101,6,935,8030,7546,UDP_GREYLIST=7877 UDP_ENTROPY=153
2026-10-02 18:32:04,15450,9.35,7822,6,927,8011,7439,UDP_GREYLIST=7900 UDP_ENTROPY=111
2026-10-02 18:32:05,10953,7.4,5901,5,548,6095,4858,UDP_GREYLIST=5947 UDP_ENTROPY=148
2026-10-02 18:32:06,11735,7.43,6680,4,469,6626,5109,UDP_GREYLIST=6529 UDP_ENTROPY=97
2026-10-02 18:32:07,11657,6.93,6978,3,350,6749,4908,UDP_GREYLIST=6666 UDP_ENTROPY=83
2026-10-02 18:32:08,11665,7.35,6797,2,233,6532,5133,UDP_GREYLIST=6488 UDP_ENTROPY=44
2026-10-02 18:32:09,4176,6.99,601,81,3383,490,3686,UDP_GREYLIST=438 UDP_ENTROPY=34 TCP_OUT_OF_STATE=18
2026-10-02 18:32:10,3871,2.98,2,100,3871,49,3822,UDP_ENTROPY=37 TCP_OUT_OF_STATE=12
2026-10-02 18:32:11,2770,1.91,2,99,2742,28,2742,UDP_ENTROPY=17 TCP_OUT_OF_STATE=11
2026-10-02 18:32:12,3519,2.15,0,100,3519,17,3502,hb
2026-10-02 18:32:13,3924,2.13,2,99,3885,21,3903,L0_BLACKLIST=19 TCP_OUT_OF_STATE=2
2026-10-02 18:32:14,3175,1.91,1,98,3112,22,3153,L0_BLACKLIST=13 TCP_OUT_OF_STATE=9
2026-10-02 18:32:16,4201,2.24,1,99,4159,22,4179,L0_BLACKLIST=21 TCP_OUT_OF_STATE=1
2026-10-02 18:32:18,4230,2.18,1,99,4188,27,4203,L0_BLACKLIST=20 TCP_OUT_OF_STATE=7
2026-10-02 18:32:19,3757,1.99,0,99,3719,22,3735,L0_BLACKLIST=19 TCP_OUT_OF_STATE=3
2026-10-02 18:32:42,3529,2.03,0,100,3529,5,3524,hb
2026-10-02 18:32:43,14381,11.86,3710,40,5752,1225,13156,UDP_ENTROPY=1222 L0_BLACKLIST=3
2026-10-02 18:32:44,18826,12.16,7731,17,3200,8493,10333,UDP_GREYLIST=8201 UDP_ENTROPY=291 L0_BLACKLIST=1
2026-10-02 18:32:45,18147,10.94,7801,14,2541,8342,9805,UDP_GREYLIST=8103 UDP_ENTROPY=237 WAR_REFLECTION=1 L0_BLACKLIST=1
2026-10-02 18:32:46,20063,12.92,6856,17,3411,5796,14267,UDP_GREYLIST=5480 UDP_ENTROPY=316
2026-10-02 18:32:47,20264,12.7,6197,18,3648,5615,14649,UDP_GREYLIST=5167 UDP_ENTROPY=448
2026-10-02 18:32:48,20966,14.1,6174,21,4403,4889,16077,UDP_GREYLIST=4516 UDP_ENTROPY=373
2026-10-02 18:32:49,20321,13.41,5833,18,3658,5811,14510,UDP_GREYLIST=5289 UDP_ENTROPY=520 L0_BLACKLIST=2
2026-10-02 18:32:50,21183,11.97,6197,16,3389,4602,16581,UDP_GREYLIST=4328 UDP_ENTROPY=274
2026-10-02 18:32:51,19316,14.02,6123,15,2897,6799,12517,UDP_GREYLIST=6319 UDP_ENTROPY=477 WAR_REFLECTION=3
2026-10-02 18:32:52,20842,12.4,6286,17,3543,4627,16215,UDP_GREYLIST=4368 UDP_ENTROPY=258 WAR_REFLECTION=1
2026-10-02 18:32:53,19220,13.43,5830,17,3267,6427,12793,UDP_GREYLIST=5930 UDP_ENTROPY=496 WAR_REFLECTION=1
2026-10-02 18:32:54,20716,12.7,6094,19,3936,4591,16125,UDP_GREYLIST=4256 UDP_ENTROPY=330 WAR_REFLECTION=4 L0_BLACKLIST=1
2026-10-02 18:32:55,18983,13.17,5879,17,3227,6416,12567,UDP_GREYLIST=5950 UDP_ENTROPY=466
2026-10-02 18:32:56,20513,12.35,5964,18,3692,4404,16109,UDP_GREYLIST=4122 UDP_ENTROPY=281 L0_BLACKLIST=1
2026-10-02 18:32:57,18454,13.07,5849,13,2399,6483,11971,UDP_GREYLIST=6000 UDP_ENTROPY=481 WAR_REFLECTION=2
2026-10-02 18:32:58,19800,12.15,6288,12,2376,4692,15108,UDP_GREYLIST=4420 UDP_ENTROPY=272
2026-10-02 18:32:59,18387,12.58,5481,17,3126,5963,12424,UDP_GREYLIST=5487 UDP_ENTROPY=476
2026-10-02 18:33:00,20073,11.55,6342,10,2007,4901,15172,UDP_GREYLIST=4659 UDP_ENTROPY=241 L2_UDP_CLOSED_PORT=1
2026-10-02 18:33:01,18446,13.61,6062,10,1845,6691,11755,UDP_GREYLIST=6218 UDP_ENTROPY=473
2026-10-02 18:33:02,20502,11.61,6391,10,2050,4617,15885,UDP_GREYLIST=4378 UDP_ENTROPY=239
2026-10-02 18:33:03,18482,13.74,5472,26,4805,5670,12812,UDP_GREYLIST=5071 UDP_ENTROPY=599
2026-10-02 18:33:04,20164,11.27,5023,33,6654,3846,16318,UDP_GREYLIST=3510 UDP_ENTROPY=335 L0_BLACKLIST=1
2026-10-02 18:33:05,18330,13.14,6447,15,2750,6474,11856,UDP_GREYLIST=6134 UDP_ENTROPY=339 L0_BLACKLIST=1
2026-10-02 18:33:06,20006,11.23,6381,13,2601,4745,15261,UDP_GREYLIST=4564 UDP_ENTROPY=180 L0_BLACKLIST=1
2026-10-02 18:33:07,18136,13.18,5751,19,3446,6137,11999,UDP_GREYLIST=5634 UDP_ENTROPY=503
2026-10-02 18:33:08,20042,11.28,5250,29,5812,3970,16072,UDP_GREYLIST=3651 UDP_ENTROPY=319
2026-10-02 18:33:09,18064,13.21,4896,31,5600,5503,12561,UDP_GREYLIST=4869 UDP_ENTROPY=634
2026-10-02 18:33:10,19967,11.31,5939,20,3993,4781,15186,UDP_GREYLIST=4529 UDP_ENTROPY=252
2026-10-02 18:33:11,18055,13.33,5244,29,5236,5784,12271,UDP_GREYLIST=5172 UDP_ENTROPY=612
2026-10-02 18:33:12,19976,11.27,5669,23,4594,4277,15699,UDP_GREYLIST=3987 UDP_ENTROPY=290
2026-10-02 18:33:13,6354,7.51,1774,61,3876,1789,4565,UDP_GREYLIST=1680 UDP_ENTROPY=109
2026-10-02 18:33:14,2577,1.89,3,99,2551,12,2565,hb
2026-10-02 18:33:20,7653,6.01,2084,51,3903,586,7067,UDP_ENTROPY=578 L0_BLACKLIST=8
2026-10-02 18:33:21,13146,8.91,6562,19,2498,7031,6115,UDP_GREYLIST=6796 UDP_ENTROPY=235
2026-10-02 18:33:22,14078,9.28,7307,15,2112,7354,6724,UDP_GREYLIST=7148 UDP_ENTROPY=206
2026-10-02 18:33:23,14681,9.14,6970,20,2936,6779,7902,UDP_GREYLIST=6558 UDP_ENTROPY=220 L0_BLACKLIST=1
2026-10-02 18:33:24,15124,9.79,6484,24,3630,6571,8553,UDP_GREYLIST=6286 UDP_ENTROPY=285
2026-10-02 18:33:25,15015,9.17,6459,23,3453,6836,8179,UDP_GREYLIST=6603 UDP_ENTROPY=231 L0_BLACKLIST=2
2026-10-02 18:33:26,14921,9.78,6718,22,3283,6983,7938,UDP_GREYLIST=6709 UDP_ENTROPY=274
2026-10-02 18:33:27,14911,9.8,7063,20,2982,6996,7915,UDP_GREYLIST=6731 UDP_ENTROPY=263 WAR_REFLECTION=2
2026-10-02 18:33:28,15118,9.48,7148,18,2721,6990,8128,UDP_GREYLIST=6792 UDP_ENTROPY=198
2026-10-02 18:33:29,14719,9.42,7553,9,1325,7589,7130,UDP_GREYLIST=7422 UDP_ENTROPY=165 WAR_REFLECTION=2
2026-10-02 18:33:30,15503,9.48,7513,9,1395,7846,7657,UDP_GREYLIST=7682 UDP_ENTROPY=163 L2_UDP_CLOSED_PORT=1
2026-10-02 18:33:31,21275,13.79,8786,10,2128,9267,12008,UDP_GREYLIST=8948 UDP_ENTROPY=319
2026-10-02 18:33:32,21828,14.13,8229,22,4802,8176,13652,UDP_GREYLIST=7685 UDP_ENTROPY=491
2026-10-02 18:33:33,21697,14.34,8406,20,4339,8279,13418,UDP_GREYLIST=7829 UDP_ENTROPY=450
2026-10-02 18:33:34,22115,13.6,8474,20,4423,8242,13873,UDP_GREYLIST=7864 UDP_ENTROPY=378
2026-10-02 18:33:35,22392,14.33,7648,23,5150,7718,14674,UDP_GREYLIST=7222 UDP_ENTROPY=496
2026-10-02 18:33:36,22453,14.28,7287,24,5389,8050,14403,UDP_GREYLIST=7554 UDP_ENTROPY=496
2026-10-02 18:33:37,19779,13.07,7875,19,3758,7903,11876,UDP_GREYLIST=7548 UDP_ENTROPY=355
2026-10-02 18:33:38,16095,10.36,8143,11,1770,7825,8270,UDP_GREYLIST=7630 UDP_ENTROPY=195
2026-10-02 18:33:39,16158,10.53,8013,8,1293,7875,8283,UDP_GREYLIST=7705 UDP_ENTROPY=170
2026-10-02 18:33:40,15620,9.71,7513,8,1250,7884,7736,UDP_GREYLIST=7718 UDP_ENTROPY=166
2026-10-02 18:33:41,15364,10.48,7933,10,1536,8074,7290,UDP_GREYLIST=7837 UDP_ENTROPY=236 L0_BLACKLIST=1
2026-10-02 18:33:42,15573,9.91,8126,9,1402,7838,7735,UDP_GREYLIST=7676 UDP_ENTROPY=161 L0_BLACKLIST=1
2026-10-02 18:33:43,15531,10.0,7735,9,1398,7680,7851,UDP_GREYLIST=7524 UDP_ENTROPY=156
2026-10-02 18:33:44,15228,9.72,7522,9,1371,8003,7225,UDP_GREYLIST=7822 UDP_ENTROPY=181
2026-10-02 18:33:45,15161,10.08,8001,9,1364,8050,7111,UDP_GREYLIST=7872 UDP_ENTROPY=178
2026-10-02 18:33:46,13034,8.24,7241,7,912,6772,6262,UDP_GREYLIST=6663 UDP_ENTROPY=108 L1_BOGON_SRC=1
2026-10-02 18:33:47,11896,7.8,6515,7,833,6339,5557,UDP_GREYLIST=6261 UDP_ENTROPY=76 WAR_REFLECTION=1 L0_BLACKLIST=1
2026-10-02 18:33:48,11374,6.4,6277,4,455,6300,5074,UDP_GREYLIST=6208 UDP_ENTROPY=92
2026-10-02 18:33:49,11648,7.34,6528,4,466,6716,4932,UDP_GREYLIST=6610 UDP_ENTROPY=106
2026-10-02 18:33:50,473,0.28,446,2,9,129,344,UDP_GREYLIST=129
2026-10-02 18:33:51,0,0.0,0,0,0,0,0,hb
2026-10-02 18:34:21,1,0.0,0,0,0,0,1,hb
2026-10-02 18:34:39,6457,31.49,2,100,6457,417,6040,UDP_FLOW_RATE=382 UDP_ENTROPY=29 L0_BLACKLIST=5 TCP_OUT_OF_STATE=1
2026-10-02 18:34:40,3283,11.29,6,100,3283,101,3182,UDP_FLOW_RATE=55 UDP_ENTROPY=41 L0_BLACKLIST=5
2026-10-02 18:34:41,3692,5.9,0,100,3692,68,3624,UDP_FLOW_RATE=32 UDP_ENTROPY=31 L0_BLACKLIST=5
2026-10-02 18:34:42,3413,2.9,1,100,3413,43,3370,UDP_ENTROPY=38 L0_BLACKLIST=5
2026-10-02 18:34:43,3181,2.02,1,100,3181,26,3155,UDP_ENTROPY=21 L0_BLACKLIST=5
2026-10-02 18:34:44,3097,2.38,2,100,3097,23,3074,UDP_ENTROPY=17 L0_BLACKLIST=5 TCP_OUT_OF_STATE=1
2026-10-02 18:34:45,3423,3.87,2,100,3423,30,3393,UDP_ENTROPY=18 L0_BLACKLIST=12
2026-10-02 18:34:46,2772,1.73,1,100,2772,31,2741,L0_BLACKLIST=20 UDP_ENTROPY=11
2026-10-02 18:34:47,4236,2.89,149,96,4067,256,3980,UDP_ENTROPY=230 L0_BLACKLIST=26
2026-10-02 18:34:48,21698,16.0,3379,39,8462,1779,19919,UDP_ENTROPY=1776 L0_BLACKLIST=3
2026-10-02 18:34:49,20761,13.99,5767,20,4152,6555,14206,UDP_GREYLIST=6029 UDP_ENTROPY=525 L0_BLACKLIST=1
2026-10-02 18:34:50,21648,13.11,6171,19,4113,4516,17132,UDP_GREYLIST=4149 UDP_ENTROPY=367
2026-10-02 18:34:51,20770,14.14,6518,19,3946,5479,15291,UDP_GREYLIST=5051 UDP_ENTROPY=422 WAR_REFLECTION=6
2026-10-02 18:34:52,20589,13.98,6058,17,3500,5513,15076,UDP_GREYLIST=4944 UDP_ENTROPY=568 L0_BLACKLIST=1
2026-10-02 18:34:53,21885,13.67,5678,25,5471,4039,17846,UDP_GREYLIST=3630 UDP_ENTROPY=409
2026-10-02 18:34:54,20168,14.49,5630,25,5042,5716,14452,UDP_GREYLIST=5166 UDP_ENTROPY=549 L0_BLACKLIST=1
2026-10-02 18:34:55,21049,12.96,5659,24,5052,4666,16383,UDP_GREYLIST=4119 UDP_ENTROPY=545 L0_BLACKLIST=2
2026-10-02 18:34:56,20663,14.09,5918,27,5579,4944,15719,UDP_GREYLIST=4448 UDP_ENTROPY=494 L0_BLACKLIST=2
2026-10-02 18:34:57,20315,12.89,5589,22,4469,5178,15137,UDP_GREYLIST=4695 UDP_ENTROPY=483
2026-10-02 18:34:58,20556,13.56,6134,20,4111,4826,15730,UDP_GREYLIST=4329 UDP_ENTROPY=495 WAR_REFLECTION=1 L0_BLACKLIST=1
2026-10-02 18:34:59,19797,12.88,5533,20,3959,5616,14181,UDP_GREYLIST=5090 UDP_ENTROPY=522 WAR_REFLECTION=3 L0_BLACKLIST=1
2026-10-02 18:35:00,21259,12.36,5717,20,4252,4081,17178,UDP_GREYLIST=3720 UDP_ENTROPY=360 L2_UDP_CLOSED_PORT=1
2026-10-02 18:35:01,19645,13.91,5949,18,3536,5842,13803,UDP_GREYLIST=5359 UDP_ENTROPY=478 WAR_REFLECTION=3 L0_BLACKLIST=2
2026-10-02 18:35:02,20265,12.2,5965,17,3445,4762,15503,UDP_GREYLIST=4330 UDP_ENTROPY=431 L0_BLACKLIST=1
2026-10-02 18:35:03,19452,13.15,6526,17,3307,5333,14119,UDP_GREYLIST=4902 UDP_ENTROPY=431
2026-10-02 18:35:04,19576,12.37,6411,9,1762,5698,13878,UDP_GREYLIST=5347 UDP_ENTROPY=345 WAR_REFLECTION=6
2026-10-02 18:35:05,19429,13.1,7315,5,971,5615,13814,UDP_GREYLIST=5373 UDP_ENTROPY=241 L0_BLACKLIST=1
2026-10-02 18:35:06,19113,12.09,6597,5,956,6040,13073,UDP_GREYLIST=5715 UDP_ENTROPY=325
2026-10-02 18:35:07,20206,13.45,6825,5,1010,5009,15197,UDP_GREYLIST=4728 UDP_ENTROPY=280 L0_BLACKLIST=1
2026-10-02 18:35:08,19053,12.61,6352,5,953,6551,12502,UDP_GREYLIST=6172 UDP_ENTROPY=378 L0_BLACKLIST=1
2026-10-02 18:35:09,20608,11.72,6715,6,1236,4643,15965,UDP_GREYLIST=4442 UDP_ENTROPY=201
2026-10-02 18:35:10,19235,13.37,6696,8,1539,6109,13126,UDP_GREYLIST=5733 UDP_ENTROPY=376
2026-10-02 18:35:11,20881,12.95,5796,19,3967,4804,16077,UDP_GREYLIST=4268 UDP_ENTROPY=536
2026-10-02 18:35:12,20906,13.98,5870,24,5017,4540,16366,UDP_GREYLIST=4040 UDP_ENTROPY=500
2026-10-02 18:35:13,19740,12.9,5845,16,3158,5711,14029,UDP_GREYLIST=5239 UDP_ENTROPY=472
2026-10-02 18:35:14,21179,12.13,6042,15,3177,4226,16953,UDP_GREYLIST=3933 UDP_ENTROPY=278 L2_UDP_CLOSED_PORT=15
2026-10-02 18:35:15,19184,14.19,5748,17,3261,16283,2901,L2_UDP_CLOSED_PORT=15980 UDP_ENTROPY=303
2026-10-02 18:35:16,20863,12.05,6053,17,3547,17471,3392,L2_UDP_CLOSED_PORT=17307 UDP_ENTROPY=164
2026-10-02 18:35:17,16405,11.11,6662,18,2953,13603,2802,L2_UDP_CLOSED_PORT=13395 UDP_ENTROPY=208
2026-10-02 18:35:18,1031,0.88,3,100,1031,9,1022,hb
2026-10-02 18:35:19,1588,7.23,3,99,1572,26,1562,TCP_OUT_OF_STATE=17 L0_BLACKLIST=6 L2_SYN_CLOSED_PORT=3
2026-10-02 18:35:48,673,0.41,1,100,673,1,672,hb
2026-10-02 18:35:49,759,0.49,8,96,729,30,729,TCP_OUT_OF_STATE=22 L2_SYN_CLOSED_PORT=6 L0_BLACKLIST=1 L2_UDP_CLOSED_PORT=1
2026-10-02 18:35:58,686,0.41,6,97,665,22,664,TCP_OUT_OF_STATE=10 L2_SYN_CLOSED_PORT=6 L2_UDP_CLOSED_PORT=5 L1_BOGON_SRC=1
2026-10-02 18:36:16,2265,4.66,749,61,1382,1225,1040,L2_UDP_CLOSED_PORT=887 UDP_ENTROPY=335 L2_SYN_CLOSED_PORT=3
2026-10-02 18:36:17,19759,12.53,4592,38,7508,12665,7094,L2_UDP_CLOSED_PORT=12323 UDP_ENTROPY=342
2026-10-02 18:36:18,18145,12.53,6802,26,4718,13899,4246,L2_UDP_CLOSED_PORT=13519 UDP_ENTROPY=380
2026-10-02 18:36:19,18417,12.48,7163,25,4604,14115,4302,L2_UDP_CLOSED_PORT=13741 UDP_ENTROPY=373 L2_SYN_CLOSED_PORT=1
2026-10-02 18:36:20,18479,11.75,6621,30,5544,13357,5122,L2_UDP_CLOSED_PORT=12981 UDP_ENTROPY=374 L2_SYN_CLOSED_PORT=2
2026-10-02 18:36:21,18212,11.37,6415,29,5281,13196,5016,L2_UDP_CLOSED_PORT=12951 UDP_ENTROPY=245
2026-10-02 18:36:22,18013,11.99,7618,19,3422,14782,3231,L2_UDP_CLOSED_PORT=14551 UDP_ENTROPY=231
2026-10-02 18:36:23,18041,11.66,7698,19,3428,14796,3245,L2_UDP_CLOSED_PORT=14574 UDP_ENTROPY=222
2026-10-02 18:36:24,18037,11.44,7401,17,3066,15162,2875,L2_UDP_CLOSED_PORT=14981 UDP_ENTROPY=181
2026-10-02 18:36:25,17604,11.37,7762,12,2112,15675,1929,L2_UDP_CLOSED_PORT=15573 UDP_ENTROPY=102
2026-10-02 18:36:26,17362,11.9,8868,4,694,16647,715,L2_UDP_CLOSED_PORT=16595 UDP_ENTROPY=51 L2_SYN_CLOSED_PORT=1
2026-10-02 18:36:27,17596,11.09,8699,5,880,16779,817,L2_UDP_CLOSED_PORT=16722 UDP_ENTROPY=57
2026-10-02 18:36:28,17482,10.85,8285,5,874,16639,843,L2_UDP_CLOSED_PORT=16603 UDP_ENTROPY=36
2026-10-02 18:36:29,17688,11.76,7143,20,3538,14365,3323,L2_UDP_CLOSED_PORT=14098 UDP_ENTROPY=267
2026-10-02 18:36:30,17565,11.98,7846,16,2810,14899,2666,L2_UDP_CLOSED_PORT=14704 UDP_ENTROPY=195
2026-10-02 18:36:31,17707,11.13,7804,15,2656,15155,2552,L2_UDP_CLOSED_PORT=14965 UDP_ENTROPY=190
2026-10-02 18:36:32,17520,10.81,7346,16,2803,14947,2573,L2_UDP_CLOSED_PORT=14778 UDP_ENTROPY=168 L2_SYN_CLOSED_PORT=1
2026-10-02 18:36:33,17122,11.53,7556,16,2740,14547,2575,L2_UDP_CLOSED_PORT=14330 UDP_ENTROPY=217
2026-10-02 18:36:34,16798,11.26,8448,10,1680,15210,1588,L2_UDP_CLOSED_PORT=15142 UDP_ENTROPY=68
2026-10-02 18:36:35,17706,10.81,9582,14,2479,15370,2336,L2_UDP_CLOSED_PORT=15258 UDP_ENTROPY=112
2026-10-02 18:36:36,17641,10.46,10192,13,2293,15493,2148,L2_UDP_CLOSED_PORT=15376 UDP_ENTROPY=117
2026-10-02 18:36:37,17126,10.15,9813,14,2398,14740,2386,L2_UDP_CLOSED_PORT=14646 UDP_ENTROPY=94
2026-10-02 18:36:38,17182,10.55,9543,19,3265,14094,3088,L2_UDP_CLOSED_PORT=13942 UDP_ENTROPY=152
2026-10-02 18:36:39,17143,10.35,9725,19,3257,14146,2997,L2_UDP_CLOSED_PORT=13970 UDP_ENTROPY=176
2026-10-02 18:36:40,17043,9.81,9908,13,2216,14921,2122,L2_UDP_CLOSED_PORT=14826 UDP_ENTROPY=95
2026-10-02 18:36:41,16940,10.04,9950,13,2202,14812,2128,L2_UDP_CLOSED_PORT=14715 UDP_ENTROPY=97
2026-10-02 18:36:42,17204,10.27,10339,12,2064,15338,1866,L2_UDP_CLOSED_PORT=15243 UDP_ENTROPY=95
2026-10-02 18:36:43,17334,10.08,10644,9,1560,15882,1452,L2_UDP_CLOSED_PORT=15831 UDP_ENTROPY=51
2026-10-02 18:36:44,15486,8.77,9903,5,774,14760,726,L2_UDP_CLOSED_PORT=14729 UDP_ENTROPY=31
2026-10-02 18:36:45,15187,8.59,9680,5,759,14470,717,L2_UDP_CLOSED_PORT=14443 UDP_ENTROPY=27
2026-10-02 18:36:46,16934,10.37,10253,5,847,16124,810,L2_UDP_CLOSED_PORT=16082 UDP_ENTROPY=42
2026-10-02 18:36:47,20440,13.17,8422,17,3475,17344,3096,L2_UDP_CLOSED_PORT=17052 UDP_ENTROPY=292
2026-10-02 18:36:48,20665,12.76,7691,18,3720,17105,3560,L2_UDP_CLOSED_PORT=16900 UDP_ENTROPY=205
2026-10-02 18:36:49,20230,13.76,7982,15,3034,17414,2816,L2_UDP_CLOSED_PORT=17183 UDP_ENTROPY=231
2026-10-02 18:36:50,20226,13.76,8399,16,3236,17233,2993,L2_UDP_CLOSED_PORT=16970 UDP_ENTROPY=263
2026-10-02 18:36:51,20129,12.75,8259,16,3221,17098,3031,L2_UDP_CLOSED_PORT=16883 UDP_ENTROPY=215
2026-10-02 18:36:52,19881,12.47,8143,12,2386,17572,2309,L2_UDP_CLOSED_PORT=17463 UDP_ENTROPY=108 L2_SYN_CLOSED_PORT=1
2026-10-02 18:36:53,18099,12.16,9061,0,0,18088,11,L2_UDP_CLOSED_PORT=18088
2026-10-02 18:36:54,17667,11.86,9431,0,0,17665,2,L2_UDP_CLOSED_PORT=17664 L2_SYN_CLOSED_PORT=1
2026-10-02 18:36:55,17569,10.93,8792,3,527,17043,526,L2_UDP_CLOSED_PORT=16994 UDP_ENTROPY=49
2026-10-02 18:36:56,17436,10.79,8055,7,1221,16209,1227,L2_UDP_CLOSED_PORT=16163 UDP_ENTROPY=46
2026-10-02 18:36:57,16951,11.49,8141,7,1187,15869,1082,L2_UDP_CLOSED_PORT=15780 UDP_ENTROPY=89
2026-10-02 18:36:58,16885,11.61,8471,7,1182,15812,1073,L2_UDP_CLOSED_PORT=15740 UDP_ENTROPY=71 L2_SYN_CLOSED_PORT=1
2026-10-02 18:36:59,16779,10.88,8349,6,1007,15760,1019,L2_UDP_CLOSED_PORT=15693 UDP_ENTROPY=67
2026-10-02 18:37:00,16122,10.13,7746,7,1129,15050,1072,L2_UDP_CLOSED_PORT=14995 UDP_ENTROPY=55
2026-10-02 18:37:01,15542,10.61,7786,6,933,14750,792,L2_UDP_CLOSED_PORT=14673 UDP_ENTROPY=77
2026-10-02 18:37:02,14491,9.34,7647,5,725,13829,662,L2_UDP_CLOSED_PORT=13792 UDP_ENTROPY=37
2026-10-02 18:37:03,15545,9.82,7522,5,777,14815,730,L2_UDP_CLOSED_PORT=14774 UDP_ENTROPY=40 L2_SYN_CLOSED_PORT=1
2026-10-02 18:37:04,12235,8.11,6380,5,612,11711,524,L2_UDP_CLOSED_PORT=11664 UDP_ENTROPY=39 L2_SYN_CLOSED_PORT=5 TCP_OUT_OF_STATE=2 L1_BOGON_SRC=1
2026-10-02 18:37:05,27,0.04,13,30,8,18,9,hb
2026-10-02 18:37:06,118,1.1,17,83,98,20,98,L2_SYN_CLOSED_PORT=20
2026-10-02 18:37:10,37,0.05,16,35,13,24,13,L2_SYN_CLOSED_PORT=18 TCP_OUT_OF_STATE=6
2026-10-02 18:37:12,27,0.01,18,7,2,25,2,L2_SYN_CLOSED_PORT=20 TCP_OUT_OF_STATE=5
2026-10-02 18:37:19,56,0.39,17,62,35,20,36,L2_SYN_CLOSED_PORT=19 TCP_OUT_OF_STATE=1
2026-10-02 18:37:20,54,0.02,44,2,1,53,1,L2_SYN_CLOSED_PORT=47 TCP_OUT_OF_STATE=6
2026-10-02 18:37:21,65,0.03,62,2,1,64,1,L2_SYN_CLOSED_PORT=64
2026-10-02 18:37:22,79,0.04,69,0,0,79,0,L2_SYN_CLOSED_PORT=78 TCP_OUT_OF_STATE=1
2026-10-02 18:37:23,45,0.03,39,9,4,41,4,L2_SYN_CLOSED_PORT=41
2026-10-02 18:37:24,23,0.01,20,4,1,22,1,L2_SYN_CLOSED_PORT=22
2026-10-02 18:37:26,59,0.39,22,59,35,24,35,L2_SYN_CLOSED_PORT=23 TCP_OUT_OF_STATE=1
2026-10-02 18:37:28,113,1.07,18,81,92,21,92,L2_SYN_CLOSED_PORT=20 TCP_OUT_OF_STATE=1
2026-10-02 18:37:30,22,0.02,18,5,1,21,1,L2_SYN_CLOSED_PORT=18 TCP_OUT_OF_STATE=2 L2_UDP_CLOSED_PORT=1
2026-10-02 18:37:34,24,0.01,18,4,1,22,2,L2_SYN_CLOSED_PORT=19 TCP_OUT_OF_STATE=3
2026-10-02 18:37:35,9,0.0,8,11,1,8,1,hb
2026-10-02 18:37:36,22,0.01,16,5,1,21,1,L2_SYN_CLOSED_PORT=18 TCP_OUT_OF_STATE=3
2026-10-02 18:37:38,25,0.02,18,16,4,21,4,L2_SYN_CLOSED_PORT=19 TCP_OUT_OF_STATE=2
2026-10-02 18:37:42,24,0.01,18,4,1,23,1,L2_SYN_CLOSED_PORT=19 TCP_OUT_OF_STATE=4
2026-10-02 18:37:49,11585,9.39,3458,36,4171,7826,3759,L2_UDP_CLOSED_PORT=7358 UDP_ENTROPY=462 L2_SYN_CLOSED_PORT=6
2026-10-02 18:37:50,18555,11.93,7508,19,3525,15329,3226,L2_UDP_CLOSED_PORT=15116 UDP_ENTROPY=213
2026-10-02 18:37:51,19008,12.9,5948,16,3041,16186,2822,L2_UDP_CLOSED_PORT=15926 UDP_ENTROPY=256 L2_SYN_CLOSED_PORT=4
2026-10-02 18:37:52,19289,12.25,5670,18,3472,16037,3252,L2_UDP_CLOSED_PORT=15834 UDP_ENTROPY=203
2026-10-02 18:37:53,20104,13.08,6549,19,3820,16630,3474,L2_UDP_CLOSED_PORT=16390 UDP_ENTROPY=238 TCP_OUT_OF_STATE=2
2026-10-02 18:37:54,20209,12.41,5928,17,3436,16930,3279,L2_UDP_CLOSED_PORT=16733 UDP_ENTROPY=196 L2_SYN_CLOSED_PORT=1
2026-10-02 18:37:55,19854,13.95,6758,18,3574,16587,3267,L2_UDP_CLOSED_PORT=16333 UDP_ENTROPY=252 L2_SYN_CLOSED_PORT=2
2026-10-02 18:37:56,20786,12.21,6012,16,3326,17601,3185,L2_UDP_CLOSED_PORT=17452 UDP_ENTROPY=149
2026-10-02 18:37:57,19384,13.98,6416,16,3101,16528,2856,L2_UDP_CLOSED_PORT=16261 UDP_ENTROPY=267
2026-10-02 18:37:58,20799,12.29,6053,16,3328,17648,3151,L2_UDP_CLOSED_PORT=17475 UDP_ENTROPY=168 TCP_OUT_OF_STATE=4 L2_SYN_CLOSED_PORT=1
2026-10-02 18:37:59,19163,13.17,5914,15,2874,16571,2592,L2_UDP_CLOSED_PORT=16378 UDP_ENTROPY=193
2026-10-02 18:38:00,20335,13.58,7649,1,203,20208,127,L2_UDP_CLOSED_PORT=20207 L2_SYN_CLOSED_PORT=1
2026-10-02 18:38:01,19560,12.35,6960,0,0,19544,16,L2_UDP_CLOSED_PORT=19544
2026-10-02 18:38:02,20124,13.19,7784,4,805,19383,741,L2_UDP_CLOSED_PORT=19325 UDP_ENTROPY=58
2026-10-02 18:38:03,19715,12.23,6985,0,0,19715,0,L2_UDP_CLOSED_PORT=19715
2026-10-02 18:38:04,19177,13.6,7928,0,0,19179,-2,L2_UDP_CLOSED_PORT=19178 L2_SYN_CLOSED_PORT=1
2026-10-02 18:38:05,18894,11.97,8490,0,0,18894,0,L2_UDP_CLOSED_PORT=18894
2026-10-02 18:38:06,17244,10.97,9281,0,0,17289,-45,L2_UDP_CLOSED_PORT=17289
2026-10-02 18:38:07,17703,11.32,8068,10,1770,16152,1551,L2_UDP_CLOSED_PORT=16017 UDP_ENTROPY=134 L2_SYN_CLOSED_PORT=1
2026-10-02 18:38:08,17346,10.9,7646,12,2082,15343,2003,L2_UDP_CLOSED_PORT=15249 UDP_ENTROPY=94
2026-10-02 18:38:09,17145,11.27,8224,12,2057,15304,1841,L2_UDP_CLOSED_PORT=15169 UDP_ENTROPY=135
2026-10-02 18:38:10,17379,11.41,9243,1,174,17284,95,L2_UDP_CLOSED_PORT=17250 UDP_ENTROPY=33 L1_BOGON_SRC=1
2026-10-02 18:38:11,17189,10.9,7966,11,1891,15365,1824,L2_UDP_CLOSED_PORT=15258 UDP_ENTROPY=107
2026-10-02 18:38:12,16330,10.09,7744,9,1470,14880,1450,L2_UDP_CLOSED_PORT=14813 UDP_ENTROPY=66 L2_SYN_CLOSED_PORT=1
2026-10-02 18:38:13,15717,10.35,8582,0,0,15675,42,L2_UDP_CLOSED_PORT=15675
2026-10-02 18:38:14,15641,10.29,8946,0,0,15638,3,L2_UDP_CLOSED_PORT=15638
2026-10-02 18:38:15,15695,9.8,8459,2,314,15420,275,L2_UDP_CLOSED_PORT=15393 UDP_ENTROPY=27
2026-10-02 18:38:16,15720,9.8,7863,5,786,15050,670,L2_UDP_CLOSED_PORT=15009 UDP_ENTROPY=41
2026-10-02 18:38:17,15562,9.98,7895,4,622,14963,599,L2_UDP_CLOSED_PORT=14932 UDP_ENTROPY=31
2026-10-02 18:38:18,15087,9.83,8152,4,603,14528,559,L2_UDP_CLOSED_PORT=14483 UDP_ENTROPY=45
2026-10-02 18:38:19,62,0.07,7,85,53,7,55,hb
2026-10-02 18:38:28,283,1.13,193,31,88,282,1,L2_UDP_CLOSED_PORT=188 UDP_ENTROPY=86 L2_SYN_CLOSED_PORT=8
2026-10-02 18:38:29,12860,8.81,5269,24,3086,9992,2868,L2_UDP_CLOSED_PORT=9786 UDP_ENTROPY=206
2026-10-02 18:38:30,13510,8.66,6712,15,2026,11550,1960,L2_UDP_CLOSED_PORT=11428 UDP_ENTROPY=122
2026-10-02 18:38:31,14022,8.61,6806,14,1963,12124,1898,L2_UDP_CLOSED_PORT=12024 UDP_ENTROPY=99 L2_SYN_CLOSED_PORT=1
2026-10-02 18:38:32,14197,9.45,7071,15,2130,12273,1924,L2_UDP_CLOSED_PORT=12106 UDP_ENTROPY=167
2026-10-02 18:38:33,14632,9.76,7961,8,1171,13557,1075,L2_UDP_CLOSED_PORT=13505 UDP_ENTROPY=52
2026-10-02 18:38:34,14951,9.47,8513,0,0,14965,-14,L2_UDP_CLOSED_PORT=14965
2026-10-02 18:38:35,14716,9.6,8066,2,294,14484,232,L2_UDP_CLOSED_PORT=14452 UDP_ENTROPY=31 L2_SYN_CLOSED_PORT=1
2026-10-02 18:38:36,14081,8.75,7808,0,0,14080,1,L2_UDP_CLOSED_PORT=14080
2026-10-02 18:38:37,13929,9.23,8224,0,0,13930,-1,L2_UDP_CLOSED_PORT=13929 L2_SYN_CLOSED_PORT=1
2026-10-02 18:38:38,13923,9.24,8323,0,0,13922,1,L2_UDP_CLOSED_PORT=13922
2026-10-02 18:38:39,14070,8.83,8283,0,0,14075,-5,L2_UDP_CLOSED_PORT=14074 L2_SYN_CLOSED_PORT=1
2026-10-02 18:38:40,14444,9.37,8152,0,0,14446,-2,L2_UDP_CLOSED_PORT=14445 L2_SYN_CLOSED_PORT=1
2026-10-02 18:38:41,14775,9.41,7979,0,0,14784,-9,L2_UDP_CLOSED_PORT=14784
2026-10-02 18:38:42,14583,9.63,8516,0,0,14607,-24,L2_UDP_CLOSED_PORT=14607
2026-10-02 18:38:43,14808,9.84,8654,0,0,14807,1,L2_UDP_CLOSED_PORT=14807
2026-10-02 18:38:44,14863,9.32,8398,0,0,14863,0,L2_UDP_CLOSED_PORT=14863
2026-10-02 18:38:45,14883,9.06,8128,0,0,14882,1,L2_UDP_CLOSED_PORT=14882
2026-10-02 18:38:46,13990,9.1,8001,0,0,13990,0,L2_UDP_CLOSED_PORT=13989 L2_SYN_CLOSED_PORT=1
2026-10-02 18:38:47,14125,9.15,8253,0,0,14137,-12,L2_UDP_CLOSED_PORT=14137
2026-10-02 18:38:48,14068,9.27,8356,1,141,13993,75,L2_UDP_CLOSED_PORT=13980 UDP_ENTROPY=12 L2_SYN_CLOSED_PORT=1
2026-10-02 18:38:49,14579,9.04,8156,4,583,13980,599,L2_UDP_CLOSED_PORT=13954 UDP_ENTROPY=26
2026-10-02 18:38:50,15234,9.63,8475,0,0,15232,2,L2_UDP_CLOSED_PORT=15232
2026-10-02 18:38:51,15463,9.28,8283,0,0,15474,-11,L2_UDP_CLOSED_PORT=15474
2026-10-02 18:38:52,15491,10.05,8315,0,0,15492,-1,L2_UDP_CLOSED_PORT=15492
2026-10-02 18:38:53,15515,9.92,8703,0,0,15525,-10,L2_UDP_CLOSED_PORT=15525
2026-10-02 18:38:54,15511,9.98,8837,0,0,15512,-1,L2_UDP_CLOSED_PORT=15512
2026-10-02 18:38:55,15219,9.28,8496,0,0,15225,-6,L2_UDP_CLOSED_PORT=15225
2026-10-02 18:38:56,11956,7.17,6914,0,0,11962,-6,L2_UDP_CLOSED_PORT=11962
2026-10-02 18:38:57,11800,7.22,6552,0,0,11805,-5,L2_UDP_CLOSED_PORT=11805
2026-10-02 18:38:58,8741,5.75,4983,1,87,8695,46,L2_UDP_CLOSED_PORT=8689 UDP_ENTROPY=5 L2_SYN_CLOSED_PORT=1
2026-10-02 18:38:59,14,0.04,6,57,8,6,8,hb
2026-10-02 18:39:15,13698,12.46,2951,24,3288,10879,2819,L2_UDP_CLOSED_PORT=10476 UDP_ENTROPY=403
2026-10-02 18:39:16,16795,11.1,5351,18,3023,13875,2920,L2_UDP_CLOSED_PORT=13699 UDP_ENTROPY=174 L2_SYN_CLOSED_PORT=1 L1_BOGON_SRC=1
2026-10-02 18:39:17,15549,10.39,5019,15,2332,13306,2243,L2_UDP_CLOSED_PORT=13148 UDP_ENTROPY=157 L2_SYN_CLOSED_PORT=1
2026-10-02 18:39:18,17336,11.25,5743,15,2600,14913,2423,L2_UDP_CLOSED_PORT=14758 UDP_ENTROPY=155
2026-10-02 18:39:19,18385,11.29,6007,14,2574,15954,2431,L2_UDP_CLOSED_PORT=15826 UDP_ENTROPY=128
2026-10-02 18:39:20,17749,12.43,5605,14,2485,15454,2295,L2_UDP_CLOSED_PORT=15205 UDP_ENTROPY=249
2026-10-02 18:39:21,16909,11.43,5103,17,2875,14215,2694,L2_UDP_CLOSED_PORT=14015 UDP_ENTROPY=199 L2_SYN_CLOSED_PORT=1
2026-10-02 18:39:22,17955,11.02,5946,14,2514,15523,2432,L2_UDP_CLOSED_PORT=15414 UDP_ENTROPY=109
2026-10-02 18:39:23,18759,11.2,5826,14,2626,16238,2521,L2_UDP_CLOSED_PORT=16115 UDP_ENTROPY=123
2026-10-02 18:39:24,19077,13.26,4833,14,2671,16528,2549,L2_UDP_CLOSED_PORT=16355 UDP_ENTROPY=173
2026-10-02 18:39:25,18882,13.14,5307,1,189,18617,265,L2_UDP_CLOSED_PORT=18607 UDP_ENTROPY=10
2026-10-02 18:39:26,19300,12.51,6211,0,0,19299,1,L2_UDP_CLOSED_PORT=19298 L2_SYN_CLOSED_PORT=1
2026-10-02 18:39:27,19662,14.08,6707,0,0,19668,-6,L2_UDP_CLOSED_PORT=19668
2026-10-02 18:39:28,20036,12.46,7036,0,0,20055,-19,L2_UDP_CLOSED_PORT=20054 L2_SYN_CLOSED_PORT=1
2026-10-02 18:39:29,18800,12.15,8343,0,0,18800,0,L2_UDP_CLOSED_PORT=18800
2026-10-02 18:39:30,16577,10.6,8942,0,0,16575,2,L2_UDP_CLOSED_PORT=16575
2026-10-02 18:39:31,17184,10.64,8645,0,0,17185,-1,L2_UDP_CLOSED_PORT=17185
2026-10-02 18:39:32,16772,11.28,8709,0,0,16785,-13,L2_UDP_CLOSED_PORT=16785
2026-10-02 18:39:33,17035,11.58,9081,0,0,17038,-3,L2_UDP_CLOSED_PORT=17038
2026-10-02 18:39:34,17267,11.04,8932,0,0,17280,-13,L2_UDP_CLOSED_PORT=17280
2026-10-02 18:39:35,17665,11.13,8688,0,0,17665,0,L2_UDP_CLOSED_PORT=17665
2026-10-02 18:39:36,17207,11.46,9084,0,0,17209,-2,L2_UDP_CLOSED_PORT=17209
2026-10-02 18:39:37,17507,11.63,9212,0,0,17518,-11,L2_UDP_CLOSED_PORT=17517 L2_SYN_CLOSED_PORT=1
2026-10-02 18:39:38,17617,11.3,8934,0,0,17616,1,L2_UDP_CLOSED_PORT=17615 L2_SYN_CLOSED_PORT=1
2026-10-02 18:39:39,16884,10.62,8539,0,0,16887,-3,L2_UDP_CLOSED_PORT=16887
2026-10-02 18:39:40,16241,10.89,8835,0,0,16241,0,L2_UDP_CLOSED_PORT=16241
2026-10-02 18:39:41,15859,10.06,8935,0,0,15893,-34,L2_UDP_CLOSED_PORT=15893
2026-10-02 18:39:42,15962,10.03,8331,0,0,15962,0,L2_UDP_CLOSED_PORT=15962
2026-10-02 18:39:43,15312,10.03,8080,0,0,15313,-1,L2_UDP_CLOSED_PORT=15313
2026-10-02 18:39:44,14990,10.15,8495,0,0,14987,3,L2_UDP_CLOSED_PORT=14986 L2_SYN_CLOSED_PORT=1
2026-10-02 18:39:45,13,0.04,5,62,8,5,8,hb
2026-10-02 18:40:15,72,0.05,2,97,70,2,70,hb
2026-10-02 18:40:24,24124,25.32,3970,16,3860,3907,20217,UDP_ENTROPY=3906 L2_SYN_CLOSED_PORT=1
2026-10-02 18:40:25,23889,14.6,6123,22,5256,6808,17081,UDP_GREYLIST=6417 UDP_ENTROPY=391
2026-10-02 18:40:26,22722,14.91,6768,10,2272,4630,18092,UDP_GREYLIST=4177 UDP_ENTROPY=453
2026-10-02 18:40:27,22607,14.31,6241,10,2261,4376,18231,UDP_GREYLIST=4063 UDP_ENTROPY=313
2026-10-02 18:40:28,22387,16.75,5753,10,2239,5253,17134,UDP_GREYLIST=4821 UDP_ENTROPY=428 WAR_REFLECTION=4
2026-10-02 18:40:29,20599,12.5,6858,6,1236,6835,13764,UDP_GREYLIST=6448 UDP_ENTROPY=387
2026-10-02 18:40:30,18109,12.28,8810,2,362,9463,8646,UDP_GREYLIST=9296 UDP_ENTROPY=166 L2_UDP_CLOSED_PORT=1
2026-10-02 18:40:31,18198,12.35,9382,2,364,9220,8978,UDP_GREYLIST=9049 UDP_ENTROPY=171
2026-10-02 18:40:32,18373,11.79,9244,2,367,8875,9498,UDP_GREYLIST=8714 UDP_ENTROPY=161
2026-10-02 18:40:33,18090,11.28,8795,2,362,8875,9215,UDP_GREYLIST=8710 UDP_ENTROPY=164 WAR_REFLECTION=1
2026-10-02 18:40:34,17518,11.95,9055,1,175,9419,8099,UDP_GREYLIST=9239 UDP_ENTROPY=179 WAR_REFLECTION=1
2026-10-02 18:40:35,17847,12.1,9375,2,357,9004,8843,UDP_GREYLIST=8835 UDP_ENTROPY=169
2026-10-02 18:40:36,17711,11.4,8966,2,354,8673,9038,UDP_GREYLIST=8537 UDP_ENTROPY=136
2026-10-02 18:40:37,17391,10.92,8616,2,348,8942,8449,UDP_GREYLIST=8805 UDP_ENTROPY=137
2026-10-02 18:40:38,17181,11.72,9096,2,344,9051,8130,UDP_GREYLIST=8879 UDP_ENTROPY=172
2026-10-02 18:40:39,17739,11.52,9213,2,355,8862,8877,UDP_GREYLIST=8729 UDP_ENTROPY=133
2026-10-02 18:40:40,17853,11.11,8706,2,357,8586,9267,UDP_GREYLIST=8430 UDP_ENTROPY=156
2026-10-02 18:40:41,17018,11.76,8688,1,170,9207,7811,UDP_GREYLIST=9057 UDP_ENTROPY=150
2026-10-02 18:40:42,17008,11.65,9129,2,340,8791,8217,UDP_GREYLIST=8635 UDP_ENTROPY=156
2026-10-02 18:40:43,17449,11.29,8601,2,349,8335,9114,UDP_GREYLIST=8111 UDP_ENTROPY=224
2026-10-02 18:40:44,21210,13.23,6970,7,1485,4835,16375,UDP_GREYLIST=4509 UDP_ENTROPY=326
2026-10-02 18:40:45,21676,13.66,6375,9,1951,4449,17227,UDP_GREYLIST=4125 UDP_ENTROPY=324
2026-10-02 18:40:46,20159,15.07,5878,8,1613,5368,14791,UDP_GREYLIST=5017 UDP_ENTROPY=351
2026-10-02 18:40:47,20077,12.99,6071,7,1405,5752,14325,UDP_GREYLIST=5381 UDP_ENTROPY=367 WAR_REFLECTION=4
2026-10-02 18:40:48,20480,15.05,6779,7,1434,5653,14827,UDP_GREYLIST=4916 UDP_ENTROPY=737
2026-10-02 18:40:49,21109,12.8,6953,8,1689,4763,16346,UDP_GREYLIST=4451 UDP_ENTROPY=312
2026-10-02 18:40:50,21276,12.79,6851,9,1915,4475,16801,UDP_GREYLIST=4231 UDP_ENTROPY=244
2026-10-02 18:40:51,21189,13.48,6392,10,2119,4443,16746,UDP_GREYLIST=4131 UDP_ENTROPY=312
2026-10-02 18:40:52,20702,14.92,5863,9,1863,5097,15605,UDP_GREYLIST=4737 UDP_ENTROPY=360
2026-10-02 18:40:53,15344,8.56,3835,8,1228,3575,11769,UDP_GREYLIST=3285 UDP_ENTROPY=290
2026-10-02 18:40:54,75,0.35,2,77,58,1,74,hb
2026-10-02 18:41:20,6438,7.23,1901,44,2833,1217,5221,UDP_ENTROPY=1217
2026-10-02 18:41:21,16391,10.74,7058,26,4262,1058,15333,UDP_ENTROPY=1058
2026-10-02 18:41:22,18310,12.14,5737,24,4394,6406,11904,UDP_GREYLIST=5992 UDP_ENTROPY=409 WAR_REFLECTION=5
2026-10-02 18:41:23,19501,12.99,5637,18,3510,5262,14239,UDP_GREYLIST=4770 UDP_ENTROPY=492
2026-10-02 18:41:24,19191,11.44,6617,9,1727,5190,14001,UDP_GREYLIST=5000 UDP_ENTROPY=190
2026-10-02 18:41:25,18199,12.7,6494,8,1456,7009,11190,UDP_GREYLIST=6640 UDP_ENTROPY=369
2026-10-02 18:41:26,18502,17.33,8404,8,1480,7502,11000,UDP_GREYLIST=6771 UDP_ENTROPY=731
2026-10-02 18:41:27,18385,17.06,7514,8,1471,7474,10911,UDP_GREYLIST=6880 UDP_ENTROPY=594
2026-10-02 18:41:28,21095,14.99,6680,11,2320,5027,16068,UDP_GREYLIST=4613 UDP_ENTROPY=413 L1_BOGON_SRC=1
2026-10-02 18:41:29,19781,16.76,7220,10,1978,6656,13125,UDP_GREYLIST=6144 UDP_ENTROPY=507 WAR_REFLECTION=5
2026-10-02 18:41:30,20705,15.52,6785,8,1656,5724,14981,UDP_GREYLIST=5104 UDP_ENTROPY=619 L2_UDP_CLOSED_PORT=1
2026-10-02 18:41:31,19822,17.1,7510,4,793,6316,13506,UDP_GREYLIST=5722 UDP_ENTROPY=591 WAR_REFLECTION=3
2026-10-02 18:41:32,19944,15.8,6795,4,798,6157,13787,UDP_GREYLIST=5449 UDP_ENTROPY=708
2026-10-02 18:41:33,19983,16.6,7107,4,799,5417,14566,UDP_GREYLIST=5005 UDP_ENTROPY=412
2026-10-02 18:41:34,19716,16.72,6657,4,789,6852,12864,UDP_GREYLIST=6074 UDP_ENTROPY=777 WAR_REFLECTION=1
2026-10-02 18:41:35,20904,14.86,6679,4,836,4881,16023,UDP_GREYLIST=4403 UDP_ENTROPY=478
2026-10-02 18:41:36,18735,18.34,6210,4,749,7205,11530,UDP_GREYLIST=6439 UDP_ENTROPY=766
2026-10-02 18:41:37,20424,14.53,6797,4,817,5106,15318,UDP_GREYLIST=4737 UDP_ENTROPY=369
2026-10-02 18:41:38,19109,15.76,7115,4,764,6530,12579,UDP_GREYLIST=6199 UDP_ENTROPY=331
2026-10-02 18:41:39,20200,16.45,6910,4,808,5748,14452,UDP_GREYLIST=5011 UDP_ENTROPY=737
2026-10-02 18:41:40,18274,18.19,7131,4,731,7558,10716,UDP_GREYLIST=6747 UDP_ENTROPY=811
2026-10-02 18:41:41,19663,15.68,7376,4,787,5865,13798,UDP_GREYLIST=5493 UDP_ENTROPY=372
2026-10-02 18:41:42,21017,17.59,6312,4,841,6288,14729,UDP_GREYLIST=5532 UDP_ENTROPY=756
2026-10-02 18:41:43,18909,16.53,7653,4,756,6395,12514,UDP_GREYLIST=5762 UDP_ENTROPY=633
2026-10-02 18:41:44,18925,15.63,6722,4,757,6522,12403,UDP_GREYLIST=5915 UDP_ENTROPY=607
2026-10-02 18:41:45,17794,18.22,7966,4,712,7455,10339,UDP_GREYLIST=6720 UDP_ENTROPY=735
2026-10-02 18:41:46,18561,16.34,7619,4,742,6485,12076,UDP_GREYLIST=6093 UDP_ENTROPY=392
2026-10-02 18:41:47,18229,15.56,6933,5,911,6247,11982,UDP_GREYLIST=5735 UDP_ENTROPY=512
2026-10-02 18:41:48,18059,14.37,5942,16,2889,6404,11655,UDP_GREYLIST=5847 UDP_ENTROPY=557
2026-10-02 18:41:49,17600,14.71,5723,18,3168,6528,11072,UDP_GREYLIST=5824 UDP_ENTROPY=704
2026-10-02 18:41:50,5684,6.03,2810,19,1080,2750,2934,UDP_GREYLIST=2413 UDP_ENTROPY=336 WAR_REFLECTION=1
2026-10-02 18:41:51,75,0.04,1,99,74,0,75,hb
2026-10-02 18:42:19,12261,14.27,2033,51,6253,2350,9911,UDP_ENTROPY=2350
2026-10-02 18:42:20,21729,13.09,4436,42,9126,5124,16605,UDP_GREYLIST=4581 UDP_ENTROPY=543
2026-10-02 18:42:21,21695,12.74,4879,31,6725,3535,18160,UDP_GREYLIST=3124 UDP_ENTROPY=411
2026-10-02 18:42:22,20673,15.83,4561,30,6202,5188,15485,UDP_GREYLIST=4289 UDP_ENTROPY=899
2026-10-02 18:42:23,20920,14.82,4798,35,7322,4706,16214,UDP_GREYLIST=3851 UDP_ENTROPY=853 WAR_REFLECTION=2
2026-10-02 18:42:24,21137,13.08,5596,27,5707,4294,16843,UDP_GREYLIST=3849 UDP_ENTROPY=445
2026-10-02 18:42:25,21445,13.56,5852,20,4289,4036,17409,UDP_GREYLIST=3643 UDP_ENTROPY=393
2026-10-02 18:42:26,21202,14.57,5311,22,4664,4399,16803,UDP_GREYLIST=3837 UDP_ENTROPY=562
2026-10-02 18:42:27,20347,13.97,5205,20,4069,5538,14809,UDP_GREYLIST=5057 UDP_ENTROPY=481
2026-10-02 18:42:28,20670,14.42,5993,14,2894,5034,15636,UDP_GREYLIST=4451 UDP_ENTROPY=583
2026-10-02 18:42:29,21541,13.54,6343,13,2800,4384,17157,UDP_GREYLIST=3889 UDP_ENTROPY=495
2026-10-02 18:42:30,22000,14.33,6084,18,3960,3993,18007,UDP_GREYLIST=3411 UDP_ENTROPY=581 L2_UDP_CLOSED_PORT=1
2026-10-02 18:42:31,22225,14.27,5763,18,4000,3929,18296,UDP_GREYLIST=3355 UDP_ENTROPY=574
2026-10-02 18:42:32,17974,12.25,8029,16,2876,7830,10144,UDP_GREYLIST=7488 UDP_ENTROPY=341 WAR_REFLECTION=1
2026-10-02 18:42:33,17881,11.59,8859,4,715,8501,9380,UDP_GREYLIST=8314 UDP_ENTROPY=186 WAR_REFLECTION=1
2026-10-02 18:42:34,17991,11.37,8439,4,720,8356,9635,UDP_GREYLIST=8156 UDP_ENTROPY=199 L1_BOGON_SRC=1
2026-10-02 18:42:35,17237,11.47,8240,4,689,8946,8291,UDP_GREYLIST=8741 UDP_ENTROPY=205
2026-10-02 18:42:36,17235,11.58,8841,5,862,8630,8605,UDP_GREYLIST=8454 UDP_ENTROPY=176
2026-10-02 18:42:37,17197,10.85,8860,4,688,8527,8670,UDP_GREYLIST=8369 UDP_ENTROPY=158
2026-10-02 18:42:38,17697,11.34,8426,4,708,8353,9344,UDP_GREYLIST=8160 UDP_ENTROPY=193
2026-10-02 18:42:39,17205,10.99,8276,4,688,8809,8396,UDP_GREYLIST=8625 UDP_ENTROPY=184
2026-10-02 18:42:40,17095,11.46,8844,4,684,8890,8205,UDP_GREYLIST=8702 UDP_ENTROPY=188
2026-10-02 18:42:41,17289,11.35,8976,4,692,8508,8781,UDP_GREYLIST=8338 UDP_ENTROPY=170
2026-10-02 18:42:42,17237,11.1,8184,9,1551,8000,9237,UDP_GREYLIST=7773 UDP_ENTROPY=227
2026-10-02 18:42:43,16717,10.42,7115,17,2842,7502,9215,UDP_GREYLIST=7244 UDP_ENTROPY=258
2026-10-02 18:42:44,15912,10.57,7305,18,2864,7425,8487,UDP_GREYLIST=7129 UDP_ENTROPY=295 WAR_REFLECTION=1
2026-10-02 18:42:45,15753,10.58,7213,19,2993,7126,8627,UDP_GREYLIST=6822 UDP_ENTROPY=304
2026-10-02 18:42:46,15787,9.99,7180,17,2684,7069,8718,UDP_GREYLIST=6859 UDP_ENTROPY=210
2026-10-02 18:42:47,15428,9.5,8264,0,0,8396,7032,UDP_GREYLIST=8311 UDP_ENTROPY=85
2026-10-02 18:42:48,15147,10.0,8438,0,0,8629,6518,UDP_GREYLIST=8526 UDP_ENTROPY=103
2026-10-02 18:42:49,2475,1.69,1850,5,124,900,1575,UDP_GREYLIST=897 UDP_ENTROPY=3
2026-10-02 18:42:50,159,0.1,8,95,151,0,159,hb
2026-10-02 18:43:02,12007,9.28,2884,54,6484,1157,10850,UDP_ENTROPY=1157
2026-10-02 18:43:03,13398,9.28,5140,38,5091,5738,7660,UDP_GREYLIST=5292 UDP_ENTROPY=445 WAR_REFLECTION=1
2026-10-02 18:43:04,14215,9.28,5241,37,5260,5351,8864,UDP_GREYLIST=4961 UDP_ENTROPY=389 WAR_REFLECTION=1
2026-10-02 18:43:05,15824,10.56,4684,31,4905,5156,10668,UDP_GREYLIST=4663 UDP_ENTROPY=493
2026-10-02 18:43:06,18273,11.07,4935,32,5847,3730,14543,UDP_GREYLIST=3286 UDP_ENTROPY=444
2026-10-02 18:43:07,16107,12.79,6117,23,3705,5460,10647,UDP_GREYLIST=5012 UDP_ENTROPY=448
2026-10-02 18:43:08,16413,13.83,5941,17,2790,5297,11116,UDP_GREYLIST=4735 UDP_ENTROPY=562
2026-10-02 18:43:09,15719,14.9,5467,21,3301,6308,9411,UDP_GREYLIST=5470 UDP_ENTROPY=838
2026-10-02 18:43:10,15701,14.92,6216,21,3297,6118,9583,UDP_GREYLIST=5411 UDP_ENTROPY=706 WAR_REFLECTION=1
2026-10-02 18:43:11,15063,14.09,7315,8,1205,7271,7792,UDP_GREYLIST=6895 UDP_ENTROPY=374 WAR_REFLECTION=2
2026-10-02 18:43:12,14537,14.48,7315,6,872,7903,6634,UDP_GREYLIST=7543 UDP_ENTROPY=360
2026-10-02 18:43:13,15485,14.67,7782,7,1084,7740,7745,UDP_GREYLIST=7244 UDP_ENTROPY=496
2026-10-02 18:43:14,15735,13.65,7669,6,944,7282,8453,UDP_GREYLIST=6871 UDP_ENTROPY=410 WAR_REFLECTION=1
2026-10-02 18:43:15,14913,14.64,7489,6,895,7774,7139,UDP_GREYLIST=7347 UDP_ENTROPY=427
2026-10-02 18:43:16,14897,13.78,7592,6,894,7771,7126,UDP_GREYLIST=7313 UDP_ENTROPY=458
2026-10-02 18:43:17,15794,13.19,7690,7,1106,7437,8357,UDP_GREYLIST=7073 UDP_ENTROPY=364
2026-10-02 18:43:18,15227,15.43,7393,6,914,8180,7047,UDP_GREYLIST=7739 UDP_ENTROPY=441
2026-10-02 18:43:19,15898,14.11,7944,6,954,7757,8141,UDP_GREYLIST=7337 UDP_ENTROPY=420
2026-10-02 18:43:20,16602,13.66,8304,6,996,7952,8650,UDP_GREYLIST=7674 UDP_ENTROPY=278
2026-10-02 18:43:21,16889,10.38,8304,5,844,8386,8503,UDP_GREYLIST=8210 UDP_ENTROPY=176
2026-10-02 18:43:22,16734,10.93,7503,13,2175,8081,8653,UDP_GREYLIST=7819 UDP_ENTROPY=262
2026-10-02 18:43:23,16405,10.58,7494,19,3117,7545,8860,UDP_GREYLIST=7289 UDP_ENTROPY=256
2026-10-02 18:43:24,16180,10.62,7604,19,3074,7368,8812,UDP_GREYLIST=7083 UDP_ENTROPY=284 WAR_REFLECTION=1
2026-10-02 18:43:25,16064,9.93,7243,20,3213,7081,8983,UDP_GREYLIST=6848 UDP_ENTROPY=233
2026-10-02 18:43:26,15790,9.84,7406,12,1895,7587,8203,UDP_GREYLIST=7414 UDP_ENTROPY=172
2026-10-02 18:43:27,15326,9.79,8204,1,153,8681,6645,UDP_GREYLIST=8573 UDP_ENTROPY=108
2026-10-02 18:43:28,15171,9.94,8598,1,152,8628,6543,UDP_GREYLIST=8514 UDP_ENTROPY=114
2026-10-02 18:43:29,15148,10.08,8698,1,151,8372,6776,UDP_GREYLIST=8263 UDP_ENTROPY=109
2026-10-02 18:43:30,15456,9.55,8516,1,155,8277,7179,UDP_GREYLIST=8212 UDP_ENTROPY=64 L2_UDP_CLOSED_PORT=1
2026-10-02 18:43:31,12034,7.5,6490,1,120,6328,5706,UDP_GREYLIST=6228 UDP_ENTROPY=100
2026-10-02 18:43:32,988,2.0,8,97,958,1,987,hb
2026-10-02 18:44:02,1423,0.71,0,100,1423,0,1423,hb
2026-10-02 18:44:11,11240,9.28,1417,67,7531,1029,10211,UDP_ENTROPY=1029
2026-10-02 18:44:12,18786,12.35,5799,43,8078,1270,17516,UDP_ENTROPY=1270
2026-10-02 18:44:13,18474,12.12,5878,42,7759,6694,11780,UDP_GREYLIST=6152 UDP_ENTROPY=541 WAR_REFLECTION=1
2026-10-02 18:44:14,18484,11.62,6317,35,6469,6357,12127,UDP_GREYLIST=5896 UDP_ENTROPY=461
2026-10-02 18:44:15,18496,11.42,6589,28,5179,6958,11538,UDP_GREYLIST=6572 UDP_ENTROPY=386
2026-10-02 18:44:16,18645,13.63,6236,27,5034,6709,11936,UDP_GREYLIST=6137 UDP_ENTROPY=572
2026-10-02 18:44:17,24864,13.8,2947,36,8951,2800,22064,UDP_GREYLIST=2301 UDP_ENTROPY=499
2026-10-02 18:44:18,17538,11.76,7143,21,3683,7829,9709,UDP_GREYLIST=7465 UDP_ENTROPY=362 WAR_REFLECTION=2
2026-10-02 18:44:19,17210,11.6,8454,11,1893,8381,8829,UDP_GREYLIST=8135 UDP_ENTROPY=245 WAR_REFLECTION=1
2026-10-02 18:44:20,17408,11.1,8366,11,1915,8122,9286,UDP_GREYLIST=7928 UDP_ENTROPY=193 WAR_REFLECTION=1
2026-10-02 18:44:21,17213,11.21,8114,11,1893,8106,9107,UDP_GREYLIST=7862 UDP_ENTROPY=243 WAR_REFLECTION=1
2026-10-02 18:44:22,17016,10.53,7830,10,1702,8179,8837,UDP_GREYLIST=7953 UDP_ENTROPY=226
2026-10-02 18:44:23,16957,11.06,8153,11,1865,8373,8584,UDP_GREYLIST=8154 UDP_ENTROPY=219
2026-10-02 18:44:24,17586,11.55,8585,11,1934,8514,9072,UDP_GREYLIST=8266 UDP_ENTROPY=248
2026-10-02 18:44:25,17631,10.98,8678,10,1763,8282,9349,UDP_GREYLIST=8100 UDP_ENTROPY=182
2026-10-02 18:44:26,17673,11.36,8229,9,1591,8156,9517,UDP_GREYLIST=7940 UDP_ENTROPY=216
2026-10-02 18:44:27,17369,10.66,7998,8,1390,8386,8983,UDP_GREYLIST=8222 UDP_ENTROPY=164
2026-10-02 18:44:28,16997,11.26,7737,14,2380,7896,9101,UDP_GREYLIST=7592 UDP_ENTROPY=304
2026-10-02 18:44:29,16760,11.13,7396,21,3520,7284,9476,UDP_GREYLIST=6953 UDP_ENTROPY=331
2026-10-02 18:44:30,16481,10.25,7212,20,3296,7016,9465,UDP_GREYLIST=6749 UDP_ENTROPY=266 L2_UDP_CLOSED_PORT=1
2026-10-02 18:44:31,16340,10.36,6691,23,3758,6881,9459,UDP_GREYLIST=6559 UDP_ENTROPY=322
2026-10-02 18:44:32,15800,10.3,7048,16,2528,7639,8161,UDP_GREYLIST=7379 UDP_ENTROPY=260
2026-10-02 18:44:33,15666,10.18,8523,5,783,8494,7172,UDP_GREYLIST=8335 UDP_ENTROPY=159
2026-10-02 18:44:34,15597,10.38,8633,5,780,8317,7280,UDP_GREYLIST=8175 UDP_ENTROPY=142
2026-10-02 18:44:35,15716,9.9,8377,5,786,8235,7481,UDP_GREYLIST=8115 UDP_ENTROPY=120
2026-10-02 18:44:36,15564,9.59,8056,4,623,8191,7373,UDP_GREYLIST=8058 UDP_ENTROPY=133
2026-10-02 18:44:37,13427,9.19,7113,4,537,7411,6016,UDP_GREYLIST=7283 UDP_ENTROPY=128
2026-10-02 18:44:38,11694,7.78,6718,2,234,6479,5215,UDP_GREYLIST=6364 UDP_ENTROPY=115
2026-10-02 18:44:39,11708,7.9,6748,2,234,6460,5248,UDP_GREYLIST=6385 UDP_ENTROPY=75
2026-10-02 18:44:40,11827,7.14,6766,2,237,6715,5112,UDP_GREYLIST=6639 UDP_ENTROPY=74 WAR_REFLECTION=2
2026-10-02 18:44:41,5932,7.94,2634,30,1780,2376,3556,UDP_GREYLIST=2351 UDP_ENTROPY=25
2026-10-02 18:44:42,1800,2.7,6,99,1782,23,1777,UDP_ENTROPY=23
2026-10-02 18:44:43,1735,1.86,13,99,1718,37,1698,UDP_ENTROPY=23 UDP_GREYLIST=10 L0_BLACKLIST=4
2026-10-02 18:44:44,19837,14.31,2073,53,10514,3125,16712,UDP_GREYLIST=2091 UDP_ENTROPY=1031 L0_BLACKLIST=3
2026-10-02 18:44:45,17311,12.31,3806,39,6751,4070,13241,UDP_GREYLIST=3443 UDP_ENTROPY=623 L0_BLACKLIST=4
2026-10-02 18:44:46,17383,11.34,4194,35,6084,3995,13388,UDP_GREYLIST=3546 UDP_ENTROPY=444 L0_BLACKLIST=4 L1_BOGON_SRC=1
2026-10-02 18:44:47,18565,13.07,4520,37,6869,4044,14521,UDP_GREYLIST=3192 UDP_ENTROPY=848 L0_BLACKLIST=2 WAR_REFLECTION=2
2026-10-02 18:44:48,19066,11.87,4403,41,7817,3371,15695,UDP_GREYLIST=2781 UDP_ENTROPY=586 WAR_REFLECTION=2 L0_BLACKLIST=2
2026-10-02 18:44:49,19230,13.05,4593,37,7115,3665,15565,UDP_GREYLIST=2975 UDP_ENTROPY=687 L0_BLACKLIST=3
2026-10-02 18:44:50,19400,11.46,4404,39,7566,3097,16303,UDP_GREYLIST=2706 UDP_ENTROPY=391
2026-10-02 18:44:51,16874,12.37,3762,41,6918,4088,12786,UDP_GREYLIST=3370 UDP_ENTROPY=715 L0_BLACKLIST=3
2026-10-02 18:44:52,16945,12.08,4315,36,6100,4256,12689,UDP_GREYLIST=3622 UDP_ENTROPY=634
2026-10-02 18:44:53,18146,10.88,5242,29,5262,4078,14068,UDP_GREYLIST=3717 UDP_ENTROPY=361
2026-10-02 18:44:54,18652,11.31,5290,27,5036,3657,14995,UDP_GREYLIST=3340 UDP_ENTROPY=316 L0_BLACKLIST=1
2026-10-02 18:44:55,18767,11.43,4573,29,5442,3380,15387,UDP_GREYLIST=2942 UDP_ENTROPY=438
2026-10-02 18:44:56,17434,12.75,3526,42,7322,4032,13402,UDP_GREYLIST=3299 UDP_ENTROPY=732 WAR_REFLECTION=1
2026-10-02 18:44:57,18061,12.25,4755,25,4515,4507,13554,UDP_GREYLIST=3897 UDP_ENTROPY=607 WAR_REFLECTION=3
2026-10-02 18:44:58,18696,11.87,5736,18,3365,4446,14250,UDP_GREYLIST=4084 UDP_ENTROPY=362
2026-10-02 18:44:59,19295,11.8,6384,11,2122,4316,14979,UDP_GREYLIST=3974 UDP_ENTROPY=339 WAR_REFLECTION=3
2026-10-02 18:45:00,19300,11.93,6306,10,1930,4126,15174,UDP_GREYLIST=3820 UDP_ENTROPY=303 L0_BLACKLIST=1 WAR_REFLECTION=1 L2_UDP_CLOSED_PORT=1
2026-10-02 18:45:01,19386,12.07,5896,9,1745,4057,15329,UDP_GREYLIST=3755 UDP_ENTROPY=302
2026-10-02 18:45:02,18094,13.47,5404,10,1809,5059,13035,UDP_GREYLIST=4665 UDP_ENTROPY=394
2026-10-02 18:45:03,18209,12.02,5546,12,2185,5107,13102,UDP_GREYLIST=4731 UDP_ENTROPY=376
2026-10-02 18:45:04,16662,10.17,7108,14,2333,5997,10665,UDP_GREYLIST=5681 UDP_ENTROPY=312 WAR_REFLECTION=4
2026-10-02 18:45:05,14628,9.66,7825,10,1463,7647,6981,UDP_GREYLIST=7477 UDP_ENTROPY=170
2026-10-02 18:45:06,14955,9.22,7763,10,1496,7587,7368,UDP_GREYLIST=7437 UDP_ENTROPY=150
2026-10-02 18:45:07,15610,9.96,7501,11,1717,7726,7884,UDP_GREYLIST=7548 UDP_ENTROPY=177 L0_BLACKLIST=1
2026-10-02 18:45:08,15449,9.89,7671,9,1390,8155,7294,UDP_GREYLIST=7987 UDP_ENTROPY=167 L0_BLACKLIST=1
2026-10-02 18:45:09,15604,10.29,8313,7,1092,8387,7217,UDP_GREYLIST=8214 UDP_ENTROPY=173
2026-10-02 18:45:10,15640,10.36,8484,6,938,8298,7342,UDP_GREYLIST=8133 UDP_ENTROPY=165
2026-10-02 18:45:11,15509,9.72,8429,6,931,8271,7238,UDP_GREYLIST=8146 UDP_ENTROPY=125
2026-10-02 18:45:12,16062,10.39,8112,7,1124,8181,7881,UDP_GREYLIST=8031 UDP_ENTROPY=150
2026-10-02 18:45:13,13592,9.89,6953,9,1223,7265,6327,UDP_GREYLIST=7118 UDP_ENTROPY=145 WAR_REFLECTION=1 TCP_OUT_OF_STATE=1
2026-10-02 18:45:14,1751,1.98,1,99,1733,8,1743,hb
2026-10-02 18:45:38,11115,8.7,2758,54,6002,1103,10012,UDP_ENTROPY=1103
2026-10-02 18:45:39,13449,8.93,5114,39,5245,5705,7744,UDP_GREYLIST=5291 UDP_ENTROPY=414
2026-10-02 18:45:40,14538,9.18,5451,37,5379,5592,8946,UDP_GREYLIST=5215 UDP_ENTROPY=376 L0_BLACKLIST=1
2026-10-02 18:45:41,15541,9.8,5172,39,6061,5421,10120,UDP_GREYLIST=5023 UDP_ENTROPY=398
2026-10-02 18:45:42,15512,10.23,6025,28,4343,6643,8869,UDP_GREYLIST=6277 UDP_ENTROPY=365 L0_BLACKLIST=1
2026-10-02 18:45:43,15695,10.49,6414,29,4552,6561,9134,UDP_GREYLIST=6121 UDP_ENTROPY=440
2026-10-02 18:45:44,16315,10.76,7608,17,2774,7604,8711,UDP_GREYLIST=7321 UDP_ENTROPY=281 WAR_REFLECTION=1 L0_BLACKLIST=1
2026-10-02 18:45:45,17214,11.16,8068,9,1549,7962,9252,UDP_GREYLIST=7730 UDP_ENTROPY=230 WAR_REFLECTION=2
2026-10-02 18:45:46,17387,10.82,7403,16,2782,7716,9671,UDP_GREYLIST=7446 UDP_ENTROPY=269 WAR_REFLECTION=1
2026-10-02 18:45:47,17147,11.46,7979,13,2229,8184,8963,UDP_GREYLIST=7911 UDP_ENTROPY=273
2026-10-02 18:45:48,17365,11.77,8348,11,1910,8081,9284,UDP_GREYLIST=7808 UDP_ENTROPY=273
2026-10-02 18:45:49,17393,10.94,8110,13,2261,7929,9464,UDP_GREYLIST=7675 UDP_ENTROPY=254
2026-10-02 18:45:50,17993,11.19,7815,13,2339,8047,9946,UDP_GREYLIST=7791 UDP_ENTROPY=256
2026-10-02 18:45:51,17368,11.63,8223,9,1563,8630,8738,UDP_GREYLIST=8370 UDP_ENTROPY=260
2026-10-02 18:45:52,17408,11.86,8631,9,1567,8504,8904,UDP_GREYLIST=8246 UDP_ENTROPY=257 L1_BOGON_SRC=1
2026-10-02 18:45:53,17671,11.18,8652,7,1237,8326,9345,UDP_GREYLIST=8130 UDP_ENTROPY=195 L0_BLACKLIST=1
2026-10-02 18:45:54,17547,10.9,8115,8,1404,8112,9435,UDP_GREYLIST=7920 UDP_ENTROPY=192
2026-10-02 18:45:55,16535,10.99,7894,8,1323,8550,7985,UDP_GREYLIST=8326 UDP_ENTROPY=224
2026-10-02 18:45:56,16166,11.09,8241,9,1455,8231,7935,UDP_GREYLIST=7986 UDP_ENTROPY=244 WAR_REFLECTION=1
2026-10-02 18:45:57,15979,10.19,8137,9,1438,7807,8172,UDP_GREYLIST=7622 UDP_ENTROPY=185
2026-10-02 18:45:58,15931,10.26,7738,9,1434,7746,8185,UDP_GREYLIST=7544 UDP_ENTROPY=202
2026-10-02 18:45:59,15308,9.98,7636,8,1225,8140,7168,UDP_GREYLIST=7968 UDP_ENTROPY=172
2026-10-02 18:46:00,15229,10.81,8094,8,1218,8153,7076,UDP_GREYLIST=7928 UDP_ENTROPY=224 L2_UDP_CLOSED_PORT=1
2026-10-02 18:46:01,16208,14.93,7503,10,1621,7417,8791,UDP_GREYLIST=6824 UDP_ENTROPY=591 L0_BLACKLIST=2
2026-10-02 18:46:02,16573,17.24,7609,11,1823,7165,9408,UDP_GREYLIST=6465 UDP_ENTROPY=698 L0_BLACKLIST=2
2026-10-02 18:46:03,16609,15.65,7626,10,1661,7212,9397,UDP_GREYLIST=6682 UDP_ENTROPY=530
2026-10-02 18:46:04,14553,13.63,6671,10,1455,6035,8518,UDP_GREYLIST=5586 UDP_ENTROPY=447 L0_BLACKLIST=2
2026-10-02 18:46:05,10571,8.48,5416,6,634,5270,5301,UDP_GREYLIST=4947 UDP_ENTROPY=323
2026-10-02 18:46:06,9741,7.97,4887,7,682,4761,4980,UDP_GREYLIST=4503 UDP_ENTROPY=255 WAR_REFLECTION=3
2026-10-02 18:46:07,10578,10.53,5001,7,740,4874,5704,UDP_GREYLIST=4509 UDP_ENTROPY=364 L0_BLACKLIST=1
2026-10-02 18:46:08,2323,3.35,496,77,1789,226,2097,UDP_GREYLIST=217 L0_BLACKLIST=5 UDP_ENTROPY=4
2026-10-02 18:46:09,1871,1.24,4,99,1852,13,1858,hb
2026-10-02 18:46:16,2002,1.81,1,100,2002,22,1980,L0_BLACKLIST=22
2026-10-02 18:46:17,1899,1.34,1,100,1899,23,1876,L0_BLACKLIST=23
2026-10-02 18:46:18,1861,0.98,0,100,1861,22,1839,L0_BLACKLIST=22
2026-10-02 18:46:19,1864,0.95,0,99,1845,22,1842,L0_BLACKLIST=22
2026-10-02 18:46:20,1886,1.03,1,100,1886,22,1864,L0_BLACKLIST=22
2026-10-02 18:46:21,1974,2.14,1,100,1974,23,1951,L0_BLACKLIST=23
2026-10-02 18:46:22,2000,1.25,5,99,1980,22,1978,L0_BLACKLIST=22
2026-10-02 18:46:23,2024,1.09,2,100,2024,26,1998,L0_BLACKLIST=26
2026-10-02 18:46:39,1889,1.0,2,99,1870,10,1879,hb
2026-10-02 18:46:45,5659,7.47,1349,63,3565,1437,4222,UDP_ENTROPY=1430 L0_BLACKLIST=7
2026-10-02 18:46:46,23744,16.67,3574,53,12584,1646,22098,UDP_ENTROPY=1646
2026-10-02 18:46:47,21322,17.77,5185,35,7463,6238,15084,UDP_GREYLIST=5378 UDP_ENTROPY=860
2026-10-02 18:46:48,19305,19.55,5142,31,5985,6581,12724,UDP_GREYLIST=5170 UDP_ENTROPY=1408 WAR_REFLECTION=2 L0_BLACKLIST=1
2026-10-02 18:46:49,19193,18.41,5296,29,5566,6458,12735,UDP_GREYLIST=5430 UDP_ENTROPY=1028
2026-10-02 18:46:50,19064,18.38,5606,29,5529,6637,12427,UDP_GREYLIST=5473 UDP_ENTROPY=1163 L0_BLACKLIST=1
2026-10-02 18:46:51,19321,18.16,6003,32,6183,6241,13080,UDP_GREYLIST=5209 UDP_ENTROPY=1032
2026-10-02 18:46:52,19159,18.48,6395,30,5748,6369,12790,UDP_GREYLIST=5313 UDP_ENTROPY=1056
2026-10-02 18:46:53,18764,17.12,6548,27,5066,6360,12404,UDP_GREYLIST=5473 UDP_ENTROPY=887
2026-10-02 18:46:54,18754,18.93,6901,24,4501,6900,11854,UDP_GREYLIST=6083 UDP_ENTROPY=808 WAR_REFLECTION=7 L0_BLACKLIST=2
2026-10-02 18:46:55,18777,18.26,7663,14,2629,7330,11447,UDP_GREYLIST=6474 UDP_ENTROPY=854 WAR_REFLECTION=1 L0_BLACKLIST=1
2026-10-02 18:46:56,18780,18.34,7881,13,2441,7625,11155,UDP_GREYLIST=6782 UDP_ENTROPY=840 WAR_REFLECTION=2 L0_BLACKLIST=1
2026-10-02 18:46:57,18771,19.51,7620,14,2628,7433,11338,UDP_GREYLIST=6358 UDP_ENTROPY=1075
2026-10-02 18:46:58,18433,18.9,7197,19,3502,7106,11327,UDP_GREYLIST=6163 UDP_ENTROPY=940 WAR_REFLECTION=2 L1_BOGON_SRC=1
2026-10-02 18:46:59,18551,19.02,7609,13,2412,7479,11072,UDP_GREYLIST=6464 UDP_ENTROPY=1014 L0_BLACKLIST=1
2026-10-02 18:47:00,18473,18.51,7928,8,1478,7351,11122,UDP_GREYLIST=6735 UDP_ENTROPY=614 L0_BLACKLIST=1 L2_UDP_CLOSED_PORT=1
2026-10-02 18:47:01,18194,17.39,7637,10,1819,7136,11058,UDP_GREYLIST=6292 UDP_ENTROPY=844
2026-10-02 18:47:02,17884,17.19,7170,13,2325,6898,10986,UDP_GREYLIST=6086 UDP_ENTROPY=811 L0_BLACKLIST=1
2026-10-02 18:47:03,18681,18.77,7015,13,2429,7035,11646,UDP_GREYLIST=6117 UDP_ENTROPY=917 L0_BLACKLIST=1
2026-10-02 18:47:04,18604,18.74,6637,12,2232,6937,11667,UDP_GREYLIST=6054 UDP_ENTROPY=882 L0_BLACKLIST=1
2026-10-02 18:47:05,18730,16.3,6426,9,1686,6928,11802,UDP_GREYLIST=6237 UDP_ENTROPY=689 L0_BLACKLIST=2
2026-10-02 18:47:06,17964,19.51,6400,10,1796,7539,10425,UDP_GREYLIST=6615 UDP_ENTROPY=923 L0_BLACKLIST=1
2026-10-02 18:47:07,18691,18.3,7397,8,1495,7474,11217,UDP_GREYLIST=6702 UDP_ENTROPY=772
2026-10-02 18:47:08,18688,17.9,7861,8,1495,7243,11445,UDP_GREYLIST=6441 UDP_ENTROPY=799 L0_BLACKLIST=3
2026-10-02 18:47:09,18455,17.37,7623,8,1476,6809,11646,UDP_GREYLIST=6198 UDP_ENTROPY=608 L0_BLACKLIST=3
2026-10-02 18:47:10,18653,18.19,7237,9,1679,6914,11739,UDP_GREYLIST=6136 UDP_ENTROPY=777 L0_BLACKLIST=1
2026-10-02 18:47:11,17978,17.7,6563,9,1618,6848,11130,UDP_GREYLIST=6021 UDP_ENTROPY=823 L0_BLACKLIST=2 WAR_REFLECTION=2
2026-10-02 18:47:12,17767,16.07,6416,9,1599,7018,10749,UDP_GREYLIST=6411 UDP_ENTROPY=607
2026-10-02 18:47:13,16734,15.65,6595,9,1506,7009,9725,UDP_GREYLIST=6390 UDP_ENTROPY=619
2026-10-02 18:47:14,16028,11.63,7705,11,1763,7631,8397,UDP_GREYLIST=7335 UDP_ENTROPY=295 L0_BLACKLIST=1
2026-10-02 18:47:15,6044,4.09,3513,17,1027,2777,3267,UDP_GREYLIST=2673 UDP_ENTROPY=97 L0_BLACKLIST=7
2026-10-02 18:47:16,709,1.9,3,99,702,5,704,hb
2026-10-02 18:47:18,594,0.55,68,13,77,1,593,hb
2026-10-02 18:47:19,20546,12.04,1721,58,11917,1741,18805,UDP_GREYLIST=1739 L0_BLACKLIST=2
2026-10-02 18:47:20,23052,14.77,4036,0,0,727,22325,UDP_ENTROPY=727
2026-10-02 18:47:21,18128,15.65,7508,0,0,8253,9875,UDP_GREYLIST=7946 UDP_ENTROPY=307
2026-10-02 18:47:22,15619,12.64,6635,0,0,6511,9108,UDP_GREYLIST=6185 UDP_ENTROPY=326
2026-10-02 18:47:23,16020,14.16,7442,0,0,6353,9667,UDP_GREYLIST=6089 UDP_ENTROPY=261 WAR_REFLECTION=3
2026-10-02 18:47:24,16934,15.72,6899,0,0,6238,10696,UDP_GREYLIST=5639 UDP_ENTROPY=599
2026-10-02 18:47:25,15287,14.4,6506,2,306,7023,8264,UDP_GREYLIST=6680 UDP_ENTROPY=343
2026-10-02 18:47:26,15574,15.08,7461,3,467,7244,8330,UDP_GREYLIST=6732 UDP_ENTROPY=512
2026-10-02 18:47:27,15876,15.7,7683,4,635,6692,9184,UDP_GREYLIST=6310 UDP_ENTROPY=382
2026-10-02 18:47:28,15891,15.74,7291,3,477,6609,9282,UDP_GREYLIST=6114 UDP_ENTROPY=495
2026-10-02 18:47:29,16352,14.28,6726,3,491,6832,9520,UDP_GREYLIST=6313 UDP_ENTROPY=514 WAR_REFLECTION=5
2026-10-02 18:47:30,15379,14.58,6587,3,461,7215,8164,UDP_GREYLIST=6809 UDP_ENTROPY=406
2026-10-02 18:47:31,15493,15.93,7575,3,465,6960,8533,UDP_GREYLIST=6516 UDP_ENTROPY=442 WAR_REFLECTION=1 L2_UDP_CLOSED_PORT=1
2026-10-02 18:47:32,15965,14.29,7606,4,639,6601,9364,UDP_GREYLIST=6261 UDP_ENTROPY=340
2026-10-02 18:47:33,16783,15.1,6720,5,839,6194,10589,UDP_GREYLIST=5753 UDP_ENTROPY=441
2026-10-02 18:47:34,15858,15.01,6580,2,317,7248,8610,UDP_GREYLIST=6706 UDP_ENTROPY=540 WAR_REFLECTION=2
2026-10-02 18:47:35,15109,13.71,7400,2,302,7032,8077,UDP_GREYLIST=6702 UDP_ENTROPY=330
2026-10-02 18:47:36,15545,15.02,7761,2,311,6940,8605,UDP_GREYLIST=6564 UDP_ENTROPY=376
2026-10-02 18:47:37,15776,13.71,7573,2,316,6645,9131,UDP_GREYLIST=6349 UDP_ENTROPY=296
2026-10-02 18:47:38,15769,15.0,7114,3,473,6546,9223,UDP_GREYLIST=6177 UDP_ENTROPY=369
2026-10-02 18:47:39,16822,14.15,6791,2,336,6951,9871,UDP_GREYLIST=6511 UDP_ENTROPY=440
2026-10-02 18:47:40,15919,15.52,6933,2,318,7256,8663,UDP_GREYLIST=6908 UDP_ENTROPY=348
2026-10-02 18:47:41,16462,15.84,7795,3,494,7193,9269,UDP_GREYLIST=6764 UDP_ENTROPY=429
2026-10-02 18:47:42,16698,15.2,7902,3,501,6743,9955,UDP_GREYLIST=6490 UDP_ENTROPY=253
2026-10-02 18:47:43,16946,16.1,7505,2,339,7045,9901,UDP_GREYLIST=6414 UDP_ENTROPY=631
2026-10-02 18:47:44,17276,13.06,6844,2,346,6651,10625,UDP_GREYLIST=6263 UDP_ENTROPY=388
2026-10-02 18:47:45,15746,14.22,6852,2,315,7211,8535,UDP_GREYLIST=6830 UDP_ENTROPY=381
2026-10-02 18:47:46,16613,14.32,7897,2,332,6942,9671,UDP_GREYLIST=6633 UDP_ENTROPY=309
2026-10-02 18:47:47,16854,13.36,7623,2,337,6413,10441,UDP_GREYLIST=6198 UDP_ENTROPY=214 WAR_REFLECTION=1
2026-10-02 18:47:48,17565,14.43,6968,2,351,6686,10879,UDP_GREYLIST=6225 UDP_ENTROPY=458 WAR_REFLECTION=3
2026-10-02 18:47:49,9990,10.06,3518,12,1199,3668,6322,UDP_GREYLIST=3457 UDP_ENTROPY=211
2026-10-02 18:47:50,2430,3.99,4,99,2406,19,2411,hb
2026-10-02 18:47:57,2064,1.48,2,99,2043,24,2040,L0_BLACKLIST=16 UDP_ENTROPY=8
2026-10-02 18:47:58,1992,1.08,0,99,1972,25,1967,L0_BLACKLIST=18 UDP_ENTROPY=7
2026-10-02 18:47:59,2060,1.04,1,99,2039,26,2034,L0_BLACKLIST=20 UDP_ENTROPY=6
2026-10-02 18:48:00,2002,1.05,0,99,1982,41,1961,L0_BLACKLIST=40 UDP_ENTROPY=1
2026-10-02 18:48:01,2078,2.26,1,99,2057,39,2039,L0_BLACKLIST=38 L2_UDP_CLOSED_PORT=1
2026-10-02 18:48:02,2119,1.12,1,99,2098,43,2076,L0_BLACKLIST=43
2026-10-02 18:48:03,2125,1.11,0,100,2125,42,2083,L0_BLACKLIST=42
2026-10-02 18:48:04,2079,1.25,2,99,2058,40,2039,L0_BLACKLIST=40
2026-10-02 18:48:05,1965,1.07,2,99,1945,41,1924,L0_BLACKLIST=40 L1_BOGON_SRC=1
2026-10-02 18:48:06,2224,1.25,2,99,2202,40,2184,L0_BLACKLIST=39 TCP_OUT_OF_STATE=1
2026-10-02 18:48:07,2174,1.07,1,99,2152,28,2146,L0_BLACKLIST=28
2026-10-02 18:48:08,2036,1.04,3,99,2016,23,2013,L0_BLACKLIST=23
2026-10-02 18:48:19,21868,11.15,1733,64,13996,0,21868,
2026-10-02 18:48:20,26901,17.19,3688,22,5918,4688,22213,UDP_GREYLIST=3786 UDP_ENTROPY=901 L0_BLACKLIST=1
2026-10-02 18:48:21,21905,15.59,6136,12,2629,5260,16645,UDP_GREYLIST=4921 UDP_ENTROPY=338 L0_BLACKLIST=1
2026-10-02 18:48:22,20831,13.55,6398,6,1250,6138,14693,UDP_GREYLIST=5804 UDP_ENTROPY=333 L0_BLACKLIST=1
2026-10-02 18:48:23,21675,15.63,6914,6,1300,5444,16231,UDP_GREYLIST=4753 UDP_ENTROPY=688 WAR_REFLECTION=2 L0_BLACKLIST=1
2026-10-02 18:48:24,22052,13.75,7006,7,1544,4730,17322,UDP_GREYLIST=4361 UDP_ENTROPY=364 WAR_REFLECTION=3 L0_BLACKLIST=2
2026-10-02 18:48:25,22263,13.69,6884,4,891,4454,17809,UDP_GREYLIST=4182 UDP_ENTROPY=270 L0_BLACKLIST=2
2026-10-02 18:48:26,22225,14.27,6443,3,667,4358,17867,UDP_GREYLIST=3949 UDP_ENTROPY=409
2026-10-02 18:48:27,21133,15.62,6070,6,1268,5605,15528,UDP_GREYLIST=5157 UDP_ENTROPY=448
2026-10-02 18:48:28,21168,13.82,6151,5,1058,5443,15725,UDP_GREYLIST=5091 UDP_ENTROPY=350 L0_BLACKLIST=2
2026-10-02 18:48:29,22061,15.12,6646,6,1324,5129,16932,UDP_GREYLIST=4431 UDP_ENTROPY=696 L0_BLACKLIST=2
2026-10-02 18:48:30,21992,13.52,6845,6,1320,4545,17447,UDP_GREYLIST=4146 UDP_ENTROPY=398 L0_BLACKLIST=1
2026-10-02 18:48:31,22067,14.14,6707,5,1103,4351,17716,UDP_GREYLIST=3992 UDP_ENTROPY=358 L2_UDP_CLOSED_PORT=1
2026-10-02 18:48:32,21800,15.24,6217,6,1308,4885,16915,UDP_GREYLIST=4375 UDP_ENTROPY=509 WAR_REFLECTION=1
2026-10-02 18:48:33,20838,13.74,5752,5,1042,5869,14969,UDP_GREYLIST=5498 UDP_ENTROPY=368 WAR_REFLECTION=3
2026-10-02 18:48:34,21250,14.85,6635,5,1062,5413,15837,UDP_GREYLIST=4841 UDP_ENTROPY=571 L0_BLACKLIST=1
2026-10-02 18:48:35,21637,13.03,6825,5,1082,4540,17097,UDP_GREYLIST=4235 UDP_ENTROPY=304 WAR_REFLECTION=1
2026-10-02 18:48:36,21272,13.19,6627,5,1064,4751,16521,UDP_GREYLIST=4490 UDP_ENTROPY=259 L0_BLACKLIST=2
2026-10-02 18:48:37,21091,14.54,5294,5,1055,5484,15607,UDP_GREYLIST=5005 UDP_ENTROPY=477 L0_BLACKLIST=2
2026-10-02 18:48:38,21562,13.78,5909,9,1941,5027,16535,UDP_GREYLIST=4567 UDP_ENTROPY=460
2026-10-02 18:48:39,17409,11.65,8959,5,870,8536,8873,UDP_GREYLIST=8344 UDP_ENTROPY=191 WAR_REFLECTION=1
2026-10-02 18:48:40,17273,10.91,8667,5,864,8335,8938,UDP_GREYLIST=8204 UDP_ENTROPY=131
2026-10-02 18:48:41,16636,10.42,8203,5,832,8393,8243,UDP_GREYLIST=8209 UDP_ENTROPY=183 L0_BLACKLIST=1
2026-10-02 18:48:42,16600,11.03,8424,5,830,8758,7842,UDP_GREYLIST=8585 UDP_ENTROPY=173
2026-10-02 18:48:43,16886,11.36,8806,5,844,8505,8381,UDP_GREYLIST=8327 UDP_ENTROPY=177 L0_BLACKLIST=1
2026-10-02 18:48:44,16881,10.67,8637,5,844,8360,8521,UDP_GREYLIST=8218 UDP_ENTROPY=142
2026-10-02 18:48:45,17005,10.61,8296,5,850,8389,8616,UDP_GREYLIST=8203 UDP_ENTROPY=186
2026-10-02 18:48:46,16693,11.28,8223,5,835,8697,7996,UDP_GREYLIST=8487 UDP_ENTROPY=210
2026-10-02 18:48:47,16688,11.11,8650,5,834,8452,8236,UDP_GREYLIST=8284 UDP_ENTROPY=168
2026-10-02 18:48:48,16250,10.26,8497,5,812,8186,8064,UDP_GREYLIST=8052 UDP_ENTROPY=132 WAR_REFLECTION=2
2026-10-02 18:48:49,7576,7.79,3456,29,2197,2918,4658,UDP_GREYLIST=2868 UDP_ENTROPY=44 L0_BLACKLIST=6
2026-10-02 18:48:50,2359,1.47,2,100,2359,17,2342,hb
2026-10-02 18:48:55,14053,6.89,2852,60,8432,0,14053,
2026-10-02 18:48:56,15374,10.04,5118,33,5073,955,14419,UDP_ENTROPY=955
2026-10-02 18:48:57,14302,9.04,6833,16,2288,7340,6962,UDP_GREYLIST=7158 UDP_ENTROPY=181 WAR_REFLECTION=1
2026-10-02 18:48:58,14802,9.95,7695,9,1332,7851,6951,UDP_GREYLIST=7661 UDP_ENTROPY=190
2026-10-02 18:48:59,14766,9.81,8018,6,886,7795,6971,UDP_GREYLIST=7635 UDP_ENTROPY=160
2026-10-02 18:49:00,17949,11.83,8492,7,1256,8481,9468,UDP_GREYLIST=8292 UDP_ENTROPY=189
2026-10-02 18:49:01,21679,14.45,8733,6,1301,9119,12560,UDP_GREYLIST=8879 UDP_ENTROPY=238 L2_UDP_CLOSED_PORT=1 WAR_REFLECTION=1
2026-10-02 18:49:02,22336,14.78,6877,9,2010,5382,16954,UDP_GREYLIST=4821 UDP_ENTROPY=559 WAR_REFLECTION=2
2026-10-02 18:49:03,22416,14.53,6429,10,2242,4529,17887,UDP_GREYLIST=4184 UDP_ENTROPY=345
2026-10-02 18:49:04,22049,16.85,6350,9,1984,7136,14913,UDP_GREYLIST=6517 UDP_ENTROPY=618 WAR_REFLECTION=1
2026-10-02 18:49:05,22624,14.32,6888,9,2036,4998,17626,UDP_GREYLIST=4604 UDP_ENTROPY=394
2026-10-02 18:49:06,22963,14.88,6334,13,2985,4393,18570,UDP_GREYLIST=4007 UDP_ENTROPY=386
2026-10-02 18:49:07,21610,16.32,6339,10,2161,7054,14556,UDP_GREYLIST=6455 UDP_ENTROPY=599
2026-10-02 18:49:08,22328,13.36,6675,11,2456,4803,17525,UDP_GREYLIST=4464 UDP_ENTROPY=336 WAR_REFLECTION=3
2026-10-02 18:49:09,22009,15.71,6748,11,2421,5209,16800,UDP_GREYLIST=4824 UDP_ENTROPY=385
2026-10-02 18:49:10,20373,13.72,6304,7,1426,6280,14093,UDP_GREYLIST=5756 UDP_ENTROPY=524
2026-10-02 18:49:11,18897,10.89,6544,6,1134,4469,14428,UDP_GREYLIST=4281 UDP_ENTROPY=187 L1_BOGON_SRC=1
2026-10-02 18:49:12,17822,11.84,6661,6,1069,5352,12470,UDP_GREYLIST=5111 UDP_ENTROPY=241
2026-10-02 18:49:13,16903,10.97,6166,6,1014,5530,11373,UDP_GREYLIST=5244 UDP_ENTROPY=286
2026-10-02 18:49:14,18532,10.77,6371,7,1297,4528,14004,UDP_GREYLIST=4304 UDP_ENTROPY=224
2026-10-02 18:49:15,16931,12.19,6159,9,1524,5947,10984,UDP_GREYLIST=5664 UDP_ENTROPY=283
2026-10-02 18:49:16,17869,10.98,6444,9,1608,5274,12595,UDP_GREYLIST=4973 UDP_ENTROPY=301
2026-10-02 18:49:17,18031,12.1,6533,10,1803,4968,13063,UDP_GREYLIST=4671 UDP_ENTROPY=297
2026-10-02 18:49:18,17021,11.06,6109,8,1362,6086,10935,UDP_GREYLIST=5760 UDP_ENTROPY=326
2026-10-02 18:49:19,19217,11.06,6513,9,1730,4662,14555,UDP_GREYLIST=4475 UDP_ENTROPY=187
2026-10-02 18:49:20,18236,12.71,6513,8,1459,6054,12182,UDP_GREYLIST=5741 UDP_ENTROPY=313
2026-10-02 18:49:21,19429,12.32,6637,8,1554,5485,13944,UDP_GREYLIST=5146 UDP_ENTROPY=339
2026-10-02 18:49:22,19746,13.2,6920,9,1777,5101,14645,UDP_GREYLIST=4829 UDP_ENTROPY=272
2026-10-02 18:49:23,18884,12.27,6308,9,1700,6237,12647,UDP_GREYLIST=5857 UDP_ENTROPY=380
2026-10-02 18:49:24,20750,12.01,6614,10,2075,4599,16151,UDP_GREYLIST=4372 UDP_ENTROPY=227
2026-10-02 18:49:25,14692,10.28,4793,14,2057,3843,10849,UDP_GREYLIST=3654 UDP_ENTROPY=189
2026-10-02 18:49:26,2155,2.44,2,99,2133,0,2155,hb
2026-10-02 18:49:55,2242,1.13,0,100,2242,0,2242,hb
2026-10-02 18:49:56,2244,1.12,0,100,2244,0,2244,hb
2026-10-02 18:50:09,18239,8.78,4443,52,9484,0,18239,
2026-10-02 18:50:10,19410,13.1,6290,34,6599,1327,18083,UDP_ENTROPY=1327
2026-10-02 18:50:11,20503,12.19,6461,19,3896,7054,13449,UDP_GREYLIST=6769 UDP_ENTROPY=284 WAR_REFLECTION=1
2026-10-02 18:50:12,19949,11.77,5844,20,3990,5822,14127,UDP_GREYLIST=5509 UDP_ENTROPY=311 WAR_REFLECTION=2
2026-10-02 18:50:13,19566,12.71,7527,9,1761,7073,12493,UDP_GREYLIST=6791 UDP_ENTROPY=282
2026-10-02 18:50:14,19764,12.21,7780,9,1779,6252,13512,UDP_GREYLIST=6038 UDP_ENTROPY=214
2026-10-02 18:50:15,20595,12.29,6681,10,2060,5666,14929,UDP_GREYLIST=5369 UDP_ENTROPY=297
2026-10-02 18:50:16,19289,11.9,6431,10,1929,6868,12421,UDP_GREYLIST=6577 UDP_ENTROPY=291
2026-10-02 18:50:17,19424,12.82,7650,11,2137,6670,12754,UDP_GREYLIST=6349 UDP_ENTROPY=320 L1_BOGON_SRC=1
2026-10-02 18:50:18,20064,12.12,7137,16,3210,5879,14185,UDP_GREYLIST=5608 UDP_ENTROPY=268 WAR_REFLECTION=3
2026-10-02 18:50:19,20633,11.96,6040,17,3508,5283,15350,UDP_GREYLIST=5023 UDP_ENTROPY=260
2026-10-02 18:50:20,19455,12.34,5953,18,3502,6524,12931,UDP_GREYLIST=6115 UDP_ENTROPY=409
2026-10-02 18:50:21,19525,12.96,7017,18,3514,6287,13238,UDP_GREYLIST=5876 UDP_ENTROPY=411
2026-10-02 18:50:22,20384,12.26,6831,20,4077,5631,14753,UDP_GREYLIST=5324 UDP_ENTROPY=306 WAR_REFLECTION=1
2026-10-02 18:50:23,20333,11.71,5937,18,3660,5314,15019,UDP_GREYLIST=4995 UDP_ENTROPY=317 WAR_REFLECTION=2
2026-10-02 18:50:24,18796,12.27,6017,16,3007,6550,12246,UDP_GREYLIST=6165 UDP_ENTROPY=385
2026-10-02 18:50:25,18846,12.35,7652,8,1508,6700,12146,UDP_GREYLIST=6428 UDP_ENTROPY=272
2026-10-02 18:50:26,18991,11.64,7598,6,1139,6107,12884,UDP_GREYLIST=5956 UDP_ENTROPY=151
2026-10-02 18:50:27,18921,11.04,6568,6,1135,5838,13083,UDP_GREYLIST=5585 UDP_ENTROPY=253
2026-10-02 18:50:28,18604,12.13,7423,9,1674,6549,12055,UDP_GREYLIST=6234 UDP_ENTROPY=315
2026-10-02 18:50:29,19114,11.64,7105,14,2676,5901,13213,UDP_GREYLIST=5644 UDP_ENTROPY=257
2026-10-02 18:50:30,19247,11.47,6189,15,2887,5423,13824,UDP_GREYLIST=5120 UDP_ENTROPY=303
2026-10-02 18:50:31,18550,12.71,6506,15,2782,6516,12034,UDP_GREYLIST=6139 UDP_ENTROPY=376 L2_UDP_CLOSED_PORT=1
2026-10-02 18:50:32,19916,12.31,6816,15,2987,5346,14570,UDP_GREYLIST=5078 UDP_ENTROPY=268
2026-10-02 18:50:33,19413,11.82,6166,14,2718,5864,13549,UDP_GREYLIST=5540 UDP_ENTROPY=324
2026-10-02 18:50:34,18895,13.09,6922,15,2834,6099,12796,UDP_GREYLIST=5638 UDP_ENTROPY=461
2026-10-02 18:50:35,20265,11.82,6186,16,3242,4936,15329,UDP_GREYLIST=4611 UDP_ENTROPY=325
2026-10-02 18:50:36,21660,12.96,5670,18,3899,3969,17691,UDP_GREYLIST=3639 UDP_ENTROPY=330
2026-10-02 18:50:37,17911,12.91,5914,16,2866,6583,11328,UDP_GREYLIST=6131 UDP_ENTROPY=452
2026-10-02 18:50:38,18757,12.03,6997,10,1876,5638,13119,UDP_GREYLIST=5398 UDP_ENTROPY=238 WAR_REFLECTION=2
2026-10-02 18:50:39,13815,10.04,5206,15,2072,4496,9319,UDP_GREYLIST=4339 UDP_ENTROPY=157
2026-10-02 18:50:40,2428,1.8,4,99,2404,0,2428,hb
2026-10-02 18:50:46,12270,5.86,4783,40,4908,0,12270,
2026-10-02 18:50:47,13032,8.54,5810,28,3649,891,12141,UDP_ENTROPY=891
2026-10-02 18:50:48,13881,9.05,6713,21,2915,7228,6653,UDP_GREYLIST=6982 UDP_ENTROPY=242 WAR_REFLECTION=4
2026-10-02 18:50:49,14489,9.38,7581,12,1739,7431,7058,UDP_GREYLIST=7235 UDP_ENTROPY=196
2026-10-02 18:50:50,14723,9.22,7331,14,2061,7296,7427,UDP_GREYLIST=7116 UDP_ENTROPY=180
2026-10-02 18:50:51,14679,9.09,7006,14,2055,7161,7518,UDP_GREYLIST=6976 UDP_ENTROPY=185
2026-10-02 18:50:52,14623,9.49,6514,21,3071,7035,7588,UDP_GREYLIST=6768 UDP_ENTROPY=266 WAR_REFLECTION=1
2026-10-02 18:50:53,14594,9.58,6822,21,3065,6951,7643,UDP_GREYLIST=6656 UDP_ENTROPY=293 WAR_REFLECTION=2
2026-10-02 18:50:54,14679,9.45,6856,22,3229,6760,7919,UDP_GREYLIST=6511 UDP_ENTROPY=249
2026-10-02 18:50:55,14775,9.13,6837,21,3103,6766,8009,UDP_GREYLIST=6559 UDP_ENTROPY=206 WAR_REFLECTION=1
2026-10-02 18:50:56,14579,9.39,7357,11,1604,7394,7185,UDP_GREYLIST=7243 UDP_ENTROPY=151
2026-10-02 18:50:57,16567,10.13,8023,6,994,8518,8049,UDP_GREYLIST=8334 UDP_ENTROPY=184
2026-10-02 18:50:58,21236,13.68,8763,12,2548,9189,12047,UDP_GREYLIST=8832 UDP_ENTROPY=357
2026-10-02 18:50:59,21917,14.43,8829,17,3726,8742,13175,UDP_GREYLIST=8327 UDP_ENTROPY=415
2026-10-02 18:51:00,22309,14.57,8816,17,3793,8548,13761,UDP_GREYLIST=8106 UDP_ENTROPY=442
2026-10-02 18:51:01,22620,13.99,8603,18,4072,8431,14189,UDP_GREYLIST=8059 UDP_ENTROPY=371 L2_UDP_CLOSED_PORT=1
2026-10-02 18:51:02,23141,14.31,7717,22,5091,7926,15215,UDP_GREYLIST=7481 UDP_ENTROPY=445
2026-10-02 18:51:03,22510,14.51,8224,16,3602,9071,13439,UDP_GREYLIST=8651 UDP_ENTROPY=418 WAR_REFLECTION=2
2026-10-02 18:51:04,19227,12.38,8954,7,1346,8830,10397,UDP_GREYLIST=8586 UDP_ENTROPY=244
2026-10-02 18:51:05,15669,10.22,8875,0,0,8526,7143,UDP_GREYLIST=8432 UDP_ENTROPY=94
2026-10-02 18:51:06,15796,9.82,8714,0,0,8513,7283,UDP_GREYLIST=8432 UDP_ENTROPY=81
2026-10-02 18:51:07,15702,10.12,8408,0,0,8353,7349,UDP_GREYLIST=8244 UDP_ENTROPY=109
2026-10-02 18:51:08,15363,9.31,8212,0,0,8560,6803,UDP_GREYLIST=8459 UDP_ENTROPY=101
2026-10-02 18:51:09,15102,9.89,8423,0,0,8600,6502,UDP_GREYLIST=8498 UDP_ENTROPY=102
2026-10-02 18:51:10,15136,9.77,8717,0,0,8534,6602,UDP_GREYLIST=8457 UDP_ENTROPY=77
2026-10-02 18:51:11,15286,9.9,8715,0,0,8420,6866,UDP_GREYLIST=8332 UDP_ENTROPY=88
2026-10-02 18:51:12,11497,6.95,6718,0,0,6225,5272,UDP_GREYLIST=6174 UDP_ENTROPY=51
2026-10-02 18:51:13,11731,6.98,6454,0,0,6409,5322,UDP_GREYLIST=6330 UDP_ENTROPY=77 WAR_REFLECTION=2
2026-10-02 18:51:14,11785,7.63,6470,0,0,6797,4988,UDP_GREYLIST=6668 UDP_ENTROPY=126 WAR_REFLECTION=3
2026-10-02 18:51:15,11726,7.78,6872,0,0,6882,4844,UDP_GREYLIST=6801 UDP_ENTROPY=76 WAR_REFLECTION=5
2026-10-02 18:51:16,5270,2.84,3289,6,316,2655,2615,UDP_GREYLIST=2627 UDP_ENTROPY=28
2026-10-02 18:51:17,507,0.59,2,99,502,0,507,hb
2026-10-02 18:51:20,3482,9.41,1,99,3447,81,3401,UDP_ENTROPY=81
2026-10-02 18:51:21,2492,1.99,0,100,2492,51,2441,UDP_ENTROPY=34 L0_BLACKLIST=17
2026-10-02 18:51:22,2619,2.62,1,100,2619,52,2567,L0_BLACKLIST=29 UDP_ENTROPY=23
2026-10-02 18:51:23,11258,5.53,3233,56,6304,0,11258,
2026-10-02 18:51:24,12555,7.86,4409,43,5399,687,11868,UDP_ENTROPY=686 L0_BLACKLIST=1
2026-10-02 18:51:25,13149,8.6,6133,25,3287,6680,6469,UDP_GREYLIST=6424 UDP_ENTROPY=255 L0_BLACKLIST=1
2026-10-02 18:51:26,13984,8.71,7051,15,2098,7038,6946,UDP_GREYLIST=6877 UDP_ENTROPY=160 L0_BLACKLIST=1
2026-10-02 18:51:27,14492,9.38,7021,14,2029,7056,7436,UDP_GREYLIST=6864 UDP_ENTROPY=190 L0_BLACKLIST=2
2026-10-02 18:51:28,14276,8.7,6887,14,1999,7252,7024,UDP_GREYLIST=7063 UDP_ENTROPY=188 L0_BLACKLIST=1
2026-10-02 18:51:29,14389,9.47,6721,19,2734,7043,7346,UDP_GREYLIST=6775 UDP_ENTROPY=264 L0_BLACKLIST=2 WAR_REFLECTION=2
2026-10-02 18:51:30,14516,9.54,6865,21,3048,6834,7682,UDP_GREYLIST=6536 UDP_ENTROPY=293 L0_BLACKLIST=4 WAR_REFLECTION=1
2026-10-02 18:51:31,14655,9.46,6726,22,3224,6671,7984,UDP_GREYLIST=6378 UDP_ENTROPY=292 L2_UDP_CLOSED_PORT=1
2026-10-02 18:51:32,14926,9.39,6637,22,3284,6693,8233,UDP_GREYLIST=6418 UDP_ENTROPY=272 WAR_REFLECTION=3
2026-10-02 18:51:33,14693,8.92,6764,17,2498,7032,7661,UDP_GREYLIST=6848 UDP_ENTROPY=184
2026-10-02 18:51:34,14134,9.34,7628,6,848,8009,6125,UDP_GREYLIST=7858 UDP_ENTROPY=151
2026-10-02 18:51:35,14552,9.61,7909,8,1164,7859,6693,UDP_GREYLIST=7678 UDP_ENTROPY=181
2026-10-02 18:51:36,15163,9.95,7427,16,2426,7283,7880,UDP_GREYLIST=7062 UDP_ENTROPY=220 L0_BLACKLIST=1
2026-10-02 18:51:37,15422,9.51,7221,17,2622,7150,8272,UDP_GREYLIST=6943 UDP_ENTROPY=206 L0_BLACKLIST=1
2026-10-02 18:51:38,15644,9.69,6954,17,2659,7120,8524,UDP_GREYLIST=6884 UDP_ENTROPY=236
2026-10-02 18:51:39,15064,9.76,6600,20,3013,7109,7955,UDP_GREYLIST=6875 UDP_ENTROPY=234
2026-10-02 18:51:40,14957,9.83,7049,20,2991,7186,7771,UDP_GREYLIST=6880 UDP_ENTROPY=306
2026-10-02 18:51:41,14654,9.71,7703,11,1612,7587,7067,UDP_GREYLIST=7384 UDP_ENTROPY=202 WAR_REFLECTION=1
2026-10-02 18:51:42,14548,9.15,8263,2,291,8087,6461,UDP_GREYLIST=8008 UDP_ENTROPY=79
2026-10-02 18:51:43,14601,9.26,8021,0,0,8053,6548,UDP_GREYLIST=7977 UDP_ENTROPY=76
2026-10-02 18:51:44,14410,9.05,8010,0,0,8447,5963,UDP_GREYLIST=8346 UDP_ENTROPY=101
2026-10-02 18:51:45,14319,9.31,8343,1,143,8393,5926,UDP_GREYLIST=8263 UDP_ENTROPY=130
2026-10-02 18:51:46,14449,9.45,8474,1,144,8228,6221,UDP_GREYLIST=8138 UDP_ENTROPY=90
2026-10-02 18:51:47,14859,9.26,8572,1,149,8315,6544,UDP_GREYLIST=8266 UDP_ENTROPY=49
2026-10-02 18:51:48,15254,9.79,8402,1,153,8372,6882,UDP_GREYLIST=8274 UDP_ENTROPY=98
2026-10-02 18:51:49,15249,9.25,8199,1,152,8479,6770,UDP_GREYLIST=8389 UDP_ENTROPY=90
2026-10-02 18:51:50,13826,8.68,7464,1,138,7632,6194,UDP_GREYLIST=7552 UDP_ENTROPY=80
2026-10-02 18:51:51,11711,7.66,6974,1,117,6870,4841,UDP_GREYLIST=6803 UDP_ENTROPY=63 WAR_REFLECTION=4
2026-10-02 18:51:52,11870,7.78,7018,1,119,6676,5194,UDP_GREYLIST=6599 UDP_ENTROPY=76 WAR_REFLECTION=1
2026-10-02 18:51:53,10047,9.69,5373,12,1206,5029,5018,UDP_GREYLIST=4957 UDP_ENTROPY=71 L0_BLACKLIST=1
2026-10-02 18:51:54,2772,3.99,4,100,2772,112,2660,UDP_FLOW_RATE=98 UDP_ENTROPY=9 L0_BLACKLIST=5
2026-10-02 18:51:55,2493,1.93,1,100,2493,52,2441,UDP_FLOW_RATE=40 UDP_ENTROPY=7 L0_BLACKLIST=5
2026-10-02 18:51:56,2585,1.43,1,99,2559,17,2568,hb
2026-10-02 18:51:57,2589,1.35,3,99,2563,33,2556,L0_BLACKLIST=33
2026-10-02 18:51:58,2572,1.33,2,99,2546,30,2542,L0_BLACKLIST=30
2026-10-02 18:51:59,2562,1.31,0,99,2536,32,2530,L0_BLACKLIST=32
2026-10-02 18:52:00,2586,1.78,4,99,2560,30,2556,L0_BLACKLIST=30
2026-10-02 18:52:01,2481,2.49,3,99,2456,30,2451,L0_BLACKLIST=29 L2_UDP_CLOSED_PORT=1
2026-10-02 18:52:02,2490,1.37,0,99,2465,30,2460,L0_BLACKLIST=30
2026-10-02 18:52:03,2525,1.31,1,99,2500,28,2497,L0_BLACKLIST=28
2026-10-02 18:52:04,2440,1.24,2,99,2416,29,2411,L0_BLACKLIST=29
2026-10-02 18:52:23,2692,1.29,1,99,2665,0,2692,hb
2026-10-02 18:52:26,2650,1.35,1,99,2624,13,2637,hb
2026-10-02 18:52:27,2567,2.6,0,99,2541,84,2483,L0_BLACKLIST=81 UDP_ENTROPY=3
2026-10-02 18:52:28,2739,1.84,1,99,2712,30,2709,L0_BLACKLIST=30
2026-10-02 18:52:29,2966,2.88,0,99,2936,32,2934,L0_BLACKLIST=31 L1_BOGON_SRC=1
2026-10-02 18:52:30,2650,1.33,2,99,2624,30,2620,L0_BLACKLIST=30
2026-10-02 18:52:31,2625,1.38,2,99,2599,30,2595,L0_BLACKLIST=29 L2_UDP_CLOSED_PORT=1
2026-10-02 18:52:32,2601,1.29,2,100,2601,30,2571,L0_BLACKLIST=30
2026-10-02 18:52:33,2657,1.43,0,100,2657,31,2626,L0_BLACKLIST=31
2026-10-02 18:52:34,2660,1.66,0,100,2660,30,2630,L0_BLACKLIST=30
2026-10-02 18:52:35,2624,1.44,1,99,2598,29,2595,L0_BLACKLIST=29
2026-10-02 18:52:36,2507,1.35,0,99,2482,30,2477,L0_BLACKLIST=30
2026-10-02 18:52:37,18408,9.28,4640,50,9204,0,18408,
2026-10-02 18:52:38,19701,12.36,5155,48,9456,1151,18550,UDP_ENTROPY=1149 L0_BLACKLIST=2
2026-10-02 18:52:39,18338,12.02,7305,26,4768,8139,10199,UDP_GREYLIST=7721 UDP_ENTROPY=417 WAR_REFLECTION=1
2026-10-02 18:52:40,18449,11.43,8079,15,2767,7923,10526,UDP_GREYLIST=7716 UDP_ENTROPY=207
2026-10-02 18:52:41,18419,11.51,7981,12,2210,7993,10426,UDP_GREYLIST=7739 UDP_ENTROPY=254
2026-10-02 18:52:42,17874,11.67,7749,12,2145,8433,9441,UDP_GREYLIST=8169 UDP_ENTROPY=263 L0_BLACKLIST=1
2026-10-02 18:52:43,18114,11.99,7958,18,3261,7975,10139,UDP_GREYLIST=7626 UDP_ENTROPY=346 WAR_REFLECTION=2 L0_BLACKLIST=1
2026-10-02 18:52:44,18223,11.94,7808,20,3645,7646,10577,UDP_GREYLIST=7254 UDP_ENTROPY=390 L0_BLACKLIST=2
2026-10-02 18:52:45,18319,11.4,7548,20,3664,7422,10897,UDP_GREYLIST=7108 UDP_ENTROPY=314
2026-10-02 18:52:46,18095,11.09,7137,21,3800,7428,10667,UDP_GREYLIST=7145 UDP_ENTROPY=281 WAR_REFLECTION=2
2026-10-02 18:52:47,17590,11.55,7768,17,2990,8064,9526,UDP_GREYLIST=7793 UDP_ENTROPY=271
2026-10-02 18:52:48,17372,11.56,8913,5,869,8606,8766,UDP_GREYLIST=8425 UDP_ENTROPY=181
2026-10-02 18:52:49,17550,10.99,8962,4,702,8652,8898,UDP_GREYLIST=8465 UDP_ENTROPY=187
2026-10-02 18:52:50,18166,11.18,7759,13,2362,7776,10390,UDP_GREYLIST=7529 UDP_ENTROPY=246 L0_BLACKLIST=1
2026-10-02 18:52:51,17627,11.57,7526,15,2644,8141,9486,UDP_GREYLIST=7839 UDP_ENTROPY=302
2026-10-02 18:52:52,17350,11.51,8052,15,2602,7923,9427,UDP_GREYLIST=7668 UDP_ENTROPY=255
2026-10-02 18:52:53,17243,10.98,7799,17,2931,7520,9723,UDP_GREYLIST=7252 UDP_ENTROPY=268
2026-10-02 18:52:54,17290,11.15,7397,18,3112,7402,9888,UDP_GREYLIST=7092 UDP_ENTROPY=310
2026-10-02 18:52:55,16270,9.99,7567,12,1952,7875,8395,UDP_GREYLIST=7685 UDP_ENTROPY=190
2026-10-02 18:52:56,15704,10.34,8339,3,471,8569,7135,UDP_GREYLIST=8438 UDP_ENTROPY=130 L0_BLACKLIST=1
2026-10-02 18:52:57,15822,10.49,8845,1,158,8570,7252,UDP_GREYLIST=8433 UDP_ENTROPY=137
2026-10-02 18:52:58,15845,9.85,8737,2,317,8473,7372,UDP_GREYLIST=8388 UDP_ENTROPY=85
2026-10-02 18:52:59,15939,10.05,8312,2,319,8305,7634,UDP_GREYLIST=8187 UDP_ENTROPY=118
2026-10-02 18:53:00,15388,10.11,8120,2,308,8718,6670,UDP_GREYLIST=8562 UDP_ENTROPY=156
2026-10-02 18:53:01,15419,10.13,8499,2,308,8456,6963,UDP_GREYLIST=8337 UDP_ENTROPY=118 L2_UDP_CLOSED_PORT=1
2026-10-02 18:53:02,15401,10.27,8618,2,308,8386,7015,UDP_GREYLIST=8271 UDP_ENTROPY=115
2026-10-02 18:53:03,11893,7.27,6806,2,238,6301,5592,UDP_GREYLIST=6247 UDP_ENTROPY=54
2026-10-02 18:53:04,11591,7.36,6426,2,232,6562,5029,UDP_GREYLIST=6494 UDP_ENTROPY=68
2026-10-02 18:53:05,11763,7.82,6580,1,118,6786,4977,UDP_GREYLIST=6697 UDP_ENTROPY=87 WAR_REFLECTION=2
2026-10-02 18:53:06,11563,7.05,6743,2,231,6523,5040,UDP_GREYLIST=6433 UDP_ENTROPY=88 L0_BLACKLIST=1 WAR_REFLECTION=1
2026-10-02 18:53:07,8813,9.94,4566,19,1674,4202,4611,UDP_GREYLIST=4156 UDP_ENTROPY=43 L0_BLACKLIST=2 WAR_REFLECTION=1
2026-10-02 18:53:08,2832,2.82,4,99,2804,21,2811,UDP_ENTROPY=17 L0_BLACKLIST=4
2026-10-02 18:53:09,2615,1.46,0,99,2589,22,2593,UDP_ENTROPY=15 L0_BLACKLIST=6 TCP_OUT_OF_STATE=1
2026-10-02 18:53:10,2700,1.49,0,99,2673,21,2679,UDP_ENTROPY=16 L0_BLACKLIST=4 TCP_OUT_OF_STATE=1
2026-10-02 18:53:11,2678,1.42,3,99,2651,22,2656,UDP_ENTROPY=16 L0_BLACKLIST=6
2026-10-02 18:53:12,2612,1.43,0,99,2586,22,2590,UDP_ENTROPY=16 L0_BLACKLIST=6
2026-10-02 18:53:13,2634,1.43,0,99,2608,39,2595,L0_BLACKLIST=33 UDP_ENTROPY=6
2026-10-02 18:53:14,2805,1.6,0,99,2777,38,2767,L0_BLACKLIST=30 UDP_ENTROPY=7 TCP_OUT_OF_STATE=1
2026-10-02 18:53:15,12275,5.74,3561,54,6628,0,12275,
2026-10-02 18:53:16,13089,7.98,3931,51,6675,698,12391,UDP_ENTROPY=697 L0_BLACKLIST=1
2026-10-02 18:53:17,12578,8.27,5811,27,3396,6310,6268,UDP_GREYLIST=6028 UDP_ENTROPY=281 WAR_REFLECTION=1
2026-10-02 18:53:18,13487,8.83,6872,15,2023,6898,6589,UDP_GREYLIST=6699 UDP_ENTROPY=198 L0_BLACKLIST=1
2026-10-02 18:53:19,14168,9.05,7111,13,1842,7078,7090,UDP_GREYLIST=6912 UDP_ENTROPY=166
2026-10-02 18:53:20,14107,8.65,6879,14,1975,7237,6870,UDP_GREYLIST=7055 UDP_ENTROPY=182
2026-10-02 18:53:21,14649,9.72,6874,19,2783,7066,7583,UDP_GREYLIST=6776 UDP_ENTROPY=288 WAR_REFLECTION=2
2026-10-02 18:53:22,15016,10.05,6916,21,3153,6842,8174,UDP_GREYLIST=6537 UDP_ENTROPY=304 WAR_REFLECTION=1
2026-10-02 18:53:23,15423,9.73,6884,21,3239,6779,8644,UDP_GREYLIST=6533 UDP_ENTROPY=246
2026-10-02 18:53:24,15295,9.44,6608,21,3212,6806,8489,UDP_GREYLIST=6553 UDP_ENTROPY=249 WAR_REFLECTION=3 L0_BLACKLIST=1
2026-10-02 18:53:25,14964,9.89,6991,18,2694,7304,7660,UDP_GREYLIST=7007 UDP_ENTROPY=297
2026-10-02 18:53:26,14858,9.95,8194,6,891,7991,6867,UDP_GREYLIST=7820 UDP_ENTROPY=171
2026-10-02 18:53:27,15155,9.52,8124,5,758,7915,7240,UDP_GREYLIST=7779 UDP_ENTROPY=136
2026-10-02 18:53:28,15694,9.62,7252,13,2040,7386,8308,UDP_GREYLIST=7175 UDP_ENTROPY=211
2026-10-02 18:53:29,15384,10.24,7212,15,2308,7652,7732,UDP_GREYLIST=7374 UDP_ENTROPY=278
2026-10-02 18:53:30,15618,10.4,7594,15,2343,7461,8157,UDP_GREYLIST=7249 UDP_ENTROPY=212
2026-10-02 18:53:31,15929,10.12,7425,16,2549,7185,8744,UDP_GREYLIST=6948 UDP_ENTROPY=236 L2_UDP_CLOSED_PORT=1
2026-10-02 18:53:32,15966,9.8,6907,18,2874,7052,8914,UDP_GREYLIST=6828 UDP_ENTROPY=224
2026-10-02 18:53:33,15108,10.16,7460,10,1511,7922,7186,UDP_GREYLIST=7693 UDP_ENTROPY=228 WAR_REFLECTION=1
2026-10-02 18:53:34,14943,10.05,8539,2,299,8359,6584,UDP_GREYLIST=8244 UDP_ENTROPY=115
2026-10-02 18:53:35,15000,9.39,8383,2,300,8017,6983,UDP_GREYLIST=7921 UDP_ENTROPY=94 L1_BOGON_SRC=1 L0_BLACKLIST=1
2026-10-02 18:53:36,14830,9.12,7916,3,445,7996,6834,UDP_GREYLIST=7878 UDP_ENTROPY=116 L0_BLACKLIST=2
2026-10-02 18:53:37,14401,9.53,7833,3,432,8263,6138,UDP_GREYLIST=8149 UDP_ENTROPY=114
2026-10-02 18:53:38,14754,10.04,8284,3,443,8198,6556,UDP_GREYLIST=8061 UDP_ENTROPY=137
2026-10-02 18:53:39,15433,9.78,8360,3,463,8097,7336,UDP_GREYLIST=7974 UDP_ENTROPY=123
2026-10-02 18:53:40,15519,9.49,7992,3,466,8038,7481,UDP_GREYLIST=7911 UDP_ENTROPY=127
2026-10-02 18:53:41,14883,9.92,7989,2,298,8365,6518,UDP_GREYLIST=8244 UDP_ENTROPY=121
2026-10-02 18:53:42,13573,9.54,7517,3,407,7222,6351,UDP_GREYLIST=7087 UDP_ENTROPY=135
2026-10-02 18:53:43,12159,8.17,6863,3,365,6657,5502,UDP_GREYLIST=6577 UDP_ENTROPY=80
2026-10-02 18:53:44,12014,7.13,6548,3,360,6461,5553,UDP_GREYLIST=6345 UDP_ENTROPY=116
2026-10-02 18:53:45,6898,8.87,2896,31,2138,2839,4059,UDP_GREYLIST=2782 UDP_ENTROPY=44 L0_BLACKLIST=13
2026-10-02 18:53:46,2711,1.98,3,100,2711,36,2675,L0_BLACKLIST=36
2026-10-02 18:53:47,2597,1.33,2,100,2597,35,2562,L0_BLACKLIST=35
2026-10-02 18:53:48,2613,1.34,2,100,2613,35,2578,L0_BLACKLIST=35
2026-10-02 18:53:49,2572,1.29,1,100,2572,36,2536,L0_BLACKLIST=36
2026-10-02 18:53:50,2554,1.34,1,100,2554,33,2521,L0_BLACKLIST=33
2026-10-02 18:53:51,2564,1.35,1,100,2564,35,2529,L0_BLACKLIST=34 TCP_OUT_OF_STATE=1
2026-10-02 18:53:52,2742,1.56,1,100,2742,33,2709,L0_BLACKLIST=33
2026-10-02 18:53:53,2749,1.56,2,99,2722,35,2714,L0_BLACKLIST=35
2026-10-02 18:53:54,2673,2.46,1,100,2673,16,2657,hb
2026-10-02 18:54:15,3031,1.76,2,99,3001,0,3031,hb
2026-10-02 18:54:16,3034,1.82,2,99,3004,20,3014,L0_BLACKLIST=10 UDP_ENTROPY=10
2026-10-02 18:54:18,2870,1.77,1,99,2841,33,2837,L0_BLACKLIST=29 UDP_ENTROPY=4
2026-10-02 18:54:19,2908,2.33,0,100,2908,39,2869,L0_BLACKLIST=39
2026-10-02 18:54:20,2791,1.45,1,99,2763,39,2752,L0_BLACKLIST=39
2026-10-02 18:54:21,2804,1.39,0,100,2804,35,2769,L0_BLACKLIST=35
2026-10-02 18:54:22,2818,1.43,0,100,2818,37,2781,L0_BLACKLIST=37
2026-10-02 18:54:23,2822,1.39,0,99,2794,36,2786,L0_BLACKLIST=36
2026-10-02 18:54:24,2971,1.44,1,99,2941,38,2933,L0_BLACKLIST=38
2026-10-02 18:54:25,3000,1.74,1,99,2970,36,2964,L0_BLACKLIST=36
2026-10-02 18:54:26,3019,2.44,0,99,2989,37,2982,L0_BLACKLIST=37
2026-10-02 18:54:27,2875,1.69,0,99,2846,27,2848,L0_BLACKLIST=27
2026-10-02 18:54:28,2882,1.45,1,99,2853,17,2865,hb
2026-10-02 18:54:30,8880,4.79,1830,58,5150,0,8880,
2026-10-02 18:54:31,12707,6.36,3733,49,6226,0,12707,
2026-10-02 18:54:32,18099,12.84,5543,33,5973,6309,11790,UDP_GREYLIST=5795 UDP_ENTROPY=514
2026-10-02 18:54:33,18403,11.28,7547,16,2944,7954,10449,UDP_GREYLIST=7691 UDP_ENTROPY=261 WAR_REFLECTION=1 L0_BLACKLIST=1
2026-10-02 18:54:34,18264,12.31,7785,13,2374,8061,10203,UDP_GREYLIST=7786 UDP_ENTROPY=274 L0_BLACKLIST=1
2026-10-02 18:54:35,20465,12.4,6253,13,2660,5380,15085,UDP_GREYLIST=5008 UDP_ENTROPY=372
2026-10-02 18:54:36,19404,12.79,6891,15,2911,6654,12750,UDP_GREYLIST=6277 UDP_ENTROPY=375 L0_BLACKLIST=2
2026-10-02 18:54:37,19457,12.84,7576,13,2529,6415,13042,UDP_GREYLIST=6052 UDP_ENTROPY=362 L0_BLACKLIST=1
2026-10-02 18:54:38,19857,12.23,6943,13,2581,5776,14081,UDP_GREYLIST=5501 UDP_ENTROPY=273 WAR_REFLECTION=1 L0_BLACKLIST=1
2026-10-02 18:54:39,20066,11.92,6129,15,3010,5829,14237,UDP_GREYLIST=5536 UDP_ENTROPY=289 WAR_REFLECTION=3 L0_BLACKLIST=1
2026-10-02 18:54:40,18727,12.58,6722,15,2809,6528,12199,UDP_GREYLIST=6104 UDP_ENTROPY=421 L0_BLACKLIST=2 WAR_REFLECTION=1
2026-10-02 18:54:45,19,0.01,0,100,19,0,19,hb
2026-10-02 18:54:58,43,0.03,0,100,43,0,43,hb
2026-10-02 18:55:15,6,0.0,0,100,6,0,6,hb
2026-10-02 18:55:28,4,0.0,0,75,3,0,4,hb
2026-10-02 18:55:38,4808,22.95,2,100,4808,386,4422,UDP_FLOW_RATE=326 UDP_ENTROPY=53 L0_BLACKLIST=7
2026-10-02 18:55:39,2934,9.09,0,100,2934,135,2799,UDP_FLOW_RATE=63 UDP_ENTROPY=62 L0_BLACKLIST=10
2026-10-02 18:55:40,2987,3.89,1,100,2987,39,2948,UDP_ENTROPY=30 L0_BLACKLIST=9
2026-10-02 18:55:41,2945,2.6,0,99,2916,37,2908,UDP_ENTROPY=27 L0_BLACKLIST=10
2026-10-02 18:55:42,3004,2.93,2,99,2974,32,2972,UDP_ENTROPY=22 L0_BLACKLIST=10
2026-10-02 18:55:43,2923,1.78,1,99,2894,47,2876,L0_BLACKLIST=27 UDP_ENTROPY=20
2026-10-02 18:55:44,2976,1.62,0,99,2946,50,2926,L0_BLACKLIST=37 UDP_ENTROPY=13
2026-10-02 18:55:45,2879,1.76,0,99,2850,55,2824,L0_BLACKLIST=43 UDP_ENTROPY=12
2026-10-02 18:55:46,2889,1.61,0,99,2860,73,2816,L0_BLACKLIST=70 UDP_ENTROPY=3
2026-10-02 18:55:47,2844,1.43,1,99,2816,90,2754,L0_BLACKLIST=89 L1_BOGON_SRC=1
2026-10-02 18:55:48,2798,1.36,1,99,2770,86,2712,L0_BLACKLIST=85 TCP_OUT_OF_STATE=1
2026-10-02 18:55:49,2756,1.35,0,99,2728,93,2663,L0_BLACKLIST=93
2026-10-02 18:55:50,2875,2.55,1,99,2846,87,2788,L0_BLACKLIST=87
2026-10-02 18:55:51,2737,1.4,1,99,2710,78,2659,L0_BLACKLIST=78
2026-10-02 18:55:52,2906,1.67,1,100,2906,93,2813,L0_BLACKLIST=93
2026-10-02 18:55:53,2812,1.4,0,99,2784,69,2743,L0_BLACKLIST=69
2026-10-02 18:55:54,2837,2.49,0,99,2809,64,2773,L0_BLACKLIST=64
2026-10-02 18:55:55,2690,1.36,1,99,2663,27,2663,L0_BLACKLIST=27
2026-10-02 18:55:56,2625,1.32,1,99,2599,25,2600,L0_BLACKLIST=25
2026-10-02 18:55:57,2736,1.33,0,99,2709,24,2712,L0_BLACKLIST=24
2026-10-02 18:55:58,2805,1.42,0,99,2777,24,2781,L0_BLACKLIST=24
2026-10-02 18:55:59,2785,1.53,0,99,2757,24,2761,L0_BLACKLIST=24
2026-10-02 18:56:00,2834,1.54,1,99,2806,24,2810,L0_BLACKLIST=24
2026-10-02 18:56:01,2811,2.36,2,99,2783,20,2791,L0_BLACKLIST=19 L2_UDP_CLOSED_PORT=1
2026-10-02 18:56:02,2556,1.38,0,99,2530,20,2536,L0_BLACKLIST=20
2026-10-02 18:56:03,2709,1.29,2,99,2682,19,2690,hb
2026-10-02 18:56:05,2958,2.82,0,99,2928,20,2938,L0_BLACKLIST=20
2026-10-02 18:56:09,2716,1.3,0,99,2689,20,2696,L0_BLACKLIST=20
2026-10-02 18:56:10,2979,1.64,1,99,2949,20,2959,L0_BLACKLIST=20
2026-10-02 18:56:12,2940,2.76,1,99,2911,20,2920,L0_BLACKLIST=20
2026-10-02 18:56:13,2772,1.49,0,99,2744,20,2752,L0_BLACKLIST=20
2026-10-02 18:56:15,2892,2.57,0,99,2863,20,2872,L0_BLACKLIST=20
2026-10-02 18:56:17,2781,1.39,2,99,2753,21,2760,L0_BLACKLIST=21
2026-10-02 18:56:19,2713,1.34,1,100,2713,21,2692,L0_BLACKLIST=21
2026-10-02 18:56:21,2783,1.38,0,99,2755,21,2762,L0_BLACKLIST=21
2026-10-02 18:56:23,2956,2.47,1,100,2956,20,2936,L0_BLACKLIST=20
2026-10-02 18:56:25,2903,1.73,2,99,2874,20,2883,L0_BLACKLIST=20
2026-10-02 18:56:30,2942,1.58,2,99,2913,20,2922,L0_BLACKLIST=20
2026-10-02 18:56:31,2945,1.68,4,99,2916,21,2924,L0_BLACKLIST=19 TCP_OUT_OF_STATE=1 L2_UDP_CLOSED_PORT=1
2026-10-02 18:56:32,2868,1.46,0,99,2839,20,2848,L0_BLACKLIST=20
2026-10-02 18:56:33,2937,1.45,2,100,2937,18,2919,hb
2026-10-02 18:56:34,2987,2.59,0,100,2987,21,2966,L0_BLACKLIST=21
2026-10-02 18:56:36,2743,2.42,1,99,2716,21,2722,L0_BLACKLIST=21
2026-10-02 18:56:38,3057,1.87,1,99,3026,20,3037,L0_BLACKLIST=20
2026-10-02 18:56:39,2847,1.47,2,99,2819,20,2827,L0_BLACKLIST=20
2026-10-02 18:56:40,2920,1.56,2,99,2891,21,2899,L0_BLACKLIST=21
2026-10-02 18:56:41,2828,2.5,1,99,2800,20,2808,L0_BLACKLIST=20
2026-10-02 18:56:42,2904,1.54,2,99,2875,22,2882,L0_BLACKLIST=22
2026-10-02 18:56:44,3007,1.57,1,100,3007,25,2982,L0_BLACKLIST=16 UDP_ENTROPY=9
2026-10-02 18:56:45,3109,1.8,2,99,3078,0,3109,hb
2026-10-02 18:56:46,3162,1.9,3,99,3130,20,3142,L0_BLACKLIST=10 UDP_ENTROPY=10
2026-10-02 18:56:47,3188,1.78,0,99,3156,34,3154,UDP_ENTROPY=24 L0_BLACKLIST=10
2026-10-02 18:56:48,3120,1.81,1,99,3089,42,3078,UDP_ENTROPY=32 L0_BLACKLIST=10
2026-10-02 18:56:49,3010,1.52,2,99,2980,60,2950,L0_BLACKLIST=47 UDP_ENTROPY=13
2026-10-02 18:56:50,3107,1.8,0,100,3107,63,3044,L0_BLACKLIST=63
2026-10-02 18:56:51,3044,1.68,2,99,3014,64,2980,L0_BLACKLIST=64
2026-10-02 18:56:52,18902,9.33,5692,34,6427,0,18902,
2026-10-02 18:56:53,20141,12.82,6355,32,6445,1154,18987,UDP_ENTROPY=1151 L0_BLACKLIST=2 L1_BOGON_SRC=1
2026-10-02 18:56:54,18718,11.69,8532,11,2059,9313,9405,UDP_GREYLIST=9107 UDP_ENTROPY=203 WAR_REFLECTION=2 L0_BLACKLIST=1
2026-10-02 18:56:55,18641,12.46,8209,8,1491,8323,10318,UDP_GREYLIST=8128 UDP_ENTROPY=193 L0_BLACKLIST=2
2026-10-02 18:56:56,21597,15.07,6335,14,3024,5029,16568,UDP_GREYLIST=4243 UDP_ENTROPY=779 L0_BLACKLIST=7
2026-10-02 18:56:57,21840,14.04,9468,27,5897,8080,13760,UDP_GREYLIST=7550 UDP_ENTROPY=530
2026-10-02 18:56:58,19716,11.1,11470,11,2169,11424,8292,UDP_GREYLIST=11222 UDP_ENTROPY=200 WAR_REFLECTION=1 L0_BLACKLIST=1
2026-10-02 18:56:59,20222,11.39,11306,12,2427,9954,10268,UDP_GREYLIST=9628 UDP_ENTROPY=325 WAR_REFLECTION=1
2026-10-02 18:57:00,19447,10.77,11035,11,2139,8395,11052,UDP_GREYLIST=8126 UDP_ENTROPY=267 WAR_REFLECTION=1 L0_BLACKLIST=1
2026-10-02 18:57:01,18463,10.68,11388,7,1292,8884,9579,UDP_GREYLIST=8589 UDP_ENTROPY=294 L2_UDP_CLOSED_PORT=1
2026-10-02 18:57:02,18549,10.68,11555,7,1298,8693,9856,UDP_GREYLIST=8397 UDP_ENTROPY=295 WAR_REFLECTION=1
2026-10-02 18:57:03,18369,10.78,11530,5,918,8839,9530,UDP_GREYLIST=8496 UDP_ENTROPY=341 L0_BLACKLIST=2
2026-10-02 18:57:04,18130,9.81,11540,3,544,8946,9184,UDP_GREYLIST=8739 UDP_ENTROPY=207
2026-10-02 18:57:05,17794,10.27,11328,3,534,9019,8775,UDP_GREYLIST=8762 UDP_ENTROPY=256 WAR_REFLECTION=1
2026-10-02 18:57:06,17794,10.05,11498,2,356,8985,8809,UDP_GREYLIST=8806 UDP_ENTROPY=179
2026-10-02 18:57:07,17611,10.09,11692,2,352,9204,8407,UDP_GREYLIST=8954 UDP_ENTROPY=250
2026-10-02 18:57:08,17481,9.66,11661,1,175,8976,8505,UDP_GREYLIST=8792 UDP_ENTROPY=184
2026-10-02 18:57:09,17588,9.94,11569,0,0,8971,8617,UDP_GREYLIST=8759 UDP_ENTROPY=212
2026-10-02 18:57:10,17409,9.66,11586,0,0,9207,8202,UDP_GREYLIST=9022 UDP_ENTROPY=185
2026-10-02 18:57:11,17235,9.89,11532,0,0,9042,8193,UDP_GREYLIST=8860 UDP_ENTROPY=182
2026-10-02 18:57:12,17140,9.67,11374,0,0,8972,8168,UDP_GREYLIST=8811 UDP_ENTROPY=161
2026-10-02 18:57:13,16918,9.47,11333,1,169,8834,8084,UDP_GREYLIST=8633 UDP_ENTROPY=201
2026-10-02 18:57:14,16975,9.71,11201,1,170,8707,8268,UDP_GREYLIST=8475 UDP_ENTROPY=230 WAR_REFLECTION=2
2026-10-02 18:57:15,16725,9.41,11119,2,334,8723,8002,UDP_GREYLIST=8501 UDP_ENTROPY=222
2026-10-02 18:57:16,16556,9.26,10885,3,497,8586,7970,UDP_GREYLIST=8383 UDP_ENTROPY=203
2026-10-02 18:57:17,16140,9.29,10859,3,484,8461,7679,UDP_GREYLIST=8259 UDP_ENTROPY=202
2026-10-02 18:57:18,16052,9.08,10727,3,482,8432,7620,UDP_GREYLIST=8217 UDP_ENTROPY=215
2026-10-02 18:57:19,14563,8.06,9636,3,437,7344,7219,UDP_GREYLIST=7154 UDP_ENTROPY=190
2026-10-02 18:57:20,13284,7.77,8896,3,399,6550,6734,UDP_GREYLIST=6318 UDP_ENTROPY=232
2026-10-02 18:57:21,12368,7.23,8552,3,371,6220,6148,UDP_GREYLIST=6042 UDP_ENTROPY=178
2026-10-02 18:57:22,12242,6.67,7751,3,367,5289,6953,UDP_GREYLIST=5105 UDP_ENTROPY=184
2026-10-02 18:57:23,15043,9.07,7583,3,451,5056,9987,UDP_GREYLIST=4616 UDP_ENTROPY=440
2026-10-02 18:57:24,14025,8.63,7174,4,561,4911,9114,UDP_GREYLIST=4554 UDP_ENTROPY=355 WAR_REFLECTION=2
2026-10-02 18:57:25,11581,7.19,6937,2,232,6614,4967,UDP_GREYLIST=6494 UDP_ENTROPY=120
2026-10-02 18:57:26,11102,10.48,5984,10,1110,5776,5326,UDP_GREYLIST=5700 UDP_ENTROPY=72 L0_BLACKLIST=4
2026-10-02 18:57:27,3108,4.3,3,100,3108,31,3077,UDP_ENTROPY=16 L0_BLACKLIST=15
2026-10-02 18:57:28,2974,1.75,2,100,2974,23,2951,L0_BLACKLIST=15 UDP_ENTROPY=8
2026-10-02 18:57:29,2981,1.58,2,99,2951,20,2961,L0_BLACKLIST=14 UDP_ENTROPY=6
2026-10-02 18:57:30,2924,1.59,1,100,2924,20,2904,L0_BLACKLIST=14 UDP_ENTROPY=6
2026-10-02 18:57:31,3015,1.47,4,99,2985,22,2993,L0_BLACKLIST=15 UDP_ENTROPY=6 L2_UDP_CLOSED_PORT=1
2026-10-02 18:57:32,2969,1.54,0,100,2969,20,2949,L0_BLACKLIST=14 UDP_ENTROPY=6
2026-10-02 18:57:33,3018,1.83,1,99,2988,20,2998,L0_BLACKLIST=14 UDP_ENTROPY=6
2026-10-02 18:57:34,2844,2.53,0,99,2816,25,2819,L0_BLACKLIST=20 UDP_ENTROPY=5
2026-10-02 18:57:35,3091,2.51,2,99,3060,43,3048,L0_BLACKLIST=43
2026-10-02 18:57:36,2896,1.5,0,99,2867,40,2856,L0_BLACKLIST=40
2026-10-02 18:57:37,2590,1.29,1,100,2590,40,2550,L0_BLACKLIST=40
2026-10-02 18:57:38,2977,1.69,1,99,2947,44,2933,L0_BLACKLIST=42 TCP_OUT_OF_STATE=2
2026-10-02 18:57:39,2999,1.45,0,99,2969,43,2956,L0_BLACKLIST=43
2026-10-02 18:57:40,2897,1.82,0,99,2868,40,2857,L0_BLACKLIST=40
2026-10-02 18:57:41,2517,1.28,1,100,2517,40,2477,L0_BLACKLIST=40
2026-10-02 18:57:42,2743,1.55,0,99,2716,42,2701,L0_BLACKLIST=41 TCP_OUT_OF_STATE=1
2026-10-02 18:57:43,2983,1.63,0,100,2983,38,2945,L0_BLACKLIST=38
2026-10-02 18:57:44,2942,2.06,0,100,2942,22,2920,L0_BLACKLIST=22
2026-10-02 18:57:45,3079,3.07,2,100,3079,18,3061,hb
2026-10-02 18:57:46,2978,1.58,1,100,2978,20,2958,L0_BLACKLIST=19 TCP_OUT_OF_STATE=1
2026-10-02 18:57:47,3039,1.74,0,99,3009,21,3018,L0_BLACKLIST=21
2026-10-02 18:57:52,3026,1.55,0,99,2996,21,3005,L0_BLACKLIST=21
2026-10-02 18:57:55,3125,1.72,1,99,3094,20,3105,L0_BLACKLIST=20
2026-10-02 18:57:56,3184,2.56,0,99,3152,21,3163,L0_BLACKLIST=21
2026-10-02 18:57:57,11471,5.62,2386,47,5391,0,11471,
2026-10-02 18:57:58,15999,7.23,3760,38,6080,3798,12201,UDP_GREYLIST=3798
2026-10-02 18:57:59,21234,14.31,4976,28,5946,5687,15547,UDP_GREYLIST=5169 UDP_ENTROPY=516 L1_BOGON_SRC=1 L0_BLACKLIST=1
2026-10-02 18:58:00,21598,14.26,6351,16,3456,4994,16604,UDP_GREYLIST=4470 UDP_ENTROPY=523 L0_BLACKLIST=1
2026-10-02 18:58:01,21508,12.92,6527,12,2581,4348,17160,UDP_GREYLIST=4024 UDP_ENTROPY=318 L0_BLACKLIST=3 WAR_REFLECTION=2 L2_UDP_CLOSED_PORT=1
2026-10-02 18:58:02,19869,13.83,7347,12,2384,6141,13728,UDP_GREYLIST=5762 UDP_ENTROPY=375 L0_BLACKLIST=3 WAR_REFLECTION=1
2026-10-02 18:58:03,20728,11.77,6083,17,3524,4772,15956,UDP_GREYLIST=4487 UDP_ENTROPY=285
2026-10-02 18:58:04,19233,13.31,6439,19,3654,6479,12754,UDP_GREYLIST=6031 UDP_ENTROPY=445 L0_BLACKLIST=3
2026-10-02 18:58:05,19897,12.26,7419,12,2388,5932,13965,UDP_GREYLIST=5690 UDP_ENTROPY=240 L0_BLACKLIST=2
2026-10-02 18:58:06,20240,12.09,6472,11,2226,5634,14606,UDP_GREYLIST=5326 UDP_ENTROPY=308
2026-10-02 18:58:07,19391,13.67,6959,11,2133,6768,12623,UDP_GREYLIST=6346 UDP_ENTROPY=421 L0_BLACKLIST=1
2026-10-02 18:58:08,21413,11.81,6420,13,2784,4630,16783,UDP_GREYLIST=4398 UDP_ENTROPY=227 WAR_REFLECTION=4 L0_BLACKLIST=1
2026-10-02 18:58:09,19702,14.1,6476,10,1970,6769,12933,UDP_GREYLIST=6342 UDP_ENTROPY=427
2026-10-02 18:58:10,21182,12.02,6616,6,1271,4809,16373,UDP_GREYLIST=4612 UDP_ENTROPY=195 WAR_REFLECTION=1 L0_BLACKLIST=1
2026-10-02 18:58:11,18881,13.25,6547,3,566,7119,11762,UDP_GREYLIST=6783 UDP_ENTROPY=335 L0_BLACKLIST=1
2026-10-02 18:58:12,20237,12.57,7102,3,607,5182,15055,UDP_GREYLIST=4981 UDP_ENTROPY=198 L0_BLACKLIST=3
2026-10-02 18:58:13,18911,11.91,6718,2,378,6957,11954,UDP_GREYLIST=6646 UDP_ENTROPY=308 L0_BLACKLIST=2 WAR_REFLECTION=1
2026-10-02 18:58:14,19958,13.1,7326,3,599,5447,14511,UDP_GREYLIST=5252 UDP_ENTROPY=191 L0_BLACKLIST=3 WAR_REFLECTION=1
2026-10-02 18:58:15,19596,13.09,6415,2,392,6258,13338,UDP_GREYLIST=5888 UDP_ENTROPY=370
2026-10-02 18:58:16,20609,11.92,6902,2,412,4883,15726,UDP_GREYLIST=4678 UDP_ENTROPY=205
2026-10-02 18:58:17,20140,13.79,7130,2,403,5465,14675,UDP_GREYLIST=5189 UDP_ENTROPY=275 L0_BLACKLIST=1
2026-10-02 18:58:18,18802,11.05,6811,2,376,6272,12530,UDP_GREYLIST=6077 UDP_ENTROPY=195
2026-10-02 18:58:19,17933,11.7,7542,4,717,7108,10825,UDP_GREYLIST=6901 UDP_ENTROPY=206 L0_BLACKLIST=1
2026-10-02 18:58:20,18104,12.04,8046,4,724,6876,11228,UDP_GREYLIST=6653 UDP_ENTROPY=220 L0_BLACKLIST=3
2026-10-02 18:58:21,18288,11.42,7828,4,732,6503,11785,UDP_GREYLIST=6365 UDP_ENTROPY=138
2026-10-02 18:58:22,18458,11.36,6998,4,738,6184,12274,UDP_GREYLIST=6003 UDP_ENTROPY=179 L0_BLACKLIST=2
2026-10-02 18:58:23,17670,11.38,6770,2,353,7127,10543,UDP_GREYLIST=6924 UDP_ENTROPY=201 L0_BLACKLIST=2
2026-10-02 18:58:24,17564,11.34,7884,3,527,7111,10453,UDP_GREYLIST=6916 UDP_ENTROPY=193 L0_BLACKLIST=2
2026-10-02 18:58:25,17779,11.79,8064,3,533,6770,11009,UDP_GREYLIST=6561 UDP_ENTROPY=208 L0_BLACKLIST=1
2026-10-02 18:58:26,18179,10.96,7356,4,727,6214,11965,UDP_GREYLIST=6074 UDP_ENTROPY=140
2026-10-02 18:58:27,17792,10.55,6750,3,534,6522,11270,UDP_GREYLIST=6347 UDP_ENTROPY=174 L0_BLACKLIST=1
2026-10-02 18:58:28,7943,8.57,3371,33,2621,2982,4961,UDP_GREYLIST=2889 UDP_ENTROPY=83 L0_BLACKLIST=10
2026-10-02 18:58:29,3275,2.83,4,100,3275,16,3259,hb
2026-10-02 18:58:47,11718,6.73,2977,45,5273,0,11718,
2026-10-02 18:58:48,13834,12.19,3499,43,5949,1492,12342,UDP_ENTROPY=1492
2026-10-02 18:58:49,13374,8.72,6608,21,2809,7146,6228,UDP_GREYLIST=6917 UDP_ENTROPY=229
2026-10-02 18:58:50,14691,9.07,7250,15,2204,7184,7507,UDP_GREYLIST=6975 UDP_ENTROPY=207 WAR_REFLECTION=1 L0_BLACKLIST=1
2026-10-02 18:58:51,15816,10.4,6788,19,3005,6955,8861,UDP_GREYLIST=6596 UDP_ENTROPY=359
2026-10-02 18:58:52,20067,12.17,6127,17,3411,4264,15803,UDP_GREYLIST=3926 UDP_ENTROPY=337 L0_BLACKLIST=1
2026-10-02 18:58:53,20385,12.65,5675,19,3873,3947,16438,UDP_GREYLIST=3587 UDP_ENTROPY=359 L0_BLACKLIST=1
2026-10-02 18:58:54,19907,13.98,5247,16,3185,4469,15438,UDP_GREYLIST=4017 UDP_ENTROPY=450 L0_BLACKLIST=2
2026-10-02 18:58:55,19096,11.75,5027,15,2864,5044,14052,UDP_GREYLIST=4701 UDP_ENTROPY=340 L0_BLACKLIST=3
2026-10-02 18:58:56,18865,11.64,5892,18,3396,4904,13961,UDP_GREYLIST=4491 UDP_ENTROPY=409 WAR_REFLECTION=4
2026-10-02 18:58:57,17885,12.75,6672,15,2683,6026,11859,UDP_GREYLIST=5571 UDP_ENTROPY=454 L0_BLACKLIST=1
2026-10-02 18:58:58,19323,11.16,6478,7,1353,5020,14303,UDP_GREYLIST=4847 UDP_ENTROPY=170 WAR_REFLECTION=2 L0_BLACKLIST=1
2026-10-02 18:58:59,18625,12.52,7296,3,559,6038,12587,UDP_GREYLIST=5817 UDP_ENTROPY=220 WAR_REFLECTION=1
2026-10-02 18:59:00,19219,12.13,6809,3,577,5818,13401,UDP_GREYLIST=5490 UDP_ENTROPY=328
2026-10-02 18:59:01,19387,12.89,7463,3,582,5763,13624,UDP_GREYLIST=5517 UDP_ENTROPY=244 WAR_REFLECTION=1 L2_UDP_CLOSED_PORT=1
2026-10-02 18:59:02,19229,12.15,6770,3,577,6199,13030,UDP_GREYLIST=5882 UDP_ENTROPY=310 WAR_REFLECTION=5 L0_BLACKLIST=2
2026-10-02 18:59:03,19572,12.84,7578,3,587,5794,13778,UDP_GREYLIST=5598 UDP_ENTROPY=196
2026-10-02 18:59:04,19297,12.11,6811,3,579,6192,13105,UDP_GREYLIST=5863 UDP_ENTROPY=327 L0_BLACKLIST=1 L2_UDP_CLOSED_PORT=1
2026-10-02 18:59:05,19449,12.77,7696,2,389,5965,13484,UDP_GREYLIST=5770 UDP_ENTROPY=192 L0_BLACKLIST=2 L1_BOGON_SRC=1
2026-10-02 18:59:06,17791,11.49,6629,4,712,5691,12100,UDP_GREYLIST=5409 UDP_ENTROPY=281 L0_BLACKLIST=1
2026-10-02 18:59:07,18642,12.51,7397,7,1305,6076,12566,UDP_GREYLIST=5823 UDP_ENTROPY=252 L0_BLACKLIST=1
2026-10-02 18:59:08,19038,11.88,6548,9,1713,5623,13415,UDP_GREYLIST=5278 UDP_ENTROPY=344 L0_BLACKLIST=1
2026-10-02 18:59:09,18789,12.97,7280,9,1691,5993,12796,UDP_GREYLIST=5744 UDP_ENTROPY=247 L0_BLACKLIST=2
2026-10-02 18:59:10,18843,11.37,6560,9,1696,5529,13314,UDP_GREYLIST=5264 UDP_ENTROPY=265
2026-10-02 18:59:11,17750,12.6,6799,8,1420,6849,10901,UDP_GREYLIST=6536 UDP_ENTROPY=313
2026-10-02 18:59:12,18589,12.1,7296,8,1487,5833,12756,UDP_GREYLIST=5641 UDP_ENTROPY=191 L0_BLACKLIST=1
2026-10-02 18:59:13,18400,11.51,6580,7,1288,6045,12355,UDP_GREYLIST=5796 UDP_ENTROPY=249
2026-10-02 18:59:14,17769,12.63,7389,8,1422,6590,11179,UDP_GREYLIST=6295 UDP_ENTROPY=295
2026-10-02 18:59:15,18746,12.02,6789,9,1687,5436,13310,UDP_GREYLIST=5208 UDP_ENTROPY=227 L0_BLACKLIST=1
2026-10-02 18:59:16,17585,11.04,6460,7,1231,6562,11023,UDP_GREYLIST=6319 UDP_ENTROPY=243
2026-10-02 18:59:17,17228,11.89,7333,7,1206,5841,11387,UDP_GREYLIST=5714 UDP_ENTROPY=126 L0_BLACKLIST=1
2026-10-02 18:59:18,3564,4.55,2,100,3564,10,3554,hb
2026-10-02 18:59:24,10223,5.32,3026,49,5009,0,10223,
2026-10-02 18:59:25,12249,9.22,3452,47,5757,1086,11163,UDP_ENTROPY=1083 L0_BLACKLIST=3
2026-10-02 18:59:26,14928,9.9,6286,24,3583,6842,8086,UDP_GREYLIST=6547 UDP_ENTROPY=295
2026-10-02 18:59:27,14457,9.0,6845,16,2313,7167,7290,UDP_GREYLIST=6962 UDP_ENTROPY=204 L0_BLACKLIST=1
2026-10-02 18:59:28,16245,10.44,5472,25,4061,5709,10536,UDP_GREYLIST=5347 UDP_ENTROPY=362
2026-10-02 18:59:29,16718,12.18,5994,23,3845,5585,11133,UDP_GREYLIST=5096 UDP_ENTROPY=488 L0_BLACKLIST=1
2026-10-02 18:59:30,18164,10.78,5352,26,4723,4310,13854,UDP_GREYLIST=4022 UDP_ENTROPY=288
2026-10-02 18:59:31,16708,11.49,5517,18,3007,6026,10682,UDP_GREYLIST=5627 UDP_ENTROPY=398 L2_UDP_CLOSED_PORT=1
2026-10-02 18:59:32,18108,11.73,6176,18,3259,4827,13281,UDP_GREYLIST=4517 UDP_ENTROPY=310
2026-10-02 18:59:33,15192,10.19,7013,15,2279,7216,7976,UDP_GREYLIST=6950 UDP_ENTROPY=265 WAR_REFLECTION=1
2026-10-02 18:59:34,15529,13.46,7564,7,1087,7091,8438,UDP_GREYLIST=6852 UDP_ENTROPY=234 WAR_REFLECTION=4 L0_BLACKLIST=1
2026-10-02 18:59:35,15646,13.99,6551,4,626,7192,8454,UDP_GREYLIST=6823 UDP_ENTROPY=369
2026-10-02 18:59:36,16061,14.41,6572,4,642,7225,8836,UDP_GREYLIST=6712 UDP_ENTROPY=510 WAR_REFLECTION=3
2026-10-02 18:59:37,16042,14.89,7345,5,802,7140,8902,UDP_GREYLIST=6670 UDP_ENTROPY=470
2026-10-02 18:59:38,16238,15.46,7613,4,650,6922,9316,UDP_GREYLIST=6528 UDP_ENTROPY=394
2026-10-02 18:59:39,16673,13.16,7342,4,667,6096,10577,UDP_GREYLIST=5923 UDP_ENTROPY=173
2026-10-02 18:59:40,16549,13.33,6759,4,662,6377,10172,UDP_GREYLIST=6042 UDP_ENTROPY=335
2026-10-02 18:59:41,15942,13.84,6039,11,1754,6550,9392,UDP_GREYLIST=5985 UDP_ENTROPY=565
2026-10-02 18:59:42,16876,13.16,6923,13,2194,5617,11259,UDP_GREYLIST=5259 UDP_ENTROPY=358
2026-10-02 18:59:43,17166,13.57,6134,11,1888,5577,11589,UDP_GREYLIST=5158 UDP_ENTROPY=419
2026-10-02 18:59:44,15942,13.53,5948,11,1754,6593,9349,UDP_GREYLIST=6054 UDP_ENTROPY=539
2026-10-02 18:59:45,16235,14.94,7017,13,2111,6415,9820,UDP_GREYLIST=5906 UDP_ENTROPY=509
2026-10-02 18:59:46,16489,13.52,6845,12,1979,5895,10594,UDP_GREYLIST=5506 UDP_ENTROPY=389
2026-10-02 18:59:47,16539,12.04,6139,12,1985,5774,10765,UDP_GREYLIST=5412 UDP_ENTROPY=362
2026-10-02 18:59:48,15956,13.61,6333,13,2074,6501,9455,UDP_GREYLIST=6051 UDP_ENTROPY=450
2026-10-02 18:59:49,16596,13.86,7039,13,2157,6244,10352,UDP_GREYLIST=5839 UDP_ENTROPY=405
2026-10-02 18:59:50,17340,13.9,6821,10,1734,5966,11374,UDP_GREYLIST=5628 UDP_ENTROPY=338
2026-10-02 18:59:51,17404,12.9,6747,4,696,6672,10732,UDP_GREYLIST=6376 UDP_ENTROPY=293 WAR_REFLECTION=3
2026-10-02 18:59:52,16817,13.43,7463,4,673,7146,9671,UDP_GREYLIST=6869 UDP_ENTROPY=277
2026-10-02 18:59:53,15739,11.17,8561,3,472,8355,7384,UDP_GREYLIST=8177 UDP_ENTROPY=178
2026-10-02 18:59:54,16049,11.06,8258,3,481,7836,8213,UDP_GREYLIST=7682 UDP_ENTROPY=154
2026-10-02 18:59:55,3676,4.13,362,90,3308,355,3321,UDP_GREYLIST=354 UDP_ENTROPY=1
2026-10-02 18:59:56,3043,2.7,2,100,3043,0,3043,hb
2026-10-02 19:00:25,2918,1.57,0,100,2918,0,2918,hb
2026-10-02 19:00:26,2904,1.56,1,100,2904,1,2903,hb
2026-10-02 19:00:43,15364,9.27,2133,55,8450,0,15364,
2026-10-02 19:00:44,20507,11.09,3257,60,12304,3338,17169,UDP_GREYLIST=3338
2026-10-02 19:00:45,25552,19.07,4180,49,12520,5559,19993,UDP_GREYLIST=4313 UDP_ENTROPY=1246
2026-10-02 19:00:46,21526,19.71,6074,27,5812,5474,16052,UDP_GREYLIST=4470 UDP_ENTROPY=1004
2026-10-02 19:00:47,20315,19.16,6006,19,3860,6442,13873,UDP_GREYLIST=5251 UDP_ENTROPY=1188 WAR_REFLECTION=3
2026-10-02 19:00:48,19281,22.31,6368,17,3278,7660,11621,UDP_GREYLIST=6387 UDP_ENTROPY=1273
2026-10-02 19:00:49,19168,20.55,6140,26,4984,6888,12280,UDP_GREYLIST=5521 UDP_ENTROPY=1367
2026-10-02 19:00:50,19194,20.77,6678,25,4798,6649,12545,UDP_GREYLIST=5285 UDP_ENTROPY=1364
2026-10-02 19:00:51,19065,20.77,6841,26,4957,7118,11947,UDP_GREYLIST=5831 UDP_ENTROPY=1287
2026-10-02 19:00:52,19034,21.24,7191,19,3616,7138,11896,UDP_GREYLIST=5983 UDP_ENTROPY=1155
2026-10-02 19:00:53,18925,20.48,7461,17,3217,7471,11454,UDP_GREYLIST=6396 UDP_ENTROPY=1072 WAR_REFLECTION=3
2026-10-02 19:00:54,18853,20.5,7979,9,1697,7751,11102,UDP_GREYLIST=6827 UDP_ENTROPY=923 WAR_REFLECTION=1
2026-10-02 19:00:55,18193,19.88,8023,5,910,7721,10472,UDP_GREYLIST=6809 UDP_ENTROPY=912
2026-10-02 19:00:56,18546,20.28,7987,6,1113,7901,10645,UDP_GREYLIST=6897 UDP_ENTROPY=1004
2026-10-02 19:00:57,18135,20.64,7829,7,1269,7722,10413,UDP_GREYLIST=6725 UDP_ENTROPY=992 WAR_REFLECTION=5
2026-10-02 19:00:58,18204,20.58,7631,7,1274,7643,10561,UDP_GREYLIST=6676 UDP_ENTROPY=967
2026-10-02 19:00:59,17659,20.1,7601,7,1236,7762,9897,UDP_GREYLIST=6743 UDP_ENTROPY=1019
2026-10-02 19:01:00,17748,20.51,7773,5,887,7841,9907,UDP_GREYLIST=6997 UDP_ENTROPY=844
2026-10-02 19:01:01,17786,20.5,7323,9,1601,7540,10246,UDP_GREYLIST=6462 UDP_ENTROPY=1077 L2_UDP_CLOSED_PORT=1
2026-10-02 19:01:02,17990,20.34,6969,13,2339,7545,10445,UDP_GREYLIST=6359 UDP_ENTROPY=1186
2026-10-02 19:01:03,17874,21.45,6888,14,2502,7488,10386,UDP_GREYLIST=6277 UDP_ENTROPY=1211
2026-10-02 19:01:04,17374,20.39,6783,16,2780,7351,10023,UDP_GREYLIST=6216 UDP_ENTROPY=1135
2026-10-02 19:01:05,17271,19.13,6510,17,2936,7054,10217,UDP_GREYLIST=6002 UDP_ENTROPY=1052
2026-10-02 19:01:06,16945,16.65,6667,16,2711,7095,9850,UDP_GREYLIST=6402 UDP_ENTROPY=693
2026-10-02 19:01:07,17035,18.42,6687,16,2726,7076,9959,UDP_GREYLIST=6169 UDP_ENTROPY=907
2026-10-02 19:01:08,16897,17.99,6719,17,2872,7080,9817,UDP_GREYLIST=6212 UDP_ENTROPY=868
2026-10-02 19:01:09,16845,17.32,7060,14,2358,7254,9591,UDP_GREYLIST=6478 UDP_ENTROPY=775 WAR_REFLECTION=1
2026-10-02 19:01:10,16405,16.05,7488,9,1476,7425,8980,UDP_GREYLIST=6760 UDP_ENTROPY=664 WAR_REFLECTION=1
2026-10-02 19:01:11,16218,17.02,7720,7,1135,7782,8436,UDP_GREYLIST=7035 UDP_ENTROPY=747
2026-10-02 19:01:12,16474,14.23,8005,5,824,7484,8990,UDP_GREYLIST=7141 UDP_ENTROPY=343
2026-10-02 19:01:13,5987,4.74,2213,47,2814,805,5182,UDP_GREYLIST=804 UDP_ENTROPY=1
2026-10-02 19:01:14,2947,1.66,2,100,2947,0,2947,hb
2026-10-02 19:01:37,8812,4.3,1355,69,6080,0,8812,
2026-10-02 19:01:38,24999,14.05,1549,71,17749,0,24999,
2026-10-02 19:01:39,26396,19.76,2145,70,18477,2261,24135,UDP_ENTROPY=2258 L0_BLACKLIST=3
2026-10-02 19:01:40,16452,10.87,4382,39,6416,4992,11460,UDP_GREYLIST=4527 UDP_ENTROPY=462 L0_BLACKLIST=3
2026-10-02 19:01:41,17795,11.83,5346,26,4627,4326,13469,UDP_GREYLIST=3938 UDP_ENTROPY=387 WAR_REFLECTION=1
2026-10-02 19:01:42,16669,11.05,5240,21,3500,5464,11205,UDP_GREYLIST=5038 UDP_ENTROPY=422 WAR_REFLECTION=2 L0_BLACKLIST=2
2026-10-02 19:01:43,18974,11.87,5669,20,3795,4383,14591,UDP_GREYLIST=4043 UDP_ENTROPY=339 L0_BLACKLIST=1
2026-10-02 19:01:44,18559,13.75,4729,31,5753,5525,13034,UDP_GREYLIST=4790 UDP_ENTROPY=735
2026-10-02 19:01:45,20636,11.84,5236,28,5778,3927,16709,UDP_GREYLIST=3588 UDP_ENTROPY=338 L0_BLACKLIST=1
2026-10-02 19:01:46,19123,14.4,5298,30,5737,5545,13578,UDP_GREYLIST=4805 UDP_ENTROPY=740
2026-10-02 19:01:47,20812,12.26,5398,27,5619,4292,16520,UDP_GREYLIST=3918 UDP_ENTROPY=374
2026-10-02 19:01:48,19356,14.46,6047,23,4452,5858,13498,UDP_GREYLIST=5193 UDP_ENTROPY=665
2026-10-02 19:01:49,20835,12.63,5839,22,4584,4685,16150,UDP_GREYLIST=4328 UDP_ENTROPY=351 WAR_REFLECTION=6
2026-10-02 19:01:50,20437,13.69,6443,19,3883,5740,14697,UDP_GREYLIST=5299 UDP_ENTROPY=441
2026-10-02 19:01:51,18178,12.01,8428,6,1091,8009,10169,UDP_GREYLIST=7801 UDP_ENTROPY=205 WAR_REFLECTION=3
2026-10-02 19:01:52,17165,11.39,8082,6,1030,8589,8576,UDP_GREYLIST=8384 UDP_ENTROPY=205
2026-10-02 19:01:53,17220,12.14,8621,7,1205,8330,8890,UDP_GREYLIST=8088 UDP_ENTROPY=240 WAR_REFLECTION=2
2026-10-02 19:01:54,17488,11.05,8132,7,1224,7839,9649,UDP_GREYLIST=7628 UDP_ENTROPY=211
2026-10-02 19:01:55,1687,1.96,1379,6,101,1201,486,UDP_GREYLIST=1164 UDP_ENTROPY=37
2026-10-02 19:01:56,19,0.13,0,100,19,0,19,hb
2026-10-02 19:02:21,3583,12.35,2,100,3583,40,3543,UDP_ENTROPY=40
2026-10-02 19:02:22,2819,3.03,1,100,2819,53,2766,UDP_ENTROPY=53
2026-10-02 19:02:23,2901,1.93,0,100,2901,47,2854,L0_BLACKLIST=24 UDP_ENTROPY=22 L1_BOGON_SRC=1
2026-10-02 19:02:24,2757,1.57,2,100,2757,51,2706,L0_BLACKLIST=29 UDP_ENTROPY=20 TCP_OUT_OF_STATE=2
2026-10-02 19:02:25,2859,2.51,1,100,2859,1,2858,hb
2026-10-02 19:02:26,2938,2.61,0,100,2938,65,2873,L0_BLACKLIST=50 UDP_ENTROPY=13 TCP_OUT_OF_STATE=2
2026-10-02 19:02:27,2841,1.97,0,100,2841,90,2751,L0_BLACKLIST=90
2026-10-02 19:02:28,2793,1.46,1,100,2793,89,2704,L0_BLACKLIST=88 TCP_OUT_OF_STATE=1
2026-10-02 19:02:29,2820,1.9,0,100,2820,87,2733,L0_BLACKLIST=87
2026-10-02 19:02:30,2820,2.23,0,100,2820,85,2735,L0_BLACKLIST=85
2026-10-02 19:02:31,23244,12.58,1196,75,17433,0,23244,
2026-10-02 19:02:32,26732,17.8,1197,75,20049,1479,25253,UDP_ENTROPY=1479
2026-10-02 19:02:33,24527,18.26,2757,51,12509,1978,22549,UDP_ENTROPY=1975 L0_BLACKLIST=3
2026-10-02 19:02:34,19435,17.82,5274,31,6025,6637,12798,UDP_GREYLIST=5416 UDP_ENTROPY=1219 L0_BLACKLIST=2
2026-10-02 19:02:35,19091,17.76,6650,25,4773,6376,12715,UDP_GREYLIST=5515 UDP_ENTROPY=857 L0_BLACKLIST=3 WAR_REFLECTION=1
2026-10-02 19:02:36,19755,16.48,6580,22,4346,5861,13894,UDP_GREYLIST=5125 UDP_ENTROPY=733 L0_BLACKLIST=3
2026-10-02 19:02:37,20119,17.95,5392,28,5633,5510,14609,UDP_GREYLIST=4488 UDP_ENTROPY=1022
2026-10-02 19:02:38,19658,17.11,5001,30,5897,6008,13650,UDP_GREYLIST=4901 UDP_ENTROPY=1106 L0_BLACKLIST=1
2026-10-02 19:02:39,19035,17.73,5825,31,5901,6080,12955,UDP_GREYLIST=4964 UDP_ENTROPY=1116
2026-10-02 19:02:40,19338,16.06,6256,26,5028,5666,13672,UDP_GREYLIST=4867 UDP_ENTROPY=798 L0_BLACKLIST=1
2026-10-02 19:02:41,19736,17.26,5650,24,4737,5706,14030,UDP_GREYLIST=4639 UDP_ENTROPY=1064 WAR_REFLECTION=3
2026-10-02 19:02:42,19130,17.12,5962,16,3061,6812,12318,UDP_GREYLIST=6030 UDP_ENTROPY=782
2026-10-02 19:02:43,18411,17.5,7029,5,921,7593,10818,UDP_GREYLIST=6940 UDP_ENTROPY=651 WAR_REFLECTION=1 L0_BLACKLIST=1
2026-10-02 19:02:44,18367,17.92,7915,5,918,7292,11075,UDP_GREYLIST=6661 UDP_ENTROPY=630 L0_BLACKLIST=1
2026-10-02 19:02:45,18598,14.99,7711,6,1116,6418,12180,UDP_GREYLIST=6108 UDP_ENTROPY=309 L0_BLACKLIST=1
2026-10-02 19:02:46,18900,15.05,6698,6,1134,6167,12733,UDP_GREYLIST=5637 UDP_ENTROPY=527 WAR_REFLECTION=2 L0_BLACKLIST=1
2026-10-02 19:02:47,18115,15.8,6486,6,1087,7200,10915,UDP_GREYLIST=6655 UDP_ENTROPY=545
2026-10-02 19:02:48,18192,17.52,7757,6,1092,7277,10915,UDP_GREYLIST=6556 UDP_ENTROPY=721
2026-10-02 19:02:49,18197,15.8,7866,2,364,6759,11438,UDP_GREYLIST=6291 UDP_ENTROPY=467 L0_BLACKLIST=1
2026-10-02 19:02:50,18462,15.71,7175,7,1292,6518,11944,UDP_GREYLIST=6011 UDP_ENTROPY=506 L0_BLACKLIST=1
2026-10-02 19:02:51,18302,13.53,6161,13,2379,6261,12041,UDP_GREYLIST=5773 UDP_ENTROPY=488
2026-10-02 19:02:52,17543,14.46,6075,15,2631,6781,10762,UDP_GREYLIST=6282 UDP_ENTROPY=499
2026-10-02 19:02:53,17190,15.14,6403,16,2750,6683,10507,UDP_GREYLIST=6089 UDP_ENTROPY=593 L0_BLACKLIST=1
2026-10-02 19:02:54,17201,15.19,6687,19,3268,6598,10603,UDP_GREYLIST=5891 UDP_ENTROPY=706 L0_BLACKLIST=1
2026-10-02 19:02:55,17576,15.89,7020,18,3164,6656,10920,UDP_GREYLIST=5975 UDP_ENTROPY=680 L0_BLACKLIST=1
2026-10-02 19:02:56,17243,15.72,7024,18,3104,6554,10689,UDP_GREYLIST=5807 UDP_ENTROPY=746 L0_BLACKLIST=1
2026-10-02 19:02:57,17311,13.94,6896,18,3116,6310,11001,UDP_GREYLIST=5729 UDP_ENTROPY=580 L0_BLACKLIST=1
2026-10-02 19:02:58,16981,12.65,7115,17,2887,6578,10403,UDP_GREYLIST=6195 UDP_ENTROPY=383
2026-10-02 19:02:59,15841,10.55,8099,10,1584,7813,8028,UDP_GREYLIST=7635 UDP_ENTROPY=176 WAR_REFLECTION=2
2026-10-02 19:03:00,16084,10.05,7883,6,965,7841,8243,UDP_GREYLIST=7649 UDP_ENTROPY=192
2026-10-02 19:03:01,4813,5.65,1677,54,2599,1725,3088,UDP_GREYLIST=1668 UDP_ENTROPY=48 L0_BLACKLIST=8 L2_UDP_CLOSED_PORT=1
2026-10-02 19:03:02,2497,1.31,1,100,2497,11,2486,hb
2026-10-02 19:03:25,2656,2.79,0,100,2656,21,2635,UDP_ENTROPY=16 L0_BLACKLIST=5
2026-10-02 19:03:31,5466,2.95,522,86,4701,0,5466,hb
2026-10-02 19:03:32,20803,11.25,2594,68,14146,0,20803,
2026-10-02 19:03:33,21909,17.2,3155,66,14460,2143,19766,UDP_ENTROPY=2143
2026-10-02 19:03:34,19249,18.3,5774,27,5197,6970,12279,UDP_GREYLIST=5996 UDP_ENTROPY=973 L0_BLACKLIST=1
2026-10-02 19:03:35,19487,17.35,5770,24,4677,6516,12971,UDP_GREYLIST=5552 UDP_ENTROPY=963 WAR_REFLECTION=1
2026-10-02 19:03:36,19319,18.4,5861,21,4057,6854,12465,UDP_GREYLIST=5863 UDP_ENTROPY=989 L0_BLACKLIST=2
2026-10-02 19:03:37,19559,18.93,5485,26,5085,6707,12852,UDP_GREYLIST=5444 UDP_ENTROPY=1262 L0_BLACKLIST=1
2026-10-02 19:03:38,18900,19.26,5120,29,5481,6542,12358,UDP_GREYLIST=5219 UDP_ENTROPY=1322 L0_BLACKLIST=1
2026-10-02 19:03:39,18484,19.01,5756,24,4436,7052,11432,UDP_GREYLIST=5906 UDP_ENTROPY=1145 L0_BLACKLIST=1
2026-10-02 19:03:40,18799,20.1,6068,19,3572,7385,11414,UDP_GREYLIST=6097 UDP_ENTROPY=1284 WAR_REFLECTION=3 L0_BLACKLIST=1
2026-10-02 19:03:41,18910,18.92,6490,13,2458,7267,11643,UDP_GREYLIST=6499 UDP_ENTROPY=766 L0_BLACKLIST=1 WAR_REFLECTION=1
2026-10-02 19:03:42,18591,17.73,6821,5,930,7449,11142,UDP_GREYLIST=6755 UDP_ENTROPY=689 WAR_REFLECTION=3 L2_UDP_CLOSED_PORT=1 L0_BLACKLIST=1
2026-10-02 19:03:43,18184,18.02,6688,5,909,17344,840,L2_UDP_CLOSED_PORT=17201 UDP_ENTROPY=142 L0_BLACKLIST=1
2026-10-02 19:03:44,17777,18.19,6523,6,1067,16803,974,L2_UDP_CLOSED_PORT=16651 UDP_ENTROPY=151 L0_BLACKLIST=1
2026-10-02 19:03:45,18022,18.05,6676,6,1081,17075,947,L2_UDP_CLOSED_PORT=16929 UDP_ENTROPY=145 L0_BLACKLIST=1
2026-10-02 19:03:46,17894,18.43,6736,7,1253,16851,1043,L2_UDP_CLOSED_PORT=16655 UDP_ENTROPY=195 L0_BLACKLIST=1
2026-10-02 19:03:47,17850,18.2,7038,3,536,17395,455,L2_UDP_CLOSED_PORT=17332 UDP_ENTROPY=62 L0_BLACKLIST=1
2026-10-02 19:03:48,17614,18.03,7362,3,528,17218,396,L2_UDP_CLOSED_PORT=17164 UDP_ENTROPY=54
2026-10-02 19:03:49,17857,18.81,6816,11,1964,16254,1603,L2_UDP_CLOSED_PORT=15948 UDP_ENTROPY=306
2026-10-02 19:03:50,17204,17.22,6556,14,2409,15156,2048,L2_UDP_CLOSED_PORT=14811 UDP_ENTROPY=345
2026-10-02 19:03:51,17561,18.19,6640,16,2810,15206,2355,L2_UDP_CLOSED_PORT=14745 UDP_ENTROPY=461
2026-10-02 19:03:52,17265,17.05,6427,18,3108,14583,2682,L2_UDP_CLOSED_PORT=14152 UDP_ENTROPY=431
2026-10-02 19:03:53,17367,16.11,6448,18,3126,14579,2788,L2_UDP_CLOSED_PORT=14233 UDP_ENTROPY=346
2026-10-02 19:03:54,17087,16.3,6433,17,2905,14528,2559,L2_UDP_CLOSED_PORT=14176 UDP_ENTROPY=352
2026-10-02 19:03:55,16333,15.73,6293,17,2777,13922,2411,L2_UDP_CLOSED_PORT=13537 UDP_ENTROPY=385
2026-10-02 19:03:56,15080,15.01,6176,17,2564,12912,2168,L2_UDP_CLOSED_PORT=12551 UDP_ENTROPY=359 L0_BLACKLIST=2
2026-10-02 19:03:57,3075,3.69,1248,15,461,2679,396,L2_UDP_CLOSED_PORT=2614 UDP_ENTROPY=65
2026-10-02 19:03:58,198,0.3,12,86,170,32,166,L2_UDP_CLOSED_PORT=28 UDP_ENTROPY=4
2026-10-02 19:03:59,168,0.23,13,82,138,36,132,L2_UDP_CLOSED_PORT=30 UDP_ENTROPY=4 L0_BLACKLIST=2
2026-10-02 19:04:00,160,0.16,6,89,142,19,141,hb
2026-10-02 19:04:01,269,0.29,0,100,269,0,269,hb
2026-10-02 19:04:10,1515,1.89,76,89,1348,465,1050,UDP_ENTROPY=288 L2_UDP_CLOSED_PORT=173 L0_BLACKLIST=4
2026-10-02 19:04:11,2297,1.77,191,81,1861,579,1718,L2_UDP_CLOSED_PORT=434 UDP_ENTROPY=145
2026-10-02 19:04:12,567,0.52,146,51,289,304,263,L2_UDP_CLOSED_PORT=277 UDP_ENTROPY=26 L0_BLACKLIST=1
2026-10-02 19:04:13,874,1.11,242,47,411,546,328,L2_UDP_CLOSED_PORT=461 UDP_ENTROPY=85
2026-10-02 19:04:14,1323,1.47,335,47,622,787,536,L2_UDP_CLOSED_PORT=698 UDP_ENTROPY=89
2026-10-02 19:04:15,845,1.0,258,36,304,595,250,L2_UDP_CLOSED_PORT=542 UDP_ENTROPY=53
2026-10-02 19:04:16,1136,1.64,316,41,466,770,366,L2_UDP_CLOSED_PORT=674 UDP_ENTROPY=93 L0_BLACKLIST=3
2026-10-02 19:04:17,1401,1.65,445,30,420,1043,358,L2_UDP_CLOSED_PORT=986 UDP_ENTROPY=55 L0_BLACKLIST=2
2026-10-02 19:04:18,1137,1.25,379,28,318,847,290,L2_UDP_CLOSED_PORT=819 UDP_ENTROPY=27 L0_BLACKLIST=1
2026-10-02 19:04:19,215,0.2,39,65,140,85,130,L2_UDP_CLOSED_PORT=76 UDP_ENTROPY=8 L0_BLACKLIST=1
2026-10-02 19:04:20,256,0.21,32,74,189,72,184,L2_UDP_CLOSED_PORT=66 UDP_ENTROPY=5 L0_BLACKLIST=1
2026-10-02 19:04:21,292,0.33,28,82,239,87,205,L2_UDP_CLOSED_PORT=53 UDP_ENTROPY=33 L0_BLACKLIST=1
2026-10-02 19:04:22,479,0.46,29,87,417,104,375,L2_UDP_CLOSED_PORT=61 UDP_ENTROPY=43
2026-10-02 19:04:23,203,0.23,26,71,144,61,142,L2_UDP_CLOSED_PORT=59 L0_BLACKLIST=2
2026-10-02 19:04:24,205,0.19,34,66,135,72,133,L2_UDP_CLOSED_PORT=69 L0_BLACKLIST=2 UDP_ENTROPY=1
2026-10-02 19:04:25,141,0.12,9,86,121,26,115,L2_UDP_CLOSED_PORT=20 L0_BLACKLIST=4 UDP_ENTROPY=2
2026-10-02 19:04:26,172,0.11,8,89,153,21,151,L2_UDP_CLOSED_PORT=19 UDP_ENTROPY=2
2026-10-02 19:04:27,140,0.1,9,86,120,20,120,L2_UDP_CLOSED_PORT=19 UDP_ENTROPY=1
2026-10-02 19:04:28,131,0.12,15,72,94,43,88,L2_UDP_CLOSED_PORT=37 UDP_ENTROPY=5 L0_BLACKLIST=1
2026-10-02 19:04:29,163,0.16,20,70,114,56,107,L2_UDP_CLOSED_PORT=49 UDP_ENTROPY=5 L0_BLACKLIST=2
2026-10-02 19:04:30,135,0.07,10,78,105,31,104,L2_UDP_CLOSED_PORT=30 UDP_ENTROPY=1
2026-10-02 19:04:31,110,0.09,6,67,74,38,72,L2_UDP_CLOSED_PORT=36 UDP_ENTROPY=1 L0_BLACKLIST=1
2026-10-02 19:04:32,123,0.11,6,79,97,31,92,L2_UDP_CLOSED_PORT=26 UDP_ENTROPY=3 L0_BLACKLIST=2
2026-10-02 19:04:33,174,0.14,12,77,134,45,129,L2_UDP_CLOSED_PORT=40 UDP_ENTROPY=3 L0_BLACKLIST=2
2026-10-02 19:04:34,208,0.17,11,75,156,56,152,L2_UDP_CLOSED_PORT=51 UDP_ENTROPY=4 L0_BLACKLIST=1
2026-10-02 19:04:35,218,0.17,11,82,179,42,176,L2_UDP_CLOSED_PORT=39 UDP_ENTROPY=2 L1_BOGON_SRC=1
2026-10-02 19:04:36,183,0.17,7,90,165,25,158,L2_UDP_CLOSED_PORT=18 UDP_ENTROPY=5 L0_BLACKLIST=2
2026-10-02 19:04:37,96,0.08,4,80,77,21,75,L2_UDP_CLOSED_PORT=19 L0_BLACKLIST=2
2026-10-02 19:04:38,67,0.08,0,100,67,1,66,hb
2026-10-02 19:04:59,2012,2.75,86,85,1710,733,1279,UDP_ENTROPY=439 L2_UDP_CLOSED_PORT=294
2026-10-02 19:05:00,3739,2.18,215,79,2954,879,2860,L2_UDP_CLOSED_PORT=780 UDP_ENTROPY=99
2026-10-02 19:05:01,1043,0.91,201,50,522,581,462,L2_UDP_CLOSED_PORT=524 UDP_ENTROPY=57
2026-10-02 19:05:02,788,1.02,172,41,323,513,275,L2_UDP_CLOSED_PORT=465 UDP_ENTROPY=48
2026-10-02 19:05:03,1412,1.4,348,36,508,974,438,L2_UDP_CLOSED_PORT=899 UDP_ENTROPY=75
2026-10-02 19:05:04,1594,1.33,396,34,542,1111,483,L2_UDP_CLOSED_PORT=1057 UDP_ENTROPY=54
2026-10-02 19:05:05,1244,1.19,294,23,286,995,249,L2_UDP_CLOSED_PORT=962 UDP_ENTROPY=33
2026-10-02 19:05:06,1471,1.48,323,30,441,1104,367,L2_UDP_CLOSED_PORT=1033 UDP_ENTROPY=71
2026-10-02 19:05:07,1056,1.19,272,22,232,871,185,L2_UDP_CLOSED_PORT=827 UDP_ENTROPY=44
2026-10-02 19:05:08,2019,1.63,428,24,485,1578,441,L2_UDP_CLOSED_PORT=1541 UDP_ENTROPY=37
2026-10-02 19:05:09,1426,1.43,427,12,171,1281,145,L2_UDP_CLOSED_PORT=1258 UDP_ENTROPY=23
2026-10-02 19:05:10,401,0.28,175,9,36,367,34,L2_UDP_CLOSED_PORT=364 UDP_ENTROPY=3
2026-10-02 19:05:11,118,0.09,36,15,18,99,19,L2_UDP_CLOSED_PORT=99
2026-10-02 19:05:12,132,0.12,36,23,30,104,28,L2_UDP_CLOSED_PORT=102 UDP_ENTROPY=2
2026-10-02 19:05:13,167,0.21,37,47,78,110,57,L2_UDP_CLOSED_PORT=89 UDP_ENTROPY=21
2026-10-02 19:05:14,574,0.52,39,81,465,165,409,L2_UDP_CLOSED_PORT=110 UDP_ENTROPY=55
2026-10-02 19:05:15,104,0.1,32,6,6,98,6,L2_UDP_CLOSED_PORT=98
2026-10-02 19:05:16,57,0.05,20,2,1,56,1,L2_UDP_CLOSED_PORT=56
2026-10-02 19:05:17,113,0.09,31,5,6,109,4,L2_UDP_CLOSED_PORT=107 UDP_ENTROPY=2
2026-10-02 19:05:18,36,0.03,7,25,9,28,8,L2_UDP_CLOSED_PORT=27 UDP_ENTROPY=1
2026-10-02 19:05:19,35,0.02,8,17,6,30,5,L2_UDP_CLOSED_PORT=29 UDP_ENTROPY=1
2026-10-02 19:05:20,19,0.02,4,37,7,13,6,hb
2026-10-02 19:05:22,57,0.04,20,33,19,40,17,L2_UDP_CLOSED_PORT=38 UDP_ENTROPY=2
2026-10-02 19:05:23,48,0.03,18,21,10,38,10,L2_UDP_CLOSED_PORT=38
2026-10-02 19:05:24,37,0.02,12,24,9,30,7,L2_UDP_CLOSED_PORT=28 UDP_ENTROPY=2
2026-10-02 19:05:25,65,0.06,21,23,15,54,11,L2_UDP_CLOSED_PORT=50 UDP_ENTROPY=4
2026-10-02 19:05:26,25,0.01,7,24,6,20,5,L2_UDP_CLOSED_PORT=19 UDP_ENTROPY=1
2026-10-02 19:05:31,13,0.01,1,92,12,0,13,hb
2026-10-02 19:05:36,1614,2.38,84,85,1372,619,995,UDP_ENTROPY=378 L2_UDP_CLOSED_PORT=241
2026-10-02 19:05:37,3608,2.25,209,78,2814,914,2694,L2_UDP_CLOSED_PORT=798 UDP_ENTROPY=116
2026-10-02 19:05:38,1478,1.04,220,59,872,642,836,L2_UDP_CLOSED_PORT=599 UDP_ENTROPY=43
2026-10-02 19:05:39,712,0.71,174,40,285,469,243,L2_UDP_CLOSED_PORT=425 UDP_ENTROPY=44
2026-10-02 19:05:40,1194,1.2,262,35,418,833,361,L2_UDP_CLOSED_PORT=771 UDP_ENTROPY=62
2026-10-02 19:05:41,2105,1.71,378,36,758,1416,689,L2_UDP_CLOSED_PORT=1353 UDP_ENTROPY=62 L1_BOGON_SRC=1
2026-10-02 19:05:42,1105,0.98,244,21,232,894,211,L2_UDP_CLOSED_PORT=870 UDP_ENTROPY=24
2026-10-02 19:05:43,1340,1.34,272,31,415,986,354,L2_UDP_CLOSED_PORT=924 UDP_ENTROPY=62
2026-10-02 19:05:44,1163,1.07,352,25,291,919,244,L2_UDP_CLOSED_PORT=878 UDP_ENTROPY=41
2026-10-02 19:05:45,1716,1.63,482,22,378,1387,329,L2_UDP_CLOSED_PORT=1335 UDP_ENTROPY=52
2026-10-02 19:05:46,1725,1.68,476,16,276,1481,244,L2_UDP_CLOSED_PORT=1443 UDP_ENTROPY=38
2026-10-02 19:05:47,753,0.58,201,7,53,707,46,L2_UDP_CLOSED_PORT=703 UDP_ENTROPY=4
2026-10-02 19:05:48,154,0.15,30,18,28,129,25,L2_UDP_CLOSED_PORT=126 UDP_ENTROPY=3
2026-10-02 19:05:49,108,0.12,33,11,12,96,12,L2_UDP_CLOSED_PORT=96
2026-10-02 19:05:50,129,0.1,28,20,26,106,23,L2_UDP_CLOSED_PORT=103 UDP_ENTROPY=3
2026-10-02 19:05:51,328,0.33,32,73,239,125,203,L2_UDP_CLOSED_PORT=90 UDP_ENTROPY=35
2026-10-02 19:05:52,417,0.33,27,75,313,135,282,L2_UDP_CLOSED_PORT=106 UDP_ENTROPY=29
2026-10-02 19:05:53,77,0.06,29,5,4,73,4,L2_UDP_CLOSED_PORT=73
2026-10-02 19:05:54,98,0.09,31,2,2,96,2,L2_UDP_CLOSED_PORT=96
2026-10-02 19:05:55,72,0.06,27,12,9,63,9,L2_UDP_CLOSED_PORT=62 UDP_ENTROPY=1
2026-10-02 19:05:56,32,0.04,9,9,3,30,2,L2_UDP_CLOSED_PORT=29 UDP_ENTROPY=1
2026-10-02 19:05:57,33,0.03,9,21,7,27,6,L2_UDP_CLOSED_PORT=26 UDP_ENTROPY=1
2026-10-02 19:05:58,23,0.01,6,48,11,12,11,hb
2026-10-02 19:05:59,63,0.05,11,63,40,23,40,L2_UDP_CLOSED_PORT=23
2026-10-02 19:06:00,127,0.11,25,61,77,53,74,L2_UDP_CLOSED_PORT=50 UDP_ENTROPY=3
2026-10-02 19:06:01,58,0.06,12,41,24,35,23,L2_UDP_CLOSED_PORT=34 UDP_ENTROPY=1
2026-10-02 19:06:02,64,0.05,16,36,23,42,22,L2_UDP_CLOSED_PORT=41 UDP_ENTROPY=1
2026-10-02 19:06:03,82,0.06,15,44,36,46,36,L2_UDP_CLOSED_PORT=46
2026-10-02 19:06:31,27,0.02,0,100,27,0,27,hb
2026-10-02 19:06:48,3957,4.18,260,57,2255,2035,1922,L2_UDP_CLOSED_PORT=1692 UDP_ENTROPY=343
2026-10-02 19:06:49,2692,1.69,448,50,1346,1419,1273,L2_UDP_CLOSED_PORT=1354 UDP_ENTROPY=65
2026-10-02 19:06:50,755,0.53,241,31,234,56,699,UDP_ENTROPY=56
2026-10-02 19:06:51,1506,1.03,521,17,256,98,1408,UDP_ENTROPY=98
2026-10-02 19:06:52,1423,1.06,610,10,142,121,1302,UDP_ENTROPY=121
2026-10-02 19:06:53,1469,0.9,581,11,162,63,1406,UDP_ENTROPY=63
2026-10-02 19:06:54,1455,1.04,587,8,116,123,1332,UDP_ENTROPY=123
2026-10-02 19:06:55,1646,0.98,599,14,230,67,1579,UDP_ENTROPY=67
2026-10-02 19:06:58,330,0.25,45,75,248,31,299,UDP_ENTROPY=31
2026-10-02 19:07:01,113,0.09,23,51,58,5,108,hb
2026-10-02 19:07:07,136,0.11,23,58,79,3,133,hb
2026-10-02 19:07:31,72,0.78,0,100,72,0,72,hb
2026-10-02 19:07:32,1611,2.96,544,11,177,394,1217,UDP_ENTROPY=394
2026-10-02 19:07:33,3816,3.04,828,24,916,301,3515,UDP_ENTROPY=301
2026-10-02 19:07:34,1513,1.2,481,19,287,129,1384,UDP_ENTROPY=129
2026-10-02 19:07:35,684,0.84,261,12,82,137,547,UDP_ENTROPY=137
2026-10-02 19:07:36,1221,1.48,449,12,147,256,965,UDP_ENTROPY=256
2026-10-02 19:07:37,2000,2.14,594,14,280,324,1676,UDP_ENTROPY=324
2026-10-02 19:07:38,1145,1.11,330,14,160,139,1006,UDP_ENTROPY=139
2026-10-02 19:07:39,1434,1.68,396,10,143,283,1151,UDP_ENTROPY=283
2026-10-02 19:07:40,1036,1.15,294,12,124,178,858,UDP_ENTROPY=178
2026-10-02 19:07:41,1981,2.24,555,12,238,369,1612,UDP_ENTROPY=369
2026-10-02 19:07:42,1427,1.75,409,9,128,295,1132,UDP_ENTROPY=295
2026-10-02 19:07:43,187,0.22,57,20,37,30,157,UDP_ENTROPY=30
2026-10-02 19:07:44,109,0.13,31,9,10,19,90,hb
2026-10-02 19:07:46,317,0.41,88,10,32,72,245,UDP_ENTROPY=72
2026-10-02 19:07:47,435,0.43,124,13,57,65,370,UDP_ENTROPY=65
2026-10-02 19:07:48,98,0.14,30,18,18,21,77,UDP_ENTROPY=21
2026-10-02 19:08:01,8,0.03,1,88,7,0,8,hb
2026-10-02 19:08:14,378,1.56,0,92,348,25,353,TCP_OUT_OF_STATE=25
2026-10-02 19:08:15,73,0.24,0,81,59,10,63,hb
2026-10-02 19:08:31,54,0.05,0,89,48,0,54,hb
2026-10-02 19:08:41,715,1.53,246,41,293,360,355,UDP_ENTROPY=360
2026-10-02 19:08:42,4267,2.89,458,58,2475,252,4015,UDP_ENTROPY=252
2026-10-02 19:08:43,1869,1.47,336,40,748,124,1745,UDP_ENTROPY=124
2026-10-02 19:08:44,652,0.56,170,35,228,69,583,UDP_ENTROPY=69
2026-10-02 19:08:45,992,0.98,240,32,317,143,849,UDP_ENTROPY=143
2026-10-02 19:08:46,1986,1.91,452,36,715,270,1716,UDP_ENTROPY=270
2026-10-02 19:08:47,1188,1.12,336,34,404,156,1032,UDP_ENTROPY=156
2026-10-02 19:08:48,1357,1.09,382,34,461,94,1263,UDP_ENTROPY=94
2026-10-02 19:08:49,1336,0.98,408,34,454,125,1211,UDP_ENTROPY=125
2026-10-02 19:08:50,1790,1.26,560,33,591,153,1637,UDP_ENTROPY=153
2026-10-02 19:08:51,607,0.34,160,34,206,19,588,hb
2026-10-02 19:09:01,0,0.0,0,0,0,0,0,hb
2026-10-02 19:09:18,2585,1.74,307,59,1525,157,2428,UDP_ENTROPY=157
2026-10-02 19:09:19,1711,1.16,280,50,856,108,1603,UDP_ENTROPY=108
2026-10-02 19:09:20,773,0.77,162,50,386,120,653,UDP_ENTROPY=120
2026-10-02 19:09:21,1623,1.78,324,44,714,289,1334,UDP_ENTROPY=289
2026-10-02 19:09:22,1154,1.07,226,47,542,153,1001,UDP_ENTROPY=153
2026-10-02 19:09:23,1236,1.12,280,40,494,153,1083,UDP_ENTROPY=153
2026-10-02 19:09:24,1386,1.22,302,38,527,146,1240,UDP_ENTROPY=146
2026-10-02 19:09:25,1620,1.54,355,42,680,221,1399,UDP_ENTROPY=221
2026-10-02 19:09:26,1642,1.75,375,39,640,251,1391,UDP_ENTROPY=251
2026-10-02 19:09:27,523,0.37,136,35,183,41,482,UDP_ENTROPY=41
2026-10-02 19:09:28,113,0.1,28,30,34,11,102,hb
2026-10-02 19:09:29,119,0.13,30,45,54,21,98,UDP_ENTROPY=21
2026-10-02 19:09:30,207,0.19,66,37,77,31,176,UDP_ENTROPY=30 L2_UDP_CLOSED_PORT=1
2026-10-02 19:09:31,540,0.44,122,32,173,52,488,UDP_ENTROPY=52
2026-10-02 19:09:53,2034,2.12,167,74,1505,265,1769,UDP_ENTROPY=265
2026-10-02 19:09:54,4125,2.4,225,79,3259,148,3977,UDP_ENTROPY=148
2026-10-02 19:09:55,1716,0.88,155,71,1218,54,1662,UDP_ENTROPY=54
2026-10-02 19:09:56,687,0.43,135,52,357,36,651,UDP_ENTROPY=36
2026-10-02 19:09:57,1109,1.04,180,51,566,148,961,UDP_ENTROPY=148
2026-10-02 19:09:58,1880,1.71,353,52,978,221,1659,UDP_ENTROPY=221
2026-10-02 19:09:59,1163,1.07,217,53,616,171,992,UDP_ENTROPY=171
2026-10-02 19:10:00,1186,0.86,184,49,581,79,1107,UDP_ENTROPY=78 L2_UDP_CLOSED_PORT=1
2026-10-02 19:10:01,1494,1.21,268,45,672,142,1352,UDP_ENTROPY=142
2026-10-02 19:10:02,1235,1.21,270,49,605,180,1055,UDP_ENTROPY=180
2026-10-02 19:10:03,1972,1.51,357,49,966,184,1788,UDP_ENTROPY=184
2026-10-02 19:10:04,1447,1.13,249,42,608,116,1331,UDP_ENTROPY=115 L1_BOGON_SRC=1
2026-10-02 19:10:05,229,0.17,60,49,112,18,211,hb
2026-10-02 19:10:08,335,0.25,73,50,168,32,303,UDP_ENTROPY=32
2026-10-02 19:10:31,27,0.24,0,100,27,0,27,hb
2026-10-02 19:10:35,8,0.0,0,25,2,0,8,hb
2026-10-02 19:11:01,15,0.04,0,73,11,0,15,hb
2026-10-02 19:11:05,9,0.04,0,56,5,0,9,hb
2026-10-02 19:11:07,2656,2.21,111,86,2284,296,2360,UDP_ENTROPY=296
2026-10-02 19:11:08,1723,1.41,163,77,1327,79,1644,UDP_ENTROPY=79
2026-10-02 19:11:09,860,0.82,142,67,576,72,788,UDP_ENTROPY=72
2026-10-02 19:11:10,1854,1.25,284,63,1168,136,1718,UDP_ENTROPY=135 L1_BOGON_SRC=1
2026-10-02 19:11:11,1029,0.71,168,57,587,54,975,UDP_ENTROPY=54
2026-10-02 19:11:12,1343,0.99,252,56,752,120,1223,UDP_ENTROPY=120
2026-10-02 19:11:13,1728,1.18,334,57,985,132,1596,UDP_ENTROPY=132
2026-10-02 19:11:14,938,0.61,178,56,525,64,874,UDP_ENTROPY=64
2026-10-02 19:11:17,445,0.28,82,53,236,25,420,UDP_ENTROPY=25
2026-10-02 19:11:31,1,0.01,0,100,1,0,1,hb
2026-10-02 19:11:35,0,0.0,0,0,0,0,0,hb
2026-10-02 19:11:44,224,0.91,33,85,190,219,5,UDP_ENTROPY=219
2026-10-02 19:11:45,3810,3.13,127,89,3391,405,3405,UDP_ENTROPY=405
2026-10-02 19:11:46,849,0.55,109,68,577,63,786,UDP_ENTROPY=63
2026-10-02 19:11:47,1288,0.99,186,68,876,127,1161,UDP_ENTROPY=127
2026-10-02 19:11:48,1477,1.01,207,71,1049,113,1364,UDP_ENTROPY=113
2026-10-02 19:11:49,1436,0.92,216,65,933,84,1352,UDP_ENTROPY=84
2026-10-02 19:11:50,1285,0.93,204,65,835,106,1179,UDP_ENTROPY=106
2026-10-02 19:11:51,1691,1.16,301,62,1048,128,1563,UDP_ENTROPY=128
2026-10-02 19:11:54,126,0.13,19,61,77,22,104,UDP_ENTROPY=22
2026-10-02 19:11:55,377,0.38,58,61,230,61,316,UDP_ENTROPY=61
2026-10-02 19:11:56,313,0.27,51,65,203,34,279,UDP_ENTROPY=34
2026-10-02 19:12:01,34,0.15,3,76,26,0,34,hb
2026-10-02 19:12:05,63,0.07,10,68,43,10,53,hb
2026-10-02 19:12:31,9,0.0,0,56,5,0,9,hb
2026-10-02 19:12:35,6,0.0,0,33,2,0,6,hb
2026-10-02 19:12:57,965,1.37,69,85,820,269,696,UDP_ENTROPY=269
2026-10-02 19:12:58,2914,1.68,158,86,2506,122,2792,UDP_ENTROPY=122
2026-10-02 19:12:59,789,1.09,97,68,537,56,733,UDP_ENTROPY=56
2026-10-02 19:13:00,938,0.83,119,67,628,108,830,UDP_ENTROPY=107 L2_UDP_CLOSED_PORT=1
2026-10-02 19:13:01,1735,1.53,170,70,1214,199,1536,UDP_ENTROPY=199
2026-10-02 19:13:02,1307,1.18,139,63,823,148,1159,UDP_ENTROPY=148
2026-10-02 19:13:03,1226,1.14,139,66,809,142,1084,UDP_ENTROPY=142
2026-10-02 19:13:04,1466,1.54,179,64,938,245,1221,UDP_ENTROPY=245
2026-10-02 19:13:05,1054,1.04,119,64,675,148,906,UDP_ENTROPY=148
2026-10-02 19:13:06,2066,2.47,251,59,1219,432,1634,UDP_ENTROPY=432
2026-10-02 19:13:07,1597,1.69,231,62,990,229,1368,UDP_ENTROPY=229
2026-10-02 19:13:08,505,0.39,79,65,328,28,477,UDP_ENTROPY=28
2026-10-02 19:13:09,127,0.13,14,70,89,14,113,hb
2026-10-02 19:13:10,109,0.13,13,68,74,23,86,UDP_ENTROPY=23
2026-10-02 19:13:12,447,0.59,63,63,282,112,335,UDP_ENTROPY=112
2026-10-02 19:13:13,374,0.35,52,62,232,43,331,UDP_ENTROPY=43
2026-10-02 19:13:15,95,0.13,11,74,70,23,72,UDP_ENTROPY=23
2026-10-02 19:13:16,119,0.13,9,74,88,20,99,UDP_ENTROPY=20
2026-10-02 19:13:31,88,0.89,0,100,88,0,88,hb
2026-10-02 19:13:39,67,0.67,0,94,63,0,67,hb
2026-10-02 19:14:01,113,1.06,0,96,108,0,113,hb
2026-10-02 19:14:09,3539,3.33,105,85,3008,467,3072,UDP_ENTROPY=467
2026-10-02 19:14:10,2225,2.34,130,79,1758,281,1944,UDP_ENTROPY=281
2026-10-02 19:14:11,698,0.74,103,64,447,125,573,UDP_ENTROPY=125
2026-10-02 19:14:12,1180,2.23,166,67,791,309,871,UDP_ENTROPY=309
2026-10-02 19:14:13,1699,1.76,209,68,1155,285,1414,UDP_ENTROPY=285
2026-10-02 19:14:14,1102,1.22,158,64,705,206,896,UDP_ENTROPY=206
2026-10-02 19:14:15,1375,1.82,177,67,921,345,1030,UDP_ENTROPY=345
2026-10-02 19:14:16,1817,2.19,263,61,1108,376,1441,UDP_ENTROPY=376
2026-10-02 19:14:17,1354,1.68,195,64,867,304,1050,UDP_ENTROPY=304
2026-10-02 19:14:18,161,0.2,18,71,114,33,128,UDP_ENTROPY=33
2026-10-02 19:14:19,114,0.17,18,64,73,17,97,hb
2026-10-02 19:14:20,182,0.3,21,77,140,65,117,UDP_ENTROPY=65
2026-10-02 19:14:21,414,0.44,49,70,290,77,337,UDP_ENTROPY=77
2026-10-02 19:14:23,96,0.12,6,88,84,23,73,UDP_ENTROPY=23
2026-10-02 19:14:31,39,0.03,8,62,24,0,39,hb
2026-10-02 19:14:49,9,0.04,0,56,5,0,9,hb
2026-10-02 19:15:01,12,0.04,0,67,8,0,12,hb
2026-10-02 19:15:15,345,1.31,67,77,266,338,7,UDP_ENTROPY=338
2026-10-02 19:15:16,4371,3.67,197,82,3584,457,3914,UDP_ENTROPY=457
2026-10-02 19:15:17,1458,1.51,206,64,933,228,1230,UDP_ENTROPY=228
2026-10-02 19:15:18,724,1.05,122,61,442,212,512,UDP_ENTROPY=212
2026-10-02 19:15:19,1479,1.77,214,63,932,343,1136,UDP_ENTROPY=343
2026-10-02 19:15:20,1517,2.0,220,63,956,296,1221,UDP_ENTROPY=296
2026-10-02 19:15:21,1331,1.47,152,63,839,245,1086,UDP_ENTROPY=245
2026-10-02 19:15:22,1533,1.69,156,66,1012,254,1279,UDP_ENTROPY=254
2026-10-02 19:15:23,1021,1.35,129,64,653,242,779,UDP_ENTROPY=242
2026-10-02 19:15:24,1774,1.82,168,68,1206,265,1509,UDP_ENTROPY=265
2026-10-02 19:15:25,1890,2.35,204,66,1247,364,1526,UDP_ENTROPY=364
2026-10-02 19:15:26,1272,1.27,124,71,903,169,1103,UDP_ENTROPY=169
2026-10-02 19:15:27,158,0.17,13,74,117,23,135,UDP_ENTROPY=23
2026-10-02 19:15:28,95,0.12,12,62,59,19,76,hb
2026-10-02 19:15:29,117,0.14,20,60,70,26,91,UDP_ENTROPY=26
2026-10-02 19:15:30,153,0.21,14,76,116,37,116,UDP_ENTROPY=36 L2_UDP_CLOSED_PORT=1
2026-10-02 19:15:31,551,0.69,58,67,369,120,431,UDP_ENTROPY=120
2026-10-02 19:15:32,172,0.18,26,73,126,24,148,UDP_ENTROPY=24
2026-10-02 19:15:34,87,0.11,6,72,63,20,67,UDP_ENTROPY=19 L1_BOGON_SRC=1
2026-10-02 19:15:52,1027,2.18,62,88,904,530,497,UDP_ENTROPY=530
2026-10-02 19:15:53,5048,3.09,65,92,4644,184,4864,UDP_ENTROPY=184
2026-10-02 19:15:54,3667,2.98,151,85,3117,401,3266,UDP_ENTROPY=401
2026-10-02 19:15:55,1548,1.2,116,77,1192,144,1404,UDP_ENTROPY=144
2026-10-02 19:15:56,826,0.71,65,73,603,76,750,UDP_ENTROPY=76
2026-10-02 19:15:57,639,0.69,41,73,466,78,561,UDP_ENTROPY=78
2026-10-02 19:15:58,1247,1.25,61,75,935,159,1088,UDP_ENTROPY=159
2026-10-02 19:15:59,1151,1.33,81,76,875,220,931,UDP_ENTROPY=220
2026-10-02 19:16:00,2358,2.28,130,74,1745,344,2014,UDP_ENTROPY=343 L2_UDP_CLOSED_PORT=1
2026-10-02 19:16:01,1783,1.57,112,72,1284,202,1581,UDP_ENTROPY=202
2026-10-02 19:16:02,973,1.14,86,77,749,185,788,UDP_ENTROPY=185
2026-10-02 19:16:03,1405,1.27,82,80,1124,180,1225,UDP_ENTROPY=180
2026-10-02 19:16:04,1375,1.61,113,73,1004,248,1127,UDP_ENTROPY=248
2026-10-02 19:16:05,1524,1.38,104,78,1189,202,1322,UDP_ENTROPY=202
2026-10-02 19:16:06,2716,1.84,83,92,2499,167,2549,UDP_ENTROPY=167
2026-10-02 19:16:07,1836,1.42,181,79,1450,144,1692,UDP_ENTROPY=144
2026-10-02 19:16:08,1425,1.04,166,72,1026,116,1309,UDP_ENTROPY=116
2026-10-02 19:16:09,1312,0.97,151,77,1010,97,1215,UDP_ENTROPY=97
2026-10-02 19:16:10,1421,1.42,127,81,1151,200,1221,UDP_ENTROPY=200
2026-10-02 19:16:11,918,0.76,113,80,734,86,832,UDP_ENTROPY=86
2026-10-02 19:16:12,584,0.55,54,83,485,72,512,UDP_ENTROPY=72
2026-10-02 19:16:13,646,0.64,68,83,536,81,565,UDP_ENTROPY=81
2026-10-02 19:16:14,629,0.85,76,80,503,171,458,UDP_ENTROPY=171
2026-10-02 19:16:15,903,0.78,119,76,686,95,808,UDP_ENTROPY=95
2026-10-02 19:16:16,576,0.49,68,78,449,66,510,UDP_ENTROPY=66
2026-10-02 19:16:17,275,0.23,28,78,214,27,248,UDP_ENTROPY=27
2026-10-02 19:16:18,387,0.33,44,69,267,39,348,UDP_ENTROPY=39
2026-10-02 19:16:19,99,0.09,13,79,78,14,85,hb
2026-10-02 19:16:20,241,0.27,42,69,166,41,200,UDP_ENTROPY=41
2026-10-02 19:16:23,97,0.12,8,82,80,21,76,UDP_ENTROPY=21
2026-10-02 19:16:31,0,0.0,0,0,0,0,0,hb
2026-10-02 19:16:49,0,0.0,0,0,0,0,0,hb
2026-10-02 19:17:01,105,1.09,0,96,101,0,105,hb
2026-10-02 19:17:19,27,0.24,0,85,23,0,27,hb
2026-10-02 19:17:31,95,0.06,0,96,91,0,95,hb
2026-10-02 19:17:42,1490,1.93,36,94,1401,353,1137,UDP_ENTROPY=353
2026-10-02 19:17:43,4579,2.82,91,93,4258,157,4422,UDP_ENTROPY=157
2026-10-02 19:17:44,1899,1.71,114,80,1519,184,1715,UDP_ENTROPY=184
2026-10-02 19:17:45,775,0.81,53,81,628,116,659,UDP_ENTROPY=116
2026-10-02 19:17:46,669,1.0,46,74,495,118,551,UDP_ENTROPY=117 L1_BOGON_SRC=1
2026-10-02 19:17:47,1286,1.31,58,83,1067,179,1107,UDP_ENTROPY=179
2026-10-02 19:17:48,1977,2.0,95,84,1661,267,1710,UDP_ENTROPY=267
2026-10-02 19:17:49,1583,1.62,92,78,1235,241,1342,UDP_ENTROPY=241
2026-10-02 19:17:50,1233,1.32,74,78,962,211,1022,UDP_ENTROPY=211
2026-10-02 19:17:51,990,1.18,86,81,802,203,787,UDP_ENTROPY=203
2026-10-02 19:17:52,1666,1.55,109,78,1299,173,1493,UDP_ENTROPY=173
2026-10-02 19:17:53,1155,1.2,77,79,912,178,977,UDP_ENTROPY=178
2026-10-02 19:17:54,2000,2.56,151,75,1500,445,1555,UDP_ENTROPY=445
2026-10-02 19:17:55,1854,1.78,140,75,1390,241,1613,UDP_ENTROPY=241
2026-10-02 19:17:56,1192,1.29,78,76,906,198,994,UDP_ENTROPY=198
2026-10-02 19:17:57,182,0.19,15,70,127,28,154,UDP_ENTROPY=28
2026-10-02 19:17:58,143,0.14,5,79,113,18,125,hb
2026-10-02 19:18:00,144,0.15,12,67,96,27,117,UDP_ENTROPY=26 L2_UDP_CLOSED_PORT=1
2026-10-02 19:18:01,249,0.9,18,83,207,0,249,hb
2026-10-02 19:18:02,562,0.69,50,75,422,110,452,UDP_ENTROPY=110
2026-10-02 19:18:03,388,0.35,36,69,268,48,340,UDP_ENTROPY=48
2026-10-02 19:18:06,96,0.13,7,76,73,24,72,UDP_ENTROPY=24
2026-10-02 19:18:28,31,0.24,0,87,27,0,31,hb
2026-10-02 19:18:31,12,0.01,0,67,8,0,12,hb
2026-10-02 19:18:47,2254,3.32,38,94,2119,552,1702,UDP_ENTROPY=552
2026-10-02 19:18:48,3827,2.57,100,91,3483,205,3622,UDP_ENTROPY=205
2026-10-02 19:18:49,1601,1.21,89,82,1313,118,1483,UDP_ENTROPY=118
2026-10-02 19:18:50,682,0.95,59,79,539,201,481,UDP_ENTROPY=201
2026-10-02 19:18:51,1181,1.09,61,82,968,162,1019,UDP_ENTROPY=162
2026-10-02 19:18:52,2211,2.32,121,83,1835,378,1833,UDP_ENTROPY=377 L1_BOGON_SRC=1
2026-10-02 19:18:53,1211,1.2,81,80,969,146,1065,UDP_ENTROPY=146
2026-10-02 19:18:54,1331,1.57,75,81,1078,249,1082,UDP_ENTROPY=249
2026-10-02 19:18:55,1640,1.75,90,80,1312,268,1372,UDP_ENTROPY=268
2026-10-02 19:18:56,975,1.33,59,82,800,250,725,UDP_ENTROPY=250
2026-10-02 19:18:57,1784,2.13,134,77,1374,358,1426,UDP_ENTROPY=358
2026-10-02 19:18:58,1864,2.03,133,77,1435,293,1571,UDP_ENTROPY=293
2026-10-02 19:18:59,1112,1.06,90,76,845,136,976,UDP_ENTROPY=136
2026-10-02 19:19:00,152,0.15,15,72,109,20,132,UDP_ENTROPY=19 L2_UDP_CLOSED_PORT=1
2026-10-02 19:19:01,119,0.12,11,72,86,17,102,hb
2026-10-02 19:19:02,134,0.15,13,73,98,23,111,UDP_ENTROPY=23
2026-10-02 19:19:03,141,0.15,9,71,100,23,118,UDP_ENTROPY=23
2026-10-02 19:19:04,559,0.79,56,73,408,158,401,UDP_ENTROPY=158
2026-10-02 19:19:08,142,0.15,8,80,114,22,120,UDP_ENTROPY=22
2026-10-02 19:19:31,58,0.39,0,93,54,0,58,hb
2026-10-02 19:20:01,47,0.3,0,91,43,0,47,hb
2026-10-02 19:20:21,1421,2.11,57,90,1279,357,1064,UDP_ENTROPY=357
2026-10-02 19:20:22,4862,3.07,61,93,4522,207,4655,UDP_ENTROPY=207
2026-10-02 19:20:23,2670,2.27,86,82,2189,278,2392,UDP_ENTROPY=278
2026-10-02 19:20:24,936,0.86,53,82,768,119,817,UDP_ENTROPY=119
2026-10-02 19:20:25,721,1.29,40,82,591,109,612,UDP_ENTROPY=109
2026-10-02 19:20:26,1107,1.37,67,81,897,219,888,UDP_ENTROPY=219
2026-10-02 19:20:27,1930,2.22,88,82,1583,360,1570,UDP_ENTROPY=360
2026-10-02 19:20:28,1511,1.84,104,78,1179,321,1190,UDP_ENTROPY=321
2026-10-02 19:20:29,1246,1.4,98,78,972,213,1033,UDP_ENTROPY=213
2026-10-02 19:20:30,1514,1.85,111,75,1136,279,1235,UDP_ENTROPY=278 L2_UDP_CLOSED_PORT=1
2026-10-02 19:20:31,1064,1.38,96,78,830,259,805,UDP_ENTROPY=259
2026-10-02 19:20:32,1790,2.08,156,75,1342,344,1446,UDP_ENTROPY=344
2026-10-02 19:20:33,1934,2.3,153,73,1412,378,1556,UDP_ENTROPY=378
2026-10-02 19:20:34,1236,1.26,123,70,865,175,1061,UDP_ENTROPY=175
2026-10-02 19:20:35,190,0.3,13,78,148,31,159,UDP_ENTROPY=31
2026-10-02 19:20:36,116,0.14,14,72,84,23,93,UDP_ENTROPY=23
2026-10-02 19:20:37,131,0.14,10,73,96,19,112,hb
2026-10-02 19:20:38,148,0.24,14,66,98,27,121,UDP_ENTROPY=27
2026-10-02 19:20:39,560,0.78,57,71,398,142,418,UDP_ENTROPY=142
2026-10-02 19:20:42,81,0.12,13,60,49,28,53,UDP_ENTROPY=28
2026-10-02 19:21:01,28,0.13,0,86,24,0,28,hb
2026-10-02 19:21:07,105,1.06,0,96,101,0,105,hb
2026-10-02 19:21:31,18,0.01,0,78,14,0,18,hb
2026-10-02 19:21:37,108,1.09,0,96,104,0,108,hb
2026-10-02 19:21:44,2541,3.46,85,87,2211,615,1926,UDP_ENTROPY=615
2026-10-02 19:21:45,3981,2.57,136,88,3503,198,3783,UDP_ENTROPY=198
2026-10-02 19:21:46,1944,1.86,110,82,1594,294,1650,UDP_ENTROPY=294
2026-10-02 19:21:47,759,1.55,73,71,539,178,581,UDP_ENTROPY=178
2026-10-02 19:21:48,1000,1.39,100,73,730,251,749,UDP_ENTROPY=251
2026-10-02 19:21:49,1887,2.44,188,73,1378,425,1462,UDP_ENTROPY=425
2026-10-02 19:21:50,1194,1.23,143,71,848,201,993,UDP_ENTROPY=201
2026-10-02 19:21:51,1412,1.86,177,70,988,310,1102,UDP_ENTROPY=310
2026-10-02 19:21:52,1123,1.23,151,71,797,185,938,UDP_ENTROPY=185
2026-10-02 19:21:53,1817,2.4,242,68,1236,467,1350,UDP_ENTROPY=467
2026-10-02 19:21:54,963,0.97,127,70,674,157,806,UDP_ENTROPY=157
2026-10-02 19:21:55,146,0.18,18,64,93,32,114,UDP_ENTROPY=32
2026-10-02 19:21:56,121,0.17,18,67,81,38,83,UDP_ENTROPY=38
2026-10-02 19:21:57,268,0.37,31,71,190,66,202,UDP_ENTROPY=66
2026-10-02 19:21:58,340,0.42,49,62,211,87,253,UDP_ENTROPY=87
2026-10-02 19:22:00,117,0.14,15,58,68,28,89,UDP_ENTROPY=27 L2_UDP_CLOSED_PORT=1
2026-10-02 19:22:01,38,0.12,4,82,31,0,38,hb
2026-10-02 19:22:07,3,0.01,0,100,3,0,3,hb
2026-10-02 19:22:20,3088,3.54,49,93,2872,587,2501,UDP_ENTROPY=587
2026-10-02 19:22:21,3488,2.79,84,91,3174,235,3253,UDP_ENTROPY=235
2026-10-02 19:22:22,1505,1.27,69,84,1264,140,1365,UDP_ENTROPY=140
2026-10-02 19:22:23,649,0.93,73,75,487,193,456,UDP_ENTROPY=193
2026-10-02 19:22:24,1456,1.64,119,80,1165,303,1153,UDP_ENTROPY=303
2026-10-02 19:22:25,1306,2.17,125,77,1006,310,996,UDP_ENTROPY=310
2026-10-02 19:22:26,1330,1.56,144,77,1024,278,1052,UDP_ENTROPY=278
2026-10-02 19:22:27,1154,1.32,137,74,854,223,931,UDP_ENTROPY=223
2026-10-02 19:22:28,1887,2.57,202,73,1378,541,1346,UDP_ENTROPY=541
2026-10-02 19:22:29,949,0.96,102,74,702,159,790,UDP_ENTROPY=159
2026-10-02 19:22:30,136,0.17,20,67,91,36,100,UDP_ENTROPY=35 L2_UDP_CLOSED_PORT=1
2026-10-02 19:22:31,136,0.16,13,76,103,28,108,UDP_ENTROPY=28
2026-10-02 19:22:32,293,0.36,30,78,229,69,224,UDP_ENTROPY=69
2026-10-02 19:22:33,332,0.37,37,68,226,63,269,UDP_ENTROPY=63
2026-10-02 19:22:37,23,0.02,2,83,19,1,22,hb
2026-10-02 19:23:01,195,2.08,0,98,191,0,195,hb
2026-10-02 19:23:07,12,0.01,0,67,8,0,12,hb
2026-10-02 19:23:31,107,1.04,0,95,102,0,107,hb
2026-10-02 19:23:37,39,0.31,0,90,35,0,39,hb
2026-10-02 19:23:50,524,1.28,28,92,482,279,245,UDP_ENTROPY=279
2026-10-02 19:23:51,4004,3.0,87,93,3724,256,3748,UDP_ENTROPY=256
2026-10-02 19:23:52,1376,1.24,104,83,1142,138,1238,UDP_ENTROPY=138
2026-10-02 19:23:53,711,0.72,90,71,505,102,609,UDP_ENTROPY=102
2026-10-02 19:23:54,1202,1.41,98,76,914,223,979,UDP_ENTROPY=223
2026-10-02 19:23:55,2190,2.61,161,74,1621,417,1773,UDP_ENTROPY=417
2026-10-02 19:23:56,1139,1.71,128,71,809,271,868,UDP_ENTROPY=271
2026-10-02 19:23:57,1137,1.31,210,61,694,226,911,UDP_ENTROPY=226
2026-10-02 19:23:58,1504,1.6,184,62,932,216,1288,UDP_ENTROPY=216
2026-10-02 19:23:59,1442,2.05,158,68,981,395,1047,UDP_ENTROPY=395
2026-10-02 19:24:00,1922,2.64,214,70,1345,465,1457,UDP_ENTROPY=464 L2_UDP_CLOSED_PORT=1
2026-10-02 19:24:01,1365,1.34,129,73,996,192,1173,UDP_ENTROPY=192
2026-10-02 19:24:02,177,0.22,18,61,108,26,151,UDP_ENTROPY=26
2026-10-02 19:24:03,125,0.17,13,62,78,21,104,UDP_ENTROPY=21
2026-10-02 19:24:04,139,0.18,11,76,106,31,108,UDP_ENTROPY=31
2026-10-02 19:24:05,182,0.31,23,72,131,68,114,UDP_ENTROPY=68
2026-10-02 19:24:06,620,0.7,65,65,403,110,510,UDP_ENTROPY=110
2026-10-02 19:24:07,168,0.24,23,73,123,37,131,UDP_ENTROPY=37
2026-10-02 19:24:08,78,0.09,5,81,63,14,64,hb
2026-10-02 19:24:09,95,0.12,8,71,67,22,73,UDP_ENTROPY=22
2026-10-02 19:24:31,105,1.04,0,96,101,0,105,hb
2026-10-02 19:24:38,12,0.01,0,67,8,0,12,hb
2026-10-02 19:24:53,4146,4.0,47,94,3897,528,3618,UDP_ENTROPY=528
2026-10-02 19:24:54,3700,2.83,91,91,3367,283,3417,UDP_ENTROPY=283
2026-10-02 19:24:55,1978,1.85,82,87,1721,126,1852,UDP_ENTROPY=126
2026-10-02 19:24:56,802,0.99,62,77,618,175,627,UDP_ENTROPY=175
2026-10-02 19:24:57,1063,1.07,60,76,808,366,697,L2_UDP_CLOSED_PORT=257 UDP_ENTROPY=109
2026-10-02 19:24:58,1304,1.16,68,70,913,502,802,L2_UDP_CLOSED_PORT=393 UDP_ENTROPY=109
2026-10-02 19:24:59,2326,2.53,197,67,1558,1037,1289,L2_UDP_CLOSED_PORT=775 UDP_ENTROPY=262
2026-10-02 19:25:00,1498,1.43,112,72,1079,556,942,L2_UDP_CLOSED_PORT=424 UDP_ENTROPY=132
2026-10-02 19:25:01,1560,1.63,102,75,1170,565,995,L2_UDP_CLOSED_PORT=387 UDP_ENTROPY=178
2026-10-02 19:25:02,1148,1.63,131,63,723,558,590,L2_UDP_CLOSED_PORT=424 UDP_ENTROPY=134
2026-10-02 19:25:03,1364,1.31,155,68,928,563,801,L2_UDP_CLOSED_PORT=441 UDP_ENTROPY=122
2026-10-02 19:25:04,1582,1.79,146,66,1044,728,854,L2_UDP_CLOSED_PORT=545 UDP_ENTROPY=183
2026-10-02 19:25:05,1922,2.08,216,68,1307,812,1110,L2_UDP_CLOSED_PORT=611 UDP_ENTROPY=201
2026-10-02 19:25:06,1533,1.62,126,72,1104,595,938,L2_UDP_CLOSED_PORT=434 UDP_ENTROPY=161
2026-10-02 19:25:07,284,0.29,21,70,199,104,180,L2_UDP_CLOSED_PORT=85 UDP_ENTROPY=19
2026-10-02 19:25:08,248,0.22,18,77,191,69,179,L2_UDP_CLOSED_PORT=57 UDP_ENTROPY=12
2026-10-02 19:25:09,261,0.22,10,88,230,47,214,L2_UDP_CLOSED_PORT=31 UDP_ENTROPY=16
2026-10-02 19:25:10,243,0.26,10,88,214,57,186,UDP_ENTROPY=29 L2_UDP_CLOSED_PORT=28
2026-10-02 19:25:11,601,0.8,56,74,445,244,357,L2_UDP_CLOSED_PORT=155 UDP_ENTROPY=89
2026-10-02 19:25:12,361,0.34,36,71,256,129,232,L2_UDP_CLOSED_PORT=102 UDP_ENTROPY=27
2026-10-02 19:25:13,195,0.2,5,93,181,36,159,UDP_ENTROPY=23 L2_UDP_CLOSED_PORT=13
2026-10-02 19:25:14,179,0.15,7,92,165,22,157,L2_UDP_CLOSED_PORT=15 UDP_ENTROPY=7
2026-10-02 19:25:15,176,0.16,14,68,120,68,108,L2_UDP_CLOSED_PORT=56 UDP_ENTROPY=12
2026-10-02 19:25:16,130,0.14,4,92,120,18,112,hb
2026-10-02 19:25:31,25,0.28,0,100,25,0,25,hb
2026-10-02 19:25:37,2915,2.76,48,92,2682,565,2350,UDP_ENTROPY=338 L2_UDP_CLOSED_PORT=227
2026-10-02 19:25:38,2979,2.23,119,88,2622,550,2429,L2_UDP_CLOSED_PORT=361 UDP_ENTROPY=189
2026-10-02 19:25:39,837,1.05,111,65,544,401,436,L2_UDP_CLOSED_PORT=291 UDP_ENTROPY=110
2026-10-02 19:25:40,981,1.16,149,60,589,520,461,L2_UDP_CLOSED_PORT=393 UDP_ENTROPY=127
2026-10-02 19:25:41,1816,2.31,288,56,1017,1055,761,L2_UDP_CLOSED_PORT=797 UDP_ENTROPY=258
2026-10-02 19:25:42,1072,1.47,154,60,643,589,483,L2_UDP_CLOSED_PORT=429 UDP_ENTROPY=160
2026-10-02 19:25:43,1391,1.94,232,54,751,837,554,L2_UDP_CLOSED_PORT=639 UDP_ENTROPY=198
2026-10-02 19:25:44,1462,1.64,248,56,819,803,659,L2_UDP_CLOSED_PORT=649 UDP_ENTROPY=154
2026-10-02 19:25:45,1714,2.39,294,54,926,1061,653,L2_UDP_CLOSED_PORT=788 UDP_ENTROPY=273
2026-10-02 19:25:46,480,0.34,92,54,259,235,245,L2_UDP_CLOSED_PORT=223 UDP_ENTROPY=12
2026-10-02 19:25:47,141,0.15,21,65,92,64,77,L2_UDP_CLOSED_PORT=49 UDP_ENTROPY=15
2026-10-02 19:25:48,133,0.16,19,62,82,71,62,L2_UDP_CLOSED_PORT=50 UDP_ENTROPY=21
2026-10-02 19:25:49,492,0.6,74,57,280,282,210,L2_UDP_CLOSED_PORT=213 UDP_ENTROPY=69
2026-10-02 19:25:50,122,0.13,15,68,83,48,74,L2_UDP_CLOSED_PORT=39 UDP_ENTROPY=9
2026-10-02 19:25:51,183,0.16,14,87,159,34,149,L2_UDP_CLOSED_PORT=22 UDP_ENTROPY=12
2026-10-02 19:25:52,178,0.15,12,83,148,42,136,L2_UDP_CLOSED_PORT=30 UDP_ENTROPY=12
2026-10-02 19:25:53,59,0.07,7,59,35,27,32,L2_UDP_CLOSED_PORT=23 UDP_ENTROPY=4
2026-10-02 19:25:54,25,0.02,2,92,23,3,22,hb
2026-10-02 19:26:01,123,0.14,0,100,123,0,123,hb
2026-10-02 19:26:24,0,0.0,0,0,0,0,0,hb
2026-10-02 19:26:25,580,1.53,34,92,534,380,200,UDP_ENTROPY=380
2026-10-02 19:26:26,4948,2.99,47,94,4651,127,4821,UDP_ENTROPY=127
2026-10-02 19:26:27,3028,2.61,60,91,2755,384,2644,UDP_ENTROPY=384
2026-10-02 19:26:28,1357,1.13,91,79,1072,131,1226,UDP_ENTROPY=131
2026-10-02 19:26:29,730,0.91,105,63,460,161,569,UDP_ENTROPY=161
2026-10-02 19:26:30,1393,1.94,249,57,794,397,996,UDP_ENTROPY=396 L2_UDP_CLOSED_PORT=1
2026-10-02 19:26:31,1450,1.65,227,61,884,278,1172,UDP_ENTROPY=278
2026-10-02 19:26:32,1147,1.7,205,56,642,367,780,UDP_ENTROPY=367
2026-10-02 19:26:33,1314,1.48,236,59,775,247,1067,UDP_ENTROPY=247
2026-10-02 19:26:34,1796,2.34,298,55,988,447,1349,UDP_ENTROPY=446 L1_BOGON_SRC=1
2026-10-02 19:26:35,1460,1.86,225,55,803,336,1124,UDP_ENTROPY=336
2026-10-02 19:26:36,145,0.18,31,40,58,33,112,UDP_ENTROPY=33
2026-10-02 19:26:38,125,0.15,17,72,90,26,99,UDP_ENTROPY=26
2026-10-02 19:26:39,525,0.62,77,59,310,111,414,UDP_ENTROPY=111
2026-10-02 19:26:54,11,0.08,0,100,11,0,11,hb
2026-10-02 19:27:01,94,1.06,0,100,94,0,94,hb
2026-10-02 19:27:24,37,0.08,0,100,37,0,37,hb
2026-10-02 19:27:31,38,0.03,1,97,37,0,38,hb
2026-10-02 19:27:54,155,0.15,0,97,150,0,155,hb
2026-10-02 19:28:01,115,0.11,1,94,108,0,115,hb
2026-10-02 19:28:16,1450,2.69,65,91,1320,517,933,UDP_ENTROPY=517
2026-10-02 19:28:17,4080,3.36,125,90,3672,383,3697,UDP_ENTROPY=383
2026-10-02 19:28:18,1691,1.92,151,76,1285,268,1423,UDP_ENTROPY=268
2026-10-02 19:28:19,907,1.23,151,61,553,184,723,UDP_ENTROPY=184
2026-10-02 19:28:20,1680,2.27,337,51,857,453,1227,UDP_ENTROPY=453
2026-10-02 19:28:21,1379,1.8,289,51,703,327,1052,UDP_ENTROPY=327
2026-10-02 19:28:22,1372,1.63,277,52,713,234,1138,UDP_ENTROPY=234
2026-10-02 19:28:23,1255,1.85,267,52,653,376,879,UDP_ENTROPY=376
2026-10-02 19:28:24,1864,2.04,385,49,913,351,1513,UDP_ENTROPY=351
2026-10-02 19:28:25,733,0.94,121,57,418,177,556,UDP_ENTROPY=177
2026-10-02 19:28:26,166,0.2,25,66,110,20,146,UDP_ENTROPY=20
2026-10-02 19:28:27,197,0.27,23,70,138,29,168,UDP_ENTROPY=29
2026-10-02 19:28:28,478,0.67,87,57,272,122,356,UDP_ENTROPY=122
2026-10-02 19:28:29,315,0.31,47,67,211,26,289,UDP_ENTROPY=26
2026-10-02 19:28:30,157,0.19,18,74,116,17,140,hb
2026-10-02 19:28:31,120,0.13,15,74,89,0,120,hb
2026-10-02 19:28:58,2678,3.08,64,92,2464,496,2182,UDP_ENTROPY=496
2026-10-02 19:28:59,3899,2.57,108,90,3509,235,3664,UDP_ENTROPY=235
2026-10-02 19:29:00,2342,1.53,106,85,1991,117,2225,UDP_ENTROPY=116 L2_UDP_CLOSED_PORT=1
2026-10-02 19:29:01,900,1.0,135,61,549,132,768,UDP_ENTROPY=132
2026-10-02 19:29:02,961,1.05,144,50,480,140,821,UDP_ENTROPY=140
2026-10-02 19:29:03,1660,2.21,292,47,780,392,1268,UDP_ENTROPY=392
2026-10-02 19:29:04,1732,1.9,320,48,831,285,1447,UDP_ENTROPY=285
2026-10-02 19:29:05,1316,1.52,213,52,684,250,1066,UDP_ENTROPY=250
2026-10-02 19:29:06,1584,1.7,175,60,950,254,1330,UDP_ENTROPY=254
2026-10-02 19:29:07,1134,1.32,194,44,499,193,941,UDP_ENTROPY=193
2026-10-02 19:29:08,1816,2.43,367,47,854,433,1383,UDP_ENTROPY=433
2026-10-02 19:29:09,1738,2.08,344,49,852,345,1393,UDP_ENTROPY=345
2026-10-02 19:29:10,796,0.71,130,50,398,56,740,UDP_ENTROPY=56
2026-10-02 19:29:11,193,0.21,24,60,116,24,169,UDP_ENTROPY=24
2026-10-02 19:29:12,176,0.19,26,63,111,21,155,UDP_ENTROPY=21
2026-10-02 19:29:13,210,0.25,23,70,147,27,183,UDP_ENTROPY=27
2026-10-02 19:29:14,389,0.44,50,62,241,57,332,UDP_ENTROPY=57
2026-10-02 19:29:15,583,0.62,74,57,332,88,495,UDP_ENTROPY=88
2026-10-02 19:29:16,163,0.19,16,78,127,16,147,hb
2026-10-02 19:29:18,168,0.19,23,52,87,26,142,UDP_ENTROPY=26
2026-10-02 19:29:31,367,0.42,0,99,363,0,367,hb
2026-10-02 19:29:46,344,0.21,0,98,337,1,343,hb
2026-10-02 19:30:01,2304,1.35,88,87,2004,0,2304,hb
2026-10-02 19:30:02,3444,2.81,122,87,2996,193,3251,UDP_ENTROPY=193
2026-10-02 19:30:03,1021,1.25,117,71,725,198,823,UDP_ENTROPY=198
2026-10-02 19:30:04,1076,1.43,160,62,667,259,817,UDP_ENTROPY=259
2026-10-02 19:30:05,1991,2.31,305,60,1195,397,1594,UDP_ENTROPY=397
2026-10-02 19:30:06,1145,1.22,223,57,653,188,957,UDP_ENTROPY=188
2026-10-02 19:30:07,1217,1.26,154,63,767,110,1107,UDP_ENTROPY=110
2026-10-02 19:30:08,1778,2.23,182,66,1173,348,1430,UDP_ENTROPY=348
2026-10-02 19:30:09,1229,1.64,194,63,774,300,929,UDP_ENTROPY=300
2026-10-02 19:30:10,2152,2.48,238,64,1377,380,1772,UDP_ENTROPY=380
2026-10-02 19:30:11,1572,2.06,190,61,959,395,1177,UDP_ENTROPY=395
2026-10-02 19:30:12,637,0.48,81,67,427,37,600,UDP_ENTROPY=37
2026-10-02 19:30:14,196,0.25,18,77,151,24,172,UDP_ENTROPY=24
2026-10-02 19:30:15,235,0.3,17,81,190,29,206,UDP_ENTROPY=29
2026-10-02 19:30:16,2027,1.43,78,90,1824,133,1894,UDP_ENTROPY=133
2026-10-02 19:30:17,1965,1.39,121,88,1729,114,1851,UDP_ENTROPY=114
2026-10-02 19:30:18,1079,0.61,86,83,896,34,1045,UDP_ENTROPY=34
2026-10-02 19:30:19,463,0.42,68,71,329,40,423,UDP_ENTROPY=40
2026-10-02 19:30:20,516,0.52,103,64,330,71,445,UDP_ENTROPY=71
2026-10-02 19:30:21,840,0.88,166,62,521,114,726,UDP_ENTROPY=114
2026-10-02 19:30:22,768,1.04,122,69,530,199,569,UDP_ENTROPY=199
2026-10-02 19:30:23,658,0.84,120,69,454,148,510,UDP_ENTROPY=148
2026-10-02 19:30:24,774,0.77,99,72,557,117,657,UDP_ENTROPY=117
2026-10-02 19:30:25,560,0.57,84,71,398,70,490,UDP_ENTROPY=70
2026-10-02 19:30:26,927,1.07,150,71,658,130,797,UDP_ENTROPY=130
2026-10-02 19:30:27,881,0.78,147,70,617,67,814,UDP_ENTROPY=67
2026-10-02 19:30:28,445,0.46,62,70,312,42,403,UDP_ENTROPY=42
2026-10-02 19:30:29,102,0.11,10,76,78,10,92,hb
2026-10-02 19:30:31,217,0.27,12,83,180,32,185,UDP_ENTROPY=32
2026-10-02 19:30:32,648,0.75,59,72,467,110,538,UDP_ENTROPY=110
2026-10-02 19:30:59,610,0.34,2,99,604,0,610,hb
2026-10-02 19:31:01,590,0.4,0,99,584,0,590,hb
2026-10-02 19:31:29,810,0.71,1,99,802,0,810,hb
2026-10-02 19:31:31,887,1.44,0,99,878,0,887,hb
2026-10-02 19:31:42,2370,3.84,71,91,2157,417,1953,UDP_ENTROPY=417
2026-10-02 19:31:43,2833,2.31,147,86,2436,265,2568,UDP_ENTROPY=265
2026-10-02 19:31:44,846,0.77,101,70,592,101,745,UDP_ENTROPY=101
2026-10-02 19:31:45,1292,1.54,202,64,827,254,1038,UDP_ENTROPY=254
2026-10-02 19:31:46,1799,1.93,250,66,1187,299,1500,UDP_ENTROPY=299
2026-10-02 19:31:47,1188,1.35,136,70,832,187,1001,UDP_ENTROPY=187
2026-10-02 19:31:48,1542,2.02,165,72,1110,345,1197,UDP_ENTROPY=345
2026-10-02 19:31:49,1763,2.21,223,68,1199,346,1417,UDP_ENTROPY=346
2026-10-02 19:31:50,1731,1.66,201,71,1229,206,1525,UDP_ENTROPY=206
2026-10-02 19:31:51,578,0.45,68,72,416,23,555,UDP_ENTROPY=23
2026-10-02 19:31:53,253,0.28,21,83,210,20,233,UDP_ENTROPY=20
2026-10-02 19:31:54,527,0.63,51,74,390,78,449,UDP_ENTROPY=78
2026-10-02 19:31:55,405,0.37,31,83,336,34,371,UDP_ENTROPY=34
2026-10-02 19:31:59,153,0.14,3,98,150,3,150,hb
2026-10-02 19:32:01,147,0.2,0,100,147,0,147,hb
2026-10-02 19:32:29,950,0.67,1,99,940,0,950,hb
2026-10-02 19:32:31,928,0.63,0,99,919,0,928,hb
2026-10-02 19:32:44,3519,4.48,61,92,3237,700,2819,UDP_ENTROPY=700
2026-10-02 19:32:45,4280,2.68,97,92,3938,242,4038,UDP_ENTROPY=242
2026-10-02 19:32:46,2515,2.11,79,89,2238,203,2312,UDP_ENTROPY=203
2026-10-02 19:32:47,1199,1.46,64,81,971,128,1071,UDP_ENTROPY=128
2026-10-02 19:32:48,1054,2.05,86,83,875,186,868,UDP_ENTROPY=186
2026-10-02 19:32:49,1465,1.59,106,73,1069,215,1250,UDP_ENTROPY=215
2026-10-02 19:32:50,2278,2.92,190,74,1686,447,1831,UDP_ENTROPY=447
2026-10-02 19:32:51,1807,1.8,123,75,1355,179,1628,UDP_ENTROPY=179
2026-10-02 19:32:52,1491,1.79,109,77,1148,272,1219,UDP_ENTROPY=272
2026-10-02 19:32:53,1617,1.98,119,77,1245,295,1322,UDP_ENTROPY=295
2026-10-02 19:32:54,1517,1.75,118,82,1244,235,1282,UDP_ENTROPY=235
2026-10-02 19:32:55,1797,2.26,122,77,1384,378,1419,UDP_ENTROPY=378
2026-10-02 19:32:56,2212,2.67,174,77,1703,405,1807,UDP_ENTROPY=405
2026-10-02 19:32:57,1862,2.13,109,78,1452,246,1616,UDP_ENTROPY=246
2026-10-02 19:32:58,677,0.64,42,84,569,49,628,UDP_ENTROPY=49
2026-10-02 19:32:59,337,0.34,7,93,313,20,317,UDP_ENTROPY=20
2026-10-02 19:33:00,380,0.41,11,91,346,28,352,UDP_ENTROPY=27 L2_UDP_CLOSED_PORT=1
2026-10-02 19:33:01,396,0.66,14,91,360,21,375,UDP_ENTROPY=21
2026-10-02 19:33:02,462,0.54,29,76,351,74,388,UDP_ENTROPY=74
2026-10-02 19:33:03,647,0.71,38,79,511,88,559,UDP_ENTROPY=88
2026-10-02 19:33:04,203,0.21,10,84,171,19,184,hb
2026-10-02 19:33:06,233,0.26,12,86,200,26,207,UDP_ENTROPY=26
2026-10-02 19:33:23,1214,1.71,1,99,1202,22,1192,L0_BLACKLIST=20 UDP_ENTROPY=2
2026-10-02 19:33:24,1178,0.73,0,99,1166,23,1155,L0_BLACKLIST=23
2026-10-02 19:33:26,1138,0.62,3,99,1127,21,1117,L0_BLACKLIST=21
2026-10-02 19:33:27,1205,1.0,0,99,1193,22,1183,L0_BLACKLIST=22
2026-10-02 19:33:28,1131,0.6,0,99,1120,21,1110,L0_BLACKLIST=21
2026-10-02 19:33:30,1184,0.68,2,99,1172,20,1164,L0_BLACKLIST=19 L2_UDP_CLOSED_PORT=1
2026-10-02 19:33:31,1092,0.64,0,99,1081,21,1071,L0_BLACKLIST=21
2026-10-02 19:33:32,1088,0.88,1,99,1077,20,1068,L0_BLACKLIST=20
2026-10-02 19:33:33,1137,1.4,1,99,1126,21,1116,L0_BLACKLIST=21
2026-10-02 19:33:34,1178,1.14,1,99,1166,17,1161,hb
2026-10-02 19:34:01,1258,0.81,2,100,1258,0,1258,hb
2026-10-02 19:34:04,1222,0.77,0,99,1210,5,1217,hb
2026-10-02 19:34:24,1731,1.4,0,99,1714,22,1709,UDP_ENTROPY=22
2026-10-02 19:34:25,1819,2.21,0,100,1819,31,1788,UDP_ENTROPY=23 L0_BLACKLIST=8
2026-10-02 19:34:26,1635,0.91,1,99,1619,23,1612,L0_BLACKLIST=23
2026-10-02 19:34:27,1716,1.28,0,99,1699,25,1691,L0_BLACKLIST=25
2026-10-02 19:34:28,1673,1.1,0,99,1656,26,1647,L0_BLACKLIST=26
2026-10-02 19:34:29,1756,1.79,0,100,1756,25,1731,L0_BLACKLIST=25
2026-10-02 19:34:30,1714,0.95,1,100,1714,26,1688,L0_BLACKLIST=25 L2_UDP_CLOSED_PORT=1
2026-10-02 19:34:31,1683,0.91,1,99,1666,23,1660,L0_BLACKLIST=23
2026-10-02 19:34:32,1658,0.85,0,100,1658,25,1633,L0_BLACKLIST=25
2026-10-02 19:34:33,2253,2.27,75,93,2095,337,1916,UDP_ENTROPY=318 L0_BLACKLIST=19
2026-10-02 19:34:34,4532,3.24,138,88,3988,286,4246,UDP_ENTROPY=283 L0_BLACKLIST=3
2026-10-02 19:34:35,2250,1.83,106,85,1912,168,2082,UDP_ENTROPY=164 L0_BLACKLIST=4
2026-10-02 19:34:36,2286,1.82,141,86,1966,216,2070,UDP_ENTROPY=216
2026-10-02 19:34:37,2197,1.48,171,84,1845,120,2077,UDP_ENTROPY=119 L0_BLACKLIST=1
2026-10-02 19:34:38,1661,1.5,212,77,1279,202,1459,UDP_ENTROPY=202
2026-10-02 19:34:39,1241,0.99,198,74,918,66,1175,UDP_ENTROPY=66
2026-10-02 19:34:40,1350,1.37,218,70,945,188,1162,UDP_ENTROPY=188
2026-10-02 19:34:41,1512,1.27,233,72,1089,129,1383,UDP_ENTROPY=129
2026-10-02 19:34:42,1098,0.91,177,71,780,88,1010,UDP_ENTROPY=88
2026-10-02 19:34:43,1459,1.35,226,71,1036,176,1283,UDP_ENTROPY=176
2026-10-02 19:34:44,1760,1.66,236,73,1285,215,1545,UDP_ENTROPY=214 L0_BLACKLIST=1
2026-10-02 19:34:45,1261,0.8,160,73,921,37,1224,UDP_ENTROPY=37
2026-10-02 19:34:46,756,0.59,80,77,582,39,717,UDP_ENTROPY=39
2026-10-02 19:34:47,1084,1.0,137,73,791,122,962,UDP_ENTROPY=122
2026-10-02 19:34:48,961,0.77,135,74,711,75,886,UDP_ENTROPY=75
2026-10-02 19:34:49,854,0.68,129,71,606,67,787,UDP_ENTROPY=67
2026-10-02 19:34:50,404,0.35,62,67,271,37,367,UDP_ENTROPY=36 L0_BLACKLIST=1
2026-10-02 19:34:51,190,0.17,14,84,160,13,177,hb
2026-10-02 19:34:53,281,0.45,18,85,239,21,260,UDP_ENTROPY=21
2026-10-02 19:34:55,405,0.44,52,77,312,41,364,UDP_ENTROPY=41
2026-10-02 19:35:01,94,0.11,3,97,91,0,94,hb
2026-10-02 19:35:21,1728,0.9,0,99,1711,4,1724,hb
2026-10-02 19:35:31,1760,0.96,0,99,1742,0,1760,hb
2026-10-02 19:35:51,1922,1.5,0,99,1903,5,1917,hb
2026-10-02 19:36:00,2299,2.15,63,96,2207,305,1994,UDP_ENTROPY=300 L0_BLACKLIST=4 L2_UDP_CLOSED_PORT=1
2026-10-02 19:36:01,3763,2.81,160,85,3199,243,3520,UDP_ENTROPY=243
2026-10-02 19:36:02,1311,1.2,103,79,1036,153,1158,UDP_ENTROPY=151 L0_BLACKLIST=2
2026-10-02 19:36:03,1007,1.11,94,74,745,162,845,UDP_ENTROPY=162
2026-10-02 19:36:04,1328,1.51,177,66,876,238,1090,UDP_ENTROPY=237 L0_BLACKLIST=1
2026-10-02 19:36:05,2196,2.1,206,65,1427,279,1917,UDP_ENTROPY=278 L0_BLACKLIST=1
2026-10-02 19:36:06,1114,1.25,150,65,724,167,947,UDP_ENTROPY=167
2026-10-02 19:36:07,1136,0.93,117,67,761,92,1044,UDP_ENTROPY=92
2026-10-02 19:36:08,1797,1.92,141,65,1168,304,1493,UDP_ENTROPY=303 L0_BLACKLIST=1
2026-10-02 19:36:09,1420,1.17,150,65,923,118,1302,UDP_ENTROPY=116 L0_BLACKLIST=2
2026-10-02 19:36:10,1583,2.17,163,70,1108,364,1219,UDP_ENTROPY=363 L0_BLACKLIST=1
2026-10-02 19:36:11,2277,2.19,210,64,1457,283,1994,UDP_ENTROPY=282 L0_BLACKLIST=1
2026-10-02 19:36:12,2045,1.82,182,64,1309,219,1826,UDP_ENTROPY=219
2026-10-02 19:36:13,1942,1.59,146,66,1282,186,1756,UDP_ENTROPY=184 L0_BLACKLIST=2
2026-10-02 19:36:14,1559,1.46,81,65,1013,86,1473,UDP_ENTROPY=85 L0_BLACKLIST=1
2026-10-02 19:36:15,368,0.4,19,85,313,36,332,UDP_ENTROPY=35 L0_BLACKLIST=1
2026-10-02 19:36:16,311,0.31,13,90,280,24,287,UDP_ENTROPY=22 L0_BLACKLIST=2
2026-10-02 19:36:17,332,0.35,19,86,286,29,303,UDP_ENTROPY=28 L0_BLACKLIST=1
2026-10-02 19:36:18,674,0.83,67,72,485,131,543,UDP_ENTROPY=130 L0_BLACKLIST=1
2026-10-02 19:36:21,165,0.14,13,82,135,12,153,hb
2026-10-02 19:36:31,297,0.23,0,100,297,0,297,hb
2026-10-02 19:36:35,2865,10.64,0,99,2836,57,2808,UDP_ENTROPY=49 L0_BLACKLIST=5 TCP_OUT_OF_STATE=3
2026-10-02 19:36:36,1853,1.84,0,100,1853,48,1805,UDP_ENTROPY=35 L0_BLACKLIST=13
2026-10-02 19:36:37,1841,1.46,0,100,1841,39,1802,L0_BLACKLIST=33 UDP_ENTROPY=5 TCP_OUT_OF_STATE=1
2026-10-02 19:36:38,1845,1.13,1,100,1845,36,1809,L0_BLACKLIST=30 UDP_ENTROPY=6
2026-10-02 19:36:39,1996,2.16,0,99,1976,41,1955,L0_BLACKLIST=34 UDP_ENTROPY=6 TCP_OUT_OF_STATE=1
2026-10-02 19:36:40,1982,1.07,0,100,1982,37,1945,L0_BLACKLIST=32 UDP_ENTROPY=5
2026-10-02 19:36:41,2067,2.22,0,100,2067,35,2032,L0_BLACKLIST=29 UDP_ENTROPY=6
2026-10-02 19:36:42,1864,1.07,0,99,1845,32,1832,L0_BLACKLIST=27 UDP_ENTROPY=5
2026-10-02 19:36:43,1944,1.06,0,99,1925,40,1904,L0_BLACKLIST=34 UDP_ENTROPY=6
2026-10-02 19:36:44,1966,1.35,0,99,1946,77,1889,L0_BLACKLIST=76 TCP_OUT_OF_STATE=1
2026-10-02 19:36:45,1991,1.1,0,99,1971,77,1914,L0_BLACKLIST=77
2026-10-02 19:36:46,1922,1.02,0,100,1922,62,1860,L0_BLACKLIST=62
2026-10-02 19:36:47,1922,1.03,1,99,1903,59,1863,L0_BLACKLIST=59
2026-10-02 19:36:48,2026,2.04,0,100,2026,54,1972,L0_BLACKLIST=54
2026-10-02 19:36:49,1876,1.02,0,99,1857,54,1822,L0_BLACKLIST=54
2026-10-02 19:36:50,1967,1.13,0,99,1947,55,1912,L0_BLACKLIST=55
2026-10-02 19:36:51,1964,1.45,0,99,1944,52,1912,L0_BLACKLIST=52
2026-10-02 19:36:52,1914,2.01,0,99,1895,49,1865,L0_BLACKLIST=49
2026-10-02 19:36:53,1845,1.03,0,99,1827,34,1811,L0_BLACKLIST=34
2026-10-02 19:36:54,1914,1.11,0,99,1895,23,1891,L0_BLACKLIST=23
2026-10-02 19:36:55,1865,1.07,0,99,1846,20,1845,L0_BLACKLIST=20
2026-10-02 19:36:56,1919,1.0,2,99,1900,19,1900,hb
2026-10-02 19:36:57,1975,1.5,0,99,1955,21,1954,L0_BLACKLIST=21
2026-10-02 19:37:00,4918,3.84,86,89,4377,423,4495,UDP_ENTROPY=419 L0_BLACKLIST=3 L2_UDP_CLOSED_PORT=1
2026-10-02 19:37:01,3101,2.39,96,84,2605,247,2854,UDP_ENTROPY=243 L0_BLACKLIST=4
2026-10-02 19:37:02,1338,1.17,85,80,1070,139,1199,UDP_ENTROPY=134 L0_BLACKLIST=5
2026-10-02 19:37:03,945,1.47,48,81,765,93,852,UDP_ENTROPY=87 L0_BLACKLIST=6
2026-10-02 19:37:04,1430,1.75,109,77,1101,237,1193,UDP_ENTROPY=236 L0_BLACKLIST=1
2026-10-02 19:37:05,2170,2.41,176,76,1649,338,1832,UDP_ENTROPY=334 L0_BLACKLIST=4
2026-10-02 19:37:06,1726,1.9,162,67,1156,214,1512,UDP_ENTROPY=208 L0_BLACKLIST=6
2026-10-02 19:37:07,1721,1.9,163,70,1205,296,1425,UDP_ENTROPY=290 L0_BLACKLIST=6
2026-10-02 19:37:08,1615,1.82,157,71,1147,264,1351,UDP_ENTROPY=261 L0_BLACKLIST=3
2026-10-02 19:37:09,1591,1.65,168,72,1146,206,1385,UDP_ENTROPY=203 L0_BLACKLIST=3
2026-10-02 19:37:10,1983,2.27,199,67,1329,347,1636,UDP_ENTROPY=341 L0_BLACKLIST=6
2026-10-02 19:37:11,2322,2.36,278,68,1579,332,1990,UDP_ENTROPY=329 L0_BLACKLIST=3
2026-10-02 19:37:12,1780,1.83,194,65,1157,237,1543,UDP_ENTROPY=233 L0_BLACKLIST=4
2026-10-02 19:37:13,823,0.7,80,82,675,45,778,UDP_ENTROPY=44 L0_BLACKLIST=1
2026-10-02 19:37:16,512,0.48,17,89,456,24,488,UDP_ENTROPY=21 L0_BLACKLIST=3
2026-10-02 19:37:17,649,0.65,40,86,558,63,586,UDP_ENTROPY=61 L0_BLACKLIST=2
2026-10-02 19:37:18,965,1.05,71,77,743,134,831,UDP_ENTROPY=129 L0_BLACKLIST=5
2026-10-02 19:37:19,608,0.57,18,92,559,31,577,UDP_ENTROPY=25 L0_BLACKLIST=6
2026-10-02 19:37:21,439,0.41,8,94,413,22,417,UDP_ENTROPY=18 L0_BLACKLIST=4
2026-10-02 19:37:26,424,0.38,2,99,420,3,421,hb
2026-10-02 19:37:31,1867,1.11,1,100,1867,0,1867,hb
2026-10-02 19:37:37,1921,1.67,0,100,1921,39,1882,UDP_ENTROPY=31 L0_BLACKLIST=8
2026-10-02 19:37:38,1894,1.17,2,100,1894,38,1856,UDP_ENTROPY=19 L0_BLACKLIST=19
2026-10-02 19:37:39,1957,1.88,0,100,1957,36,1921,L0_BLACKLIST=36
2026-10-02 19:37:40,1884,1.4,0,100,1884,33,1851,L0_BLACKLIST=33
2026-10-02 19:37:41,2076,2.17,1,99,2055,35,2041,L0_BLACKLIST=35
2026-10-02 19:37:42,1964,1.07,1,100,1964,30,1934,L0_BLACKLIST=30
2026-10-02 19:37:43,1935,1.33,1,99,1916,38,1897,L0_BLACKLIST=38
2026-10-02 19:37:44,2035,1.45,1,99,2015,27,2008,L0_BLACKLIST=24 UDP_ENTROPY=3
2026-10-02 19:37:45,1978,1.27,1,99,1958,32,1946,L0_BLACKLIST=26 UDP_ENTROPY=6
2026-10-02 19:37:46,1960,1.48,1,99,1940,29,1931,L0_BLACKLIST=25 UDP_ENTROPY=4
2026-10-02 19:37:47,2051,2.26,3,100,2051,38,2013,L0_BLACKLIST=25 UDP_ENTROPY=13
2026-10-02 19:37:48,2012,1.29,1,99,1992,24,1988,L0_BLACKLIST=24
2026-10-02 19:37:56,2062,1.22,1,99,2041,4,2058,hb
2026-10-02 19:38:01,2069,1.18,0,99,2048,0,2069,hb
2026-10-02 19:38:03,4700,4.35,92,88,4136,588,4112,UDP_ENTROPY=585 L0_BLACKLIST=3
2026-10-02 19:38:04,4512,4.4,149,90,4061,277,4235,UDP_ENTROPY=277
2026-10-02 19:38:05,2019,1.65,126,80,1615,190,1829,UDP_ENTROPY=189 L0_BLACKLIST=1
2026-10-02 19:38:06,1401,1.89,67,87,1219,148,1253,UDP_ENTROPY=148
2026-10-02 19:38:07,1190,1.37,85,77,916,161,1029,UDP_ENTROPY=160 L0_BLACKLIST=1
2026-10-02 19:38:08,1694,1.84,174,74,1254,258,1436,UDP_ENTROPY=256 L0_BLACKLIST=2
2026-10-02 19:38:09,2608,2.55,249,69,1800,290,2318,UDP_ENTROPY=290
2026-10-02 19:38:10,1729,1.18,142,69,1193,82,1647,UDP_ENTROPY=81 L0_BLACKLIST=1
2026-10-02 19:38:11,1483,1.43,131,68,1008,169,1314,UDP_ENTROPY=169
2026-10-02 19:38:12,1595,1.86,181,70,1116,258,1337,UDP_ENTROPY=257 L0_BLACKLIST=1
2026-10-02 19:38:13,1514,1.45,202,65,984,176,1338,UDP_ENTROPY=175 L0_BLACKLIST=1
2026-10-02 19:38:14,1847,1.86,203,64,1182,236,1611,UDP_ENTROPY=235 L0_BLACKLIST=1
2026-10-02 19:38:15,2251,2.37,278,66,1486,314,1937,UDP_ENTROPY=313 L0_BLACKLIST=1
2026-10-02 19:38:16,1788,1.63,159,69,1234,202,1586,UDP_ENTROPY=201 L0_BLACKLIST=1
2026-10-02 19:38:17,631,0.56,25,89,562,40,591,UDP_ENTROPY=40
2026-10-02 19:38:20,300,0.35,14,84,252,28,272,UDP_ENTROPY=27 L0_BLACKLIST=1
2026-10-02 19:38:21,581,0.74,49,78,453,117,464,UDP_ENTROPY=117
2026-10-02 19:38:22,508,0.47,37,75,381,45,463,UDP_ENTROPY=45
2026-10-02 19:38:25,276,0.29,12,86,237,21,255,UDP_ENTROPY=21
2026-10-02 19:38:26,235,0.24,9,85,200,10,225,hb
2026-10-02 19:38:31,169,0.18,0,100,169,0,169,hb
2026-10-02 19:38:51,3606,4.14,47,95,3426,689,2917,UDP_ENTROPY=686 L0_BLACKLIST=3
2026-10-02 19:38:52,3953,2.84,103,92,3637,262,3691,UDP_ENTROPY=261 L0_BLACKLIST=1
2026-10-02 19:38:53,1866,1.49,79,87,1623,151,1715,UDP_ENTROPY=150 L0_BLACKLIST=1
2026-10-02 19:38:54,1262,1.48,42,88,1111,101,1161,UDP_ENTROPY=99 L0_BLACKLIST=2
2026-10-02 19:38:55,1149,1.37,67,83,954,191,958,UDP_ENTROPY=189 L0_BLACKLIST=2
2026-10-02 19:38:56,1418,1.28,75,82,1163,138,1280,UDP_ENTROPY=136 L0_BLACKLIST=2
2026-10-02 19:38:57,2501,2.94,168,79,1976,446,2055,UDP_ENTROPY=445 L0_BLACKLIST=1
2026-10-02 19:38:58,1451,1.41,115,82,1190,180,1271,UDP_ENTROPY=180
2026-10-02 19:38:59,1611,1.99,112,77,1240,149,1462,UDP_ENTROPY=148 L0_BLACKLIST=1
2026-10-02 19:39:00,2031,2.41,154,75,1523,327,1704,UDP_ENTROPY=322 L0_BLACKLIST=4 L2_UDP_CLOSED_PORT=1
2026-10-02 19:39:01,1523,2.13,139,76,1157,276,1247,UDP_ENTROPY=274 L0_BLACKLIST=2
2026-10-02 19:39:02,2324,2.37,192,73,1697,318,2006,UDP_ENTROPY=316 L0_BLACKLIST=2
2026-10-02 19:39:03,1932,2.14,163,77,1488,318,1614,UDP_ENTROPY=316 L0_BLACKLIST=2
2026-10-02 19:39:04,863,0.7,62,82,708,35,828,UDP_ENTROPY=33 L0_BLACKLIST=2
2026-10-02 19:39:05,383,0.35,12,92,352,6,377,hb
2026-10-02 19:39:08,508,0.47,29,78,396,47,461,UDP_ENTROPY=47
2026-10-02 19:39:09,583,0.66,44,74,431,92,491,UDP_ENTROPY=92
2026-10-02 19:39:31,2116,1.06,0,99,2095,0,2116,hb
2026-10-02 19:39:35,2097,1.11,0,99,2076,4,2093,hb
2026-10-02 19:40:01,2191,1.81,1,99,2169,0,2191,hb
2026-10-02 19:40:05,2232,1.03,0,100,2232,4,2228,hb
2026-10-02 19:40:31,2382,1.1,0,99,2358,0,2382,hb
2026-10-02 19:40:35,2417,1.56,0,99,2393,0,2417,hb
2026-10-02 19:40:44,3724,4.15,55,94,3501,683,3041,UDP_ENTROPY=683
2026-10-02 19:40:45,3731,2.92,115,89,3321,288,3443,UDP_ENTROPY=288
2026-10-02 19:40:46,1469,1.47,78,88,1293,187,1282,UDP_ENTROPY=187
2026-10-02 19:40:47,1331,1.35,81,85,1131,193,1138,UDP_ENTROPY=193
2026-10-02 19:40:48,2249,2.54,165,81,1822,369,1880,UDP_ENTROPY=369
2026-10-02 19:40:49,1432,1.69,132,78,1117,244,1188,UDP_ENTROPY=244
2026-10-02 19:40:50,1669,1.93,172,73,1218,229,1440,UDP_ENTROPY=229
2026-10-02 19:40:51,1809,2.05,207,74,1339,300,1509,UDP_ENTROPY=300
2026-10-02 19:40:52,1829,1.86,195,75,1372,254,1575,UDP_ENTROPY=253 L1_BOGON_SRC=1
2026-10-02 19:40:53,471,0.4,43,81,382,25,446,UDP_ENTROPY=25
2026-10-02 19:40:55,323,0.38,24,85,275,48,275,UDP_ENTROPY=48
2026-10-02 19:40:56,561,0.49,61,73,410,49,512,UDP_ENTROPY=49
2026-10-02 19:41:01,92,0.09,2,97,89,0,92,hb
2026-10-02 19:41:05,75,0.09,0,100,75,0,75,hb
2026-10-02 19:41:24,2493,1.76,1,99,2468,24,2469,L0_BLACKLIST=18 UDP_ENTROPY=6
2026-10-02 19:41:25,2598,3.04,1,99,2572,26,2572,L0_BLACKLIST=26
2026-10-02 19:41:26,2439,1.51,1,99,2415,25,2414,L0_BLACKLIST=25
2026-10-02 19:41:27,2431,1.16,0,99,2407,28,2403,L0_BLACKLIST=27 TCP_OUT_OF_STATE=1
2026-10-02 19:41:28,2444,1.23,0,99,2420,24,2420,L0_BLACKLIST=24
2026-10-02 19:41:29,2377,1.19,0,99,2353,25,2352,L0_BLACKLIST=25
2026-10-02 19:41:30,2435,1.52,2,99,2411,29,2406,L0_BLACKLIST=28 L2_UDP_CLOSED_PORT=1
2026-10-02 19:41:31,2382,1.34,0,99,2358,25,2357,L0_BLACKLIST=25
2026-10-02 19:41:32,2484,2.15,0,99,2459,25,2459,L0_BLACKLIST=25
2026-10-02 19:41:33,2310,1.09,2,100,2310,27,2283,L0_BLACKLIST=27
2026-10-02 19:41:35,2303,1.09,1,100,2303,6,2297,hb
2026-10-02 19:42:01,4939,2.65,55,93,4593,0,4939,hb
2026-10-02 19:42:02,3563,2.51,91,90,3207,250,3313,UDP_ENTROPY=249 L0_BLACKLIST=1
2026-10-02 19:42:03,1845,1.29,83,87,1605,109,1736,UDP_ENTROPY=109
2026-10-02 19:42:04,830,0.9,52,81,672,63,767,UDP_ENTROPY=63
2026-10-02 19:42:05,1257,1.19,82,81,1018,146,1111,UDP_ENTROPY=144 L0_BLACKLIST=2
2026-10-02 19:42:06,2073,1.93,144,79,1638,222,1851,UDP_ENTROPY=220 L0_BLACKLIST=2
2026-10-02 19:42:07,1394,1.35,106,81,1129,174,1220,UDP_ENTROPY=173 L0_BLACKLIST=1
2026-10-02 19:42:08,1283,1.12,89,78,1001,95,1188,UDP_ENTROPY=94 L0_BLACKLIST=1
2026-10-02 19:42:09,1560,1.7,111,75,1170,195,1365,UDP_ENTROPY=195
2026-10-02 19:42:10,1418,1.61,129,73,1035,260,1158,UDP_ENTROPY=260
2026-10-02 19:42:11,1876,1.83,174,73,1369,249,1627,UDP_ENTROPY=249
2026-10-02 19:42:12,1398,1.33,102,75,1048,179,1219,UDP_ENTROPY=179
2026-10-02 19:42:13,261,0.23,13,77,201,19,242,hb
2026-10-02 19:42:15,263,0.29,10,88,231,23,240,UDP_ENTROPY=23
2026-10-02 19:42:16,354,0.41,19,85,301,52,302,UDP_ENTROPY=52
2026-10-02 19:42:17,710,0.68,42,78,554,77,633,UDP_ENTROPY=76 L0_BLACKLIST=1
2026-10-02 19:42:18,253,0.3,6,91,230,24,229,UDP_ENTROPY=23 L0_BLACKLIST=1
2026-10-02 19:42:31,2541,1.24,1,100,2541,0,2541,hb
2026-10-02 19:42:35,2539,2.25,1,99,2514,22,2517,L0_BLACKLIST=16 UDP_ENTROPY=6
2026-10-02 19:42:36,2542,1.77,0,99,2517,27,2515,L0_BLACKLIST=27
2026-10-02 19:42:37,2568,1.2,1,99,2542,25,2543,L0_BLACKLIST=25
2026-10-02 19:42:38,2546,1.29,0,99,2521,24,2522,L0_BLACKLIST=24
2026-10-02 19:42:39,2475,1.21,0,99,2450,23,2452,L0_BLACKLIST=23
2026-10-02 19:42:40,2506,1.68,0,100,2506,25,2481,L0_BLACKLIST=25
2026-10-02 19:42:41,2515,1.26,1,100,2515,24,2491,L0_BLACKLIST=24
2026-10-02 19:42:42,2550,2.1,0,100,2550,24,2526,L0_BLACKLIST=24
2026-10-02 19:42:43,2478,1.39,1,99,2453,27,2451,L0_BLACKLIST=27
2026-10-02 19:42:44,2455,1.22,0,99,2430,24,2431,L0_BLACKLIST=24
2026-10-02 19:42:45,2539,1.15,2,99,2514,20,2519,L0_BLACKLIST=19 TCP_OUT_OF_STATE=1
2026-10-02 19:42:46,2543,1.72,0,99,2518,8,2535,hb
2026-10-02 19:43:01,2520,1.3,0,100,2520,0,2520,hb
2026-10-02 19:43:02,3813,3.79,43,95,3622,543,3270,UDP_ENTROPY=538 L0_BLACKLIST=5
2026-10-02 19:43:03,4545,2.69,93,94,4272,189,4356,UDP_ENTROPY=189
2026-10-02 19:43:04,2636,2.07,94,87,2293,168,2468,UDP_ENTROPY=166 L0_BLACKLIST=1 L1_BOGON_SRC=1
2026-10-02 19:43:05,1174,1.08,54,85,998,111,1063,UDP_ENTROPY=110 L0_BLACKLIST=1
2026-10-02 19:43:06,1251,1.4,73,83,1038,180,1071,UDP_ENTROPY=178 L0_BLACKLIST=2
2026-10-02 19:43:07,1634,1.92,128,83,1356,226,1408,UDP_ENTROPY=224 L0_BLACKLIST=2
2026-10-02 19:43:08,1833,1.9,140,82,1503,307,1526,UDP_ENTROPY=305 L0_BLACKLIST=2
2026-10-02 19:43:09,1234,1.53,108,74,913,239,995,UDP_ENTROPY=237 L0_BLACKLIST=2
2026-10-02 19:43:10,1628,2.08,160,72,1172,376,1252,UDP_ENTROPY=374 L0_BLACKLIST=2
2026-10-02 19:43:11,1842,2.31,223,68,1253,361,1481,UDP_ENTROPY=361
2026-10-02 19:43:12,1527,1.73,187,65,993,276,1251,UDP_ENTROPY=273 L0_BLACKLIST=3
2026-10-02 19:43:13,314,0.32,23,83,261,32,282,UDP_ENTROPY=31 L0_BLACKLIST=1
2026-10-02 19:43:14,314,0.34,18,85,267,27,287,UDP_ENTROPY=25 L0_BLACKLIST=2
2026-10-02 19:43:15,355,0.43,22,86,305,51,304,UDP_ENTROPY=51
2026-10-02 19:43:16,662,0.71,59,75,496,97,565,UDP_ENTROPY=95 L0_BLACKLIST=2
2026-10-02 19:43:17,339,0.31,14,90,305,16,323,hb
2026-10-02 19:43:18,286,0.29,18,86,246,23,263,UDP_ENTROPY=21 L0_BLACKLIST=2
2026-10-02 19:43:31,1452,1.3,0,100,1452,0,1452,hb
2026-10-02 19:43:47,2651,1.33,0,100,2651,5,2646,hb
2026-10-02 19:43:50,3815,3.7,41,96,3662,487,3328,UDP_ENTROPY=483 L0_BLACKLIST=4
2026-10-02 19:43:51,4405,2.63,93,93,4097,191,4214,UDP_ENTROPY=191
2026-10-02 19:43:52,2784,2.11,82,88,2450,165,2619,UDP_ENTROPY=165
2026-10-02 19:43:53,1164,1.05,59,83,966,98,1066,UDP_ENTROPY=97 L0_BLACKLIST=1
2026-10-02 19:43:54,887,1.17,71,76,674,145,742,UDP_ENTROPY=143 L0_BLACKLIST=2
2026-10-02 19:43:55,1271,1.66,85,75,953,185,1086,UDP_ENTROPY=185
2026-10-02 19:43:56,2241,2.51,193,75,1681,338,1903,UDP_ENTROPY=336 L0_BLACKLIST=2
2026-10-02 19:43:57,1635,1.41,102,80,1308,101,1534,UDP_ENTROPY=100 L0_BLACKLIST=1
2026-10-02 19:43:58,1804,1.69,102,79,1425,194,1610,UDP_ENTROPY=193 L0_BLACKLIST=1
2026-10-02 19:43:59,1473,1.6,121,78,1149,227,1246,UDP_ENTROPY=226 L0_BLACKLIST=1
2026-10-02 19:44:00,1707,1.37,134,76,1297,110,1597,UDP_ENTROPY=108 L2_UDP_CLOSED_PORT=1 L0_BLACKLIST=1
2026-10-02 19:44:01,1844,2.08,192,73,1346,288,1556,UDP_ENTROPY=288
2026-10-02 19:44:02,2195,1.99,241,63,1383,232,1963,UDP_ENTROPY=232
2026-10-02 19:44:03,1768,1.98,223,64,1132,270,1498,UDP_ENTROPY=269 L0_BLACKLIST=1
2026-10-02 19:44:04,917,0.66,90,73,669,22,895,UDP_ENTROPY=20 L0_BLACKLIST=2
2026-10-02 19:44:05,611,0.53,20,90,550,25,586,UDP_ENTROPY=25
2026-10-02 19:44:07,607,0.53,25,85,516,25,582,UDP_ENTROPY=25
2026-10-02 19:44:09,654,0.66,77,65,425,76,578,UDP_ENTROPY=75 L0_BLACKLIST=1
2026-10-02 19:44:10,510,0.47,56,66,337,48,462,UDP_ENTROPY=46 L0_BLACKLIST=1 L1_BOGON_SRC=1
2026-10-02 19:44:13,246,0.28,14,80,197,28,218,UDP_ENTROPY=26 L0_BLACKLIST=2
2026-10-02 19:44:17,128,0.12,2,95,122,1,127,hb
2026-10-02 19:44:31,609,0.53,0,100,609,0,609,hb
2026-10-02 19:44:47,2630,1.35,4,99,2604,5,2625,hb
2026-10-02 19:45:01,2672,1.79,0,100,2672,0,2672,hb
2026-10-02 19:45:16,3124,2.87,38,97,3030,401,2723,UDP_ENTROPY=400 L1_BOGON_SRC=1
2026-10-02 19:45:17,5227,3.66,44,94,4913,187,5040,UDP_ENTROPY=187
2026-10-02 19:45:18,3160,2.73,62,92,2907,299,2861,UDP_ENTROPY=299
2026-10-02 19:45:19,1277,1.29,68,83,1060,149,1128,UDP_ENTROPY=149
2026-10-02 19:45:20,1175,1.16,82,83,975,122,1053,UDP_ENTROPY=122
2026-10-02 19:45:21,1486,1.43,93,82,1219,185,1301,UDP_ENTROPY=185
2026-10-02 19:45:22,2435,2.61,158,79,1924,360,2075,UDP_ENTROPY=360
2026-10-02 19:45:23,1623,1.57,134,82,1331,183,1440,UDP_ENTROPY=183
2026-10-02 19:45:24,1568,1.46,101,78,1223,153,1415,UDP_ENTROPY=153
2026-10-02 19:45:25,2194,2.3,134,79,1733,296,1898,UDP_ENTROPY=296
2026-10-02 19:45:26,1713,1.77,172,75,1285,231,1482,UDP_ENTROPY=231
2026-10-02 19:45:27,2374,2.42,270,62,1472,295,2079,UDP_ENTROPY=295
2026-10-02 19:45:28,2030,2.11,238,68,1380,284,1746,UDP_ENTROPY=284
2026-10-02 19:45:29,1108,0.83,82,81,897,36,1072,UDP_ENTROPY=36
2026-10-02 19:45:30,629,0.47,19,91,572,20,609,UDP_ENTROPY=19 L2_UDP_CLOSED_PORT=1
2026-10-02 19:45:31,778,0.59,22,92,716,27,751,UDP_ENTROPY=27
2026-10-02 19:45:32,692,0.58,21,92,637,22,670,UDP_ENTROPY=22
2026-10-02 19:45:33,768,0.66,36,84,645,49,719,UDP_ENTROPY=49
2026-10-02 19:45:34,700,0.75,67,65,455,92,608,UDP_ENTROPY=92
2026-10-02 19:45:35,299,0.28,14,85,254,20,279,UDP_ENTROPY=20
2026-10-02 19:45:36,261,0.23,8,87,227,6,255,hb
2026-10-02 19:46:01,3388,6.42,0,100,3388,0,3388,hb
2026-10-02 19:46:02,9795,69.51,0,100,9795,0,9795,
2026-10-02 19:46:03,14709,140.01,0,100,14709,0,14709,
2026-10-02 19:46:04,16841,164.91,0,100,16841,0,16841,
2026-10-02 19:46:06,4861,22.05,0,100,4861,0,4861,hb
2026-10-02 19:46:08,4536,13.98,1,99,4491,34,4502,TCP_OUT_OF_STATE=34
2026-10-02 19:46:31,3207,3.66,0,100,3207,0,3207,hb
2026-10-02 19:46:36,2969,1.51,1,99,2939,0,2969,hb
2026-10-02 19:47:01,2749,1.94,0,100,2749,0,2749,hb
2026-10-02 19:47:06,2771,1.4,3,99,2743,1,2770,hb
2026-10-02 19:47:31,2785,1.33,0,99,2757,0,2785,hb
2026-10-02 19:47:36,2774,1.68,0,99,2746,0,2774,hb
2026-10-02 19:47:39,3396,3.8,69,94,3192,432,2964,UDP_ENTROPY=432
2026-10-02 19:47:40,4223,3.23,123,89,3758,329,3894,UDP_ENTROPY=329
2026-10-02 19:47:41,2018,1.6,103,86,1735,101,1917,UDP_ENTROPY=101
2026-10-02 19:47:42,1154,0.99,54,82,946,93,1061,UDP_ENTROPY=93
2026-10-02 19:47:43,1120,1.27,71,83,930,117,1003,UDP_ENTROPY=117
2026-10-02 19:47:44,1431,1.3,93,78,1116,113,1318,UDP_ENTROPY=113
2026-10-02 19:47:45,2170,2.03,134,75,1628,248,1922,UDP_ENTROPY=248
2026-10-02 19:47:46,2218,1.97,152,76,1686,215,2003,UDP_ENTROPY=215
2026-10-02 19:47:47,1272,1.19,114,76,967,124,1148,UDP_ENTROPY=124
2026-10-02 19:47:48,1664,1.49,124,76,1265,161,1503,UDP_ENTROPY=161
2026-10-02 19:47:49,1886,2.5,148,68,1282,332,1554,UDP_ENTROPY=332
2026-10-02 19:47:50,1103,1.22,118,63,695,146,957,UDP_ENTROPY=146
2026-10-02 19:47:51,1862,1.84,193,62,1154,198,1664,UDP_ENTROPY=198
2026-10-02 19:47:52,2368,2.47,229,69,1634,332,2036,UDP_ENTROPY=332
2026-10-02 19:47:53,1904,1.87,162,70,1333,210,1694,UDP_ENTROPY=210
2026-10-02 19:47:55,662,0.58,15,93,616,20,642,UDP_ENTROPY=20
2026-10-02 19:47:58,667,0.6,18,93,620,24,643,UDP_ENTROPY=24
2026-10-02 19:47:59,778,0.74,30,89,692,44,734,UDP_ENTROPY=44
2026-10-02 19:48:00,1382,1.12,46,89,1230,78,1304,UDP_ENTROPY=77 L2_UDP_CLOSED_PORT=1
2026-10-02 19:48:01,1248,1.08,50,80,998,80,1168,UDP_ENTROPY=80
2026-10-02 19:48:06,290,0.23,16,78,226,12,278,hb
2026-10-02 19:48:31,2964,1.45,0,100,2964,0,2964,hb
2026-10-02 19:48:36,2908,1.41,0,99,2879,0,2908,hb
2026-10-02 19:48:50,3565,2.47,76,94,3351,222,3343,UDP_ENTROPY=222
2026-10-02 19:48:51,2007,1.24,169,81,1626,85,1922,UDP_ENTROPY=85
2026-10-02 19:48:52,910,0.57,90,76,692,43,867,UDP_ENTROPY=43
2026-10-02 19:48:53,1722,1.11,183,75,1292,95,1627,UDP_ENTROPY=95
2026-10-02 19:48:54,1036,0.64,122,73,756,35,1001,UDP_ENTROPY=35
2026-10-02 19:48:55,1332,0.89,180,70,932,79,1253,UDP_ENTROPY=79
2026-10-02 19:48:56,1669,1.12,228,71,1185,103,1566,UDP_ENTROPY=103
2026-10-02 19:48:57,1486,1.0,102,76,1129,85,1401,UDP_ENTROPY=85
2026-10-02 19:49:01,352,0.33,8,93,327,0,352,hb
2026-10-02 19:49:02,455,0.46,16,91,414,25,430,UDP_ENTROPY=25
2026-10-02 19:49:03,817,0.62,41,84,686,30,787,UDP_ENTROPY=30
2026-10-02 19:49:06,172,0.15,4,94,162,3,169,hb
2026-10-02 19:49:29,2860,1.53,2,99,2831,25,2835,L0_BLACKLIST=25
2026-10-02 19:49:30,2869,1.55,2,100,2869,29,2840,L0_BLACKLIST=28 L2_UDP_CLOSED_PORT=1
2026-10-02 19:49:31,3143,3.66,1,99,3112,24,3119,L0_BLACKLIST=24
2026-10-02 19:49:32,2948,1.59,0,99,2919,22,2926,L0_BLACKLIST=22
2026-10-02 19:49:33,2856,1.82,0,99,2827,25,2831,L0_BLACKLIST=25
2026-10-02 19:49:34,2690,1.47,0,99,2663,21,2669,L0_BLACKLIST=21
2026-10-02 19:49:35,2827,1.4,0,99,2799,26,2801,L0_BLACKLIST=26
2026-10-02 19:49:36,2948,1.47,5,99,2919,28,2920,L0_BLACKLIST=28
2026-10-02 19:49:37,3050,1.8,1,100,3050,20,3030,L0_BLACKLIST=20
2026-10-02 19:49:38,3114,2.29,1,100,3114,5,3109,hb
2026-10-02 19:49:57,3465,2.46,123,88,3049,216,3249,UDP_ENTROPY=214 L0_BLACKLIST=2
2026-10-02 19:49:58,1760,1.11,221,73,1285,88,1672,UDP_ENTROPY=88
2026-10-02 19:49:59,861,0.61,117,72,620,48,813,UDP_ENTROPY=48
2026-10-02 19:50:00,1765,1.29,222,68,1200,93,1672,UDP_ENTROPY=92 L2_UDP_CLOSED_PORT=1
2026-10-02 19:50:01,1219,0.72,189,69,841,0,1219,hb
2026-10-02 19:50:02,1463,0.95,220,63,922,75,1388,UDP_ENTROPY=75
2026-10-02 19:50:03,1790,1.3,248,70,1253,123,1667,UDP_ENTROPY=122 L0_BLACKLIST=1
2026-10-02 19:50:04,905,0.66,113,73,661,23,882,UDP_ENTROPY=23
2026-10-02 19:50:07,613,0.45,44,83,509,35,578,UDP_ENTROPY=35
2026-10-02 19:50:08,212,0.19,14,85,180,7,205,hb
2026-10-02 19:50:31,587,0.51,1,99,581,0,587,hb
2026-10-02 19:50:35,3787,11.28,2,99,3749,33,3754,UDP_ENTROPY=33
2026-10-02 19:50:36,3464,2.71,328,75,2598,255,3209,UDP_ENTROPY=255
2026-10-02 19:50:37,1120,0.67,225,60,672,42,1078,UDP_ENTROPY=42
2026-10-02 19:50:38,1103,0.79,186,64,706,80,1023,UDP_ENTROPY=80
2026-10-02 19:50:39,1507,1.09,257,61,919,85,1422,UDP_ENTROPY=85
2026-10-02 19:50:40,1407,0.87,226,64,900,58,1349,UDP_ENTROPY=58
2026-10-02 19:50:41,1265,0.85,266,54,683,74,1191,UDP_ENTROPY=74
2026-10-02 19:50:42,1651,1.21,267,65,1073,86,1565,UDP_ENTROPY=86
2026-10-02 19:50:43,455,0.29,57,78,355,12,443,hb
2026-10-02 19:51:01,91,0.1,1,99,90,0,91,hb
2026-10-02 19:51:13,537,0.45,2,99,532,0,537,hb
2026-10-02 19:51:19,2872,5.36,2,99,2843,43,2829,UDP_ENTROPY=41 TCP_OUT_OF_STATE=2
2026-10-02 19:51:20,2811,2.04,0,100,2811,30,2781,UDP_ENTROPY=29 TCP_OUT_OF_STATE=1
2026-10-02 19:51:22,2749,1.89,1,99,2722,25,2724,UDP_ENTROPY=25
2026-10-02 19:51:23,2700,1.48,0,99,2673,22,2678,UDP_ENTROPY=21 TCP_OUT_OF_STATE=1
2026-10-02 19:51:24,2606,1.57,1,99,2580,30,2576,UDP_ENTROPY=22 L0_BLACKLIST=8
2026-10-02 19:51:25,2801,2.45,0,99,2773,21,2780,L0_BLACKLIST=14 UDP_ENTROPY=7
2026-10-02 19:51:26,2768,1.74,0,99,2740,21,2747,L0_BLACKLIST=15 UDP_ENTROPY=6
2026-10-02 19:51:27,2735,1.35,0,99,2708,38,2697,L0_BLACKLIST=34 UDP_ENTROPY=3 TCP_OUT_OF_STATE=1
2026-10-02 19:51:28,2878,2.85,0,99,2849,54,2824,L0_BLACKLIST=53 TCP_OUT_OF_STATE=1
2026-10-02 19:51:29,2861,1.51,0,99,2832,48,2813,L0_BLACKLIST=48
2026-10-02 19:51:30,2691,1.47,1,99,2664,44,2647,L0_BLACKLIST=43 L2_UDP_CLOSED_PORT=1
2026-10-02 19:51:31,2815,1.44,2,99,2787,50,2765,L0_BLACKLIST=50
2026-10-02 19:51:32,2777,1.42,1,99,2749,50,2727,L0_BLACKLIST=50
2026-10-02 19:51:33,2693,1.36,1,99,2666,45,2648,L0_BLACKLIST=45
2026-10-02 19:51:34,2778,1.58,0,99,2750,34,2744,L0_BLACKLIST=34
2026-10-02 19:51:35,2890,2.69,0,99,2861,29,2861,L0_BLACKLIST=29
2026-10-02 19:51:43,2779,1.72,0,99,2751,8,2771,hb
2026-10-02 19:51:49,2817,2.08,35,98,2761,131,2686,UDP_ENTROPY=122 L0_BLACKLIST=9
2026-10-02 19:51:50,3102,2.0,327,70,2171,132,2970,UDP_ENTROPY=131 L0_BLACKLIST=1
2026-10-02 19:51:51,834,0.69,129,72,600,52,782,UDP_ENTROPY=51 L0_BLACKLIST=1
2026-10-02 19:51:52,1418,0.93,209,68,964,83,1335,UDP_ENTROPY=82 L1_BOGON_SRC=1
2026-10-02 19:51:53,1261,0.81,181,66,832,59,1202,UDP_ENTROPY=58 L0_BLACKLIST=1
2026-10-02 19:51:54,1242,0.8,173,67,832,56,1186,UDP_ENTROPY=55 L0_BLACKLIST=1
2026-10-02 19:51:55,1570,1.05,252,64,1005,100,1470,UDP_ENTROPY=100
2026-10-02 19:51:56,1636,1.12,154,75,1227,92,1544,UDP_ENTROPY=92
2026-10-02 19:52:01,418,0.33,8,94,393,0,418,hb
2026-10-02 19:52:03,653,0.51,21,86,562,24,629,UDP_ENTROPY=24
2026-10-02 19:52:04,788,0.56,40,76,599,40,748,UDP_ENTROPY=39 L0_BLACKLIST=1
2026-10-02 19:52:13,253,0.35,1,98,248,1,252,hb
2026-10-02 19:52:31,2680,1.37,0,99,2653,0,2680,hb
2026-10-02 19:52:38,2502,1.34,0,99,2477,30,2472,L0_BLACKLIST=27 UDP_ENTROPY=2 TCP_OUT_OF_STATE=1
2026-10-02 19:52:39,2545,1.31,0,100,2545,33,2512,L0_BLACKLIST=30 UDP_ENTROPY=3
2026-10-02 19:52:40,2642,2.41,0,100,2642,28,2614,L0_BLACKLIST=26 UDP_ENTROPY=2
2026-10-02 19:52:41,2443,1.58,1,99,2419,28,2415,L0_BLACKLIST=26 UDP_ENTROPY=2
2026-10-02 19:52:42,2474,1.25,0,99,2449,29,2445,L0_BLACKLIST=27 UDP_ENTROPY=1 TCP_OUT_OF_STATE=1
2026-10-02 19:52:43,2541,1.38,0,100,2541,30,2511,L0_BLACKLIST=27 UDP_ENTROPY=3
2026-10-02 19:52:44,2423,1.27,0,99,2399,27,2396,L0_BLACKLIST=26 UDP_ENTROPY=1
2026-10-02 19:52:45,3440,2.66,231,81,2786,253,3187,UDP_ENTROPY=247 L0_BLACKLIST=6
2026-10-02 19:52:46,1137,0.69,154,73,830,50,1087,UDP_ENTROPY=50
2026-10-02 19:52:47,1015,0.8,212,56,568,80,935,UDP_ENTROPY=80
2026-10-02 19:52:48,1527,0.98,279,55,840,74,1453,UDP_ENTROPY=74
2026-10-02 19:52:49,1366,0.94,154,75,1024,87,1279,UDP_ENTROPY=87
2026-10-02 19:52:50,1199,0.85,196,68,815,74,1125,UDP_ENTROPY=74
2026-10-02 19:52:51,1665,1.13,188,74,1232,98,1567,UDP_ENTROPY=97 L0_BLACKLIST=1
2026-10-02 19:52:52,543,0.41,44,82,445,21,522,UDP_ENTROPY=21
2026-10-02 19:52:53,204,0.22,12,88,180,7,197,hb
2026-10-02 19:53:01,81,0.11,0,100,81,0,81,hb
2026-10-02 19:53:20,2611,1.31,0,100,2611,22,2589,L0_BLACKLIST=22
2026-10-02 19:53:21,2561,1.71,0,100,2561,26,2535,L0_BLACKLIST=26
2026-10-02 19:53:22,2536,1.34,1,100,2536,23,2513,L0_BLACKLIST=23
2026-10-02 19:53:23,2570,1.35,2,99,2544,25,2545,L0_BLACKLIST=25
2026-10-02 19:53:24,2545,2.51,67,97,2469,176,2369,UDP_ENTROPY=150 L0_BLACKLIST=26
2026-10-02 19:53:25,2825,1.89,360,68,1921,127,2698,UDP_ENTROPY=126 L0_BLACKLIST=1
2026-10-02 19:53:26,743,0.49,143,65,483,43,700,UDP_ENTROPY=43
2026-10-02 19:53:27,1499,1.02,271,63,944,105,1394,UDP_ENTROPY=105
2026-10-02 19:53:28,1233,0.69,199,65,801,39,1194,UDP_ENTROPY=38 L0_BLACKLIST=1
2026-10-02 19:53:29,1237,0.79,195,61,755,59,1178,UDP_ENTROPY=58 L0_BLACKLIST=1
2026-10-02 19:53:30,1596,1.07,241,63,1005,99,1497,UDP_ENTROPY=97 L0_BLACKLIST=1 L2_UDP_CLOSED_PORT=1
2026-10-02 19:53:31,1168,0.76,148,71,829,69,1099,UDP_ENTROPY=68 L0_BLACKLIST=1
2026-10-02 19:53:32,187,0.16,20,75,140,3,184,hb
2026-10-02 19:53:34,473,0.3,47,71,336,26,447,UDP_ENTROPY=26
2026-10-02 19:54:01,2447,1.21,0,99,2423,0,2447,hb
2026-10-02 19:54:02,2472,1.69,1,99,2447,10,2462,hb
2026-10-02 19:54:17,4176,8.31,1654,53,2213,1667,2509,UDP_ENTROPY=1661 L0_BLACKLIST=6
2026-10-02 19:54:18,23831,14.22,3934,15,3575,904,22927,UDP_ENTROPY=903 L0_BLACKLIST=1
2026-10-02 19:54:19,21851,13.49,6035,10,2185,6613,15238,UDP_GREYLIST=6301 UDP_ENTROPY=312
2026-10-02 19:54:20,19502,14.7,6835,3,585,7174,12328,UDP_GREYLIST=6795 UDP_ENTROPY=379
2026-10-02 19:54:21,20975,12.33,7043,4,839,5224,15751,UDP_GREYLIST=4956 UDP_ENTROPY=267 WAR_REFLECTION=1
2026-10-02 19:54:22,21759,13.69,6403,6,1306,4446,17313,UDP_GREYLIST=4142 UDP_ENTROPY=299 WAR_REFLECTION=5
2026-10-02 19:54:23,21103,15.35,5767,6,1266,5507,15596,UDP_GREYLIST=5151 UDP_ENTROPY=355 L0_BLACKLIST=1
2026-10-02 19:54:24,20205,13.85,6430,4,808,6120,14085,UDP_GREYLIST=5682 UDP_ENTROPY=438
2026-10-02 19:54:25,20898,12.85,7080,4,836,5092,15806,UDP_GREYLIST=4794 UDP_ENTROPY=298
2026-10-02 19:54:26,21226,13.04,6887,5,1061,4549,16677,UDP_GREYLIST=4308 UDP_ENTROPY=241
2026-10-02 19:54:27,20379,14.18,6803,5,1019,5600,14779,UDP_GREYLIST=5330 UDP_ENTROPY=270
2026-10-02 19:54:28,19857,13.76,6563,4,794,6085,13772,UDP_GREYLIST=5619 UDP_ENTROPY=465 L0_BLACKLIST=1
2026-10-02 19:54:29,20684,12.35,7044,4,827,4957,15727,UDP_GREYLIST=4749 UDP_ENTROPY=207 L0_BLACKLIST=1
2026-10-02 19:54:30,20896,12.73,6739,5,1045,4529,16367,UDP_GREYLIST=4255 UDP_ENTROPY=267 WAR_REFLECTION=5 L2_UDP_CLOSED_PORT=1 L0_BLACKLIST=1
2026-10-02 19:54:31,19746,13.96,6576,5,987,5994,13752,UDP_GREYLIST=5720 UDP_ENTROPY=274
2026-10-02 19:54:32,19844,13.71,6760,4,794,5861,13983,UDP_GREYLIST=5439 UDP_ENTROPY=422
2026-10-02 19:54:33,20728,12.55,7068,4,829,4911,15817,UDP_GREYLIST=4650 UDP_ENTROPY=258 WAR_REFLECTION=3
2026-10-02 19:54:34,21171,12.67,6763,0,0,4432,16739,UDP_GREYLIST=4192 UDP_ENTROPY=238 L0_BLACKLIST=2
2026-10-02 19:54:35,19730,14.37,6402,0,0,6220,13510,UDP_GREYLIST=5907 UDP_ENTROPY=313
2026-10-02 19:54:36,19625,13.29,6844,0,0,5731,13894,UDP_GREYLIST=5324 UDP_ENTROPY=406 WAR_REFLECTION=1
2026-10-02 19:54:37,20146,11.72,7061,0,0,4740,15406,UDP_GREYLIST=4533 UDP_ENTROPY=206 WAR_REFLECTION=1
2026-10-02 19:54:38,19918,13.58,6721,0,0,4864,15054,UDP_GREYLIST=4574 UDP_ENTROPY=288 L0_BLACKLIST=2
2026-10-02 19:54:39,18660,12.79,6249,0,0,6429,12231,UDP_GREYLIST=6091 UDP_ENTROPY=338
2026-10-02 19:54:40,19557,11.89,7009,0,0,5235,14322,UDP_GREYLIST=4967 UDP_ENTROPY=267 L0_BLACKLIST=1
2026-10-02 19:54:41,20555,12.16,6850,0,0,4492,16063,UDP_GREYLIST=4299 UDP_ENTROPY=192 L0_BLACKLIST=1
2026-10-02 19:54:42,19194,13.66,6585,0,0,6305,12889,UDP_GREYLIST=6034 UDP_ENTROPY=270 L0_BLACKLIST=1
2026-10-02 19:54:43,19685,13.27,6939,0,0,5765,13920,UDP_GREYLIST=5353 UDP_ENTROPY=412
2026-10-02 19:54:44,20678,12.2,6997,0,0,4610,16068,UDP_GREYLIST=4391 UDP_ENTROPY=219
2026-10-02 19:54:45,20130,14.11,6752,0,0,5123,15007,UDP_GREYLIST=4828 UDP_ENTROPY=293 L0_BLACKLIST=2
2026-10-02 19:54:46,19012,12.83,6390,0,0,6366,12646,UDP_GREYLIST=5982 UDP_ENTROPY=384
2026-10-02 19:54:47,10618,4.74,3661,4,425,1249,9369,UDP_GREYLIST=1246 L0_BLACKLIST=3
2026-10-02 19:54:48,704,1.36,1,100,704,6,698,hb
2026-10-02 19:54:54,2598,2.59,240,90,2338,318,2280,UDP_ENTROPY=313 L0_BLACKLIST=5
2026-10-02 19:54:55,15178,12.28,5234,24,3643,1672,13506,UDP_ENTROPY=1672
2026-10-02 19:54:56,14108,9.09,7368,10,1411,7852,6256,UDP_GREYLIST=7661 UDP_ENTROPY=190 WAR_REFLECTION=1
2026-10-02 19:54:57,14639,9.5,7480,13,1903,7499,7140,UDP_GREYLIST=7300 UDP_ENTROPY=198 L0_BLACKLIST=1
2026-10-02 19:54:58,14719,9.67,7726,11,1619,7565,7154,UDP_GREYLIST=7391 UDP_ENTROPY=174
2026-10-02 19:54:59,14326,8.95,7568,11,1576,7442,6884,UDP_GREYLIST=7284 UDP_ENTROPY=157 L0_BLACKLIST=1
2026-10-02 19:55:00,15946,10.4,7633,11,1754,7816,8130,UDP_GREYLIST=7584 UDP_ENTROPY=230 L2_UDP_CLOSED_PORT=1 WAR_REFLECTION=1
2026-10-02 19:55:01,21577,13.18,8555,11,2373,9185,12392,UDP_GREYLIST=8888 UDP_ENTROPY=296 WAR_REFLECTION=1
2026-10-02 19:55:02,21738,14.0,9780,3,652,10078,11660,UDP_GREYLIST=9832 UDP_ENTROPY=245 WAR_REFLECTION=1
2026-10-02 19:55:03,21872,14.34,10321,1,219,10004,11868,UDP_GREYLIST=9764 UDP_ENTROPY=239 WAR_REFLECTION=1
2026-10-02 19:55:04,22281,14.55,10519,1,223,10021,12260,UDP_GREYLIST=9790 UDP_ENTROPY=231
2026-10-02 19:55:05,22633,14.12,10214,1,226,9840,12793,UDP_GREYLIST=9667 UDP_ENTROPY=173
2026-10-02 19:55:06,22728,13.95,9630,1,227,9638,13090,UDP_GREYLIST=9416 UDP_ENTROPY=221 L0_BLACKLIST=1
2026-10-02 19:55:07,22863,14.86,9802,1,229,10488,12375,UDP_GREYLIST=10219 UDP_ENTROPY=269
2026-10-02 19:55:08,18811,12.27,9551,0,0,9141,9670,UDP_GREYLIST=8988 UDP_ENTROPY=153
2026-10-02 19:55:09,15972,10.44,9040,0,0,8748,7224,UDP_GREYLIST=8617 UDP_ENTROPY=131
2026-10-02 19:55:10,16137,9.91,8726,0,0,8426,7711,UDP_GREYLIST=8329 UDP_ENTROPY=96 L1_BOGON_SRC=1
2026-10-02 19:55:11,16056,9.89,8454,0,0,8549,7507,UDP_GREYLIST=8417 UDP_ENTROPY=132
2026-10-02 19:55:12,15646,10.18,8343,0,0,8881,6765,UDP_GREYLIST=8777 UDP_ENTROPY=103 WAR_REFLECTION=1
2026-10-02 19:55:13,15710,10.18,8723,0,0,8700,7010,UDP_GREYLIST=8583 UDP_ENTROPY=117
2026-10-02 19:55:14,16790,10.92,8013,1,168,7218,9572,UDP_GREYLIST=7046 UDP_ENTROPY=172
2026-10-02 19:55:15,17459,10.4,7667,2,349,6511,10948,UDP_GREYLIST=6430 UDP_ENTROPY=80 L0_BLACKLIST=1
2026-10-02 19:55:16,17542,10.63,6947,2,351,6343,11199,UDP_GREYLIST=6198 UDP_ENTROPY=144 L0_BLACKLIST=1
2026-10-02 19:55:17,16790,10.57,6774,2,336,7127,9663,UDP_GREYLIST=6935 UDP_ENTROPY=192
2026-10-02 19:55:18,16750,10.76,7641,2,335,7038,9712,UDP_GREYLIST=6862 UDP_ENTROPY=176
2026-10-02 19:55:19,16949,11.07,8057,2,339,6831,10118,UDP_GREYLIST=6667 UDP_ENTROPY=164
2026-10-02 19:55:20,17141,10.44,7788,2,343,6619,10522,UDP_GREYLIST=6515 UDP_ENTROPY=104
2026-10-02 19:55:21,16196,9.53,6686,2,324,5883,10313,UDP_GREYLIST=5707 UDP_ENTROPY=176
2026-10-02 19:55:22,12622,7.42,5053,2,252,5204,7418,UDP_GREYLIST=5133 UDP_ENTROPY=71
2026-10-02 19:55:23,11180,7.34,5684,2,224,5232,5948,UDP_GREYLIST=5143 UDP_ENTROPY=89
2026-10-02 19:55:24,10681,8.09,4968,12,1282,4277,6404,UDP_GREYLIST=4209 UDP_ENTROPY=68
2026-10-02 19:55:25,2504,1.79,2,100,2504,0,2504,hb
2026-10-02 19:55:55,2410,1.22,1,100,2410,1,2409,hb
2026-10-02 19:56:08,16256,12.32,5249,29,4714,1527,14729,UDP_ENTROPY=1527
2026-10-02 19:56:09,18168,10.9,7991,11,1998,8688,9480,UDP_GREYLIST=8469 UDP_ENTROPY=218 WAR_REFLECTION=1
2026-10-02 19:56:10,17855,11.64,7969,14,2500,8250,9605,UDP_GREYLIST=7961 UDP_ENTROPY=289
2026-10-02 19:56:11,17725,11.49,8522,12,2127,8366,9359,UDP_GREYLIST=8133 UDP_ENTROPY=233
2026-10-02 19:56:12,17698,11.42,8537,11,1947,8287,9411,UDP_GREYLIST=8044 UDP_ENTROPY=243
2026-10-02 19:56:13,17835,11.01,8204,12,2140,8016,9819,UDP_GREYLIST=7790 UDP_ENTROPY=224 WAR_REFLECTION=2
2026-10-02 19:56:14,18075,11.03,7813,13,2350,7993,10082,UDP_GREYLIST=7759 UDP_ENTROPY=232 WAR_REFLECTION=2
2026-10-02 19:56:15,17340,11.18,8273,5,867,8907,8433,UDP_GREYLIST=8738 UDP_ENTROPY=169
2026-10-02 19:56:16,17102,11.02,8912,3,513,8975,8127,UDP_GREYLIST=8802 UDP_ENTROPY=170 WAR_REFLECTION=2 L1_BOGON_SRC=1
2026-10-02 19:56:17,16876,11.01,9093,3,506,8870,8006,UDP_GREYLIST=8708 UDP_ENTROPY=162
2026-10-02 19:56:18,17008,10.64,8989,4,680,8623,8385,UDP_GREYLIST=8517 UDP_ENTROPY=106
2026-10-02 19:56:19,16951,10.69,8732,3,509,8601,8350,UDP_GREYLIST=8464 UDP_ENTROPY=137
2026-10-02 19:56:20,16759,10.08,8366,3,503,8622,8137,UDP_GREYLIST=8495 UDP_ENTROPY=127
2026-10-02 19:56:21,16427,10.67,8451,2,329,8924,7503,UDP_GREYLIST=8787 UDP_ENTROPY=137
2026-10-02 19:56:22,16273,10.52,9124,1,163,8986,7287,UDP_GREYLIST=8887 UDP_ENTROPY=99
2026-10-02 19:56:23,16398,10.61,9118,0,0,8780,7618,UDP_GREYLIST=8655 UDP_ENTROPY=125
2026-10-02 19:56:24,16407,10.13,8951,0,0,8673,7734,UDP_GREYLIST=8589 UDP_ENTROPY=84
2026-10-02 19:56:25,16295,10.52,8601,0,0,8476,7819,UDP_GREYLIST=8356 UDP_ENTROPY=118 WAR_REFLECTION=2
2026-10-02 19:56:26,16061,9.67,8296,0,0,8632,7429,UDP_GREYLIST=8546 UDP_ENTROPY=86
2026-10-02 19:56:27,15717,10.22,8148,4,629,8452,7265,UDP_GREYLIST=8288 UDP_ENTROPY=164
2026-10-02 19:56:28,15640,10.26,8446,5,782,8305,7335,UDP_GREYLIST=8161 UDP_ENTROPY=144
2026-10-02 19:56:29,15539,10.24,8500,4,622,8282,7257,UDP_GREYLIST=8152 UDP_ENTROPY=130
2026-10-02 19:56:30,15620,9.6,8275,4,625,8032,7588,UDP_GREYLIST=7931 UDP_ENTROPY=100 L2_UDP_CLOSED_PORT=1
2026-10-02 19:56:31,15529,9.62,7911,4,621,8017,7512,UDP_GREYLIST=7913 UDP_ENTROPY=104
2026-10-02 19:56:32,15062,9.79,7944,3,452,8491,6571,UDP_GREYLIST=8357 UDP_ENTROPY=134
2026-10-02 19:56:33,13942,8.44,7429,3,418,7310,6632,UDP_GREYLIST=7169 UDP_ENTROPY=141
2026-10-02 19:56:34,11850,7.97,6988,1,118,6673,5177,UDP_GREYLIST=6588 UDP_ENTROPY=85
2026-10-02 19:56:35,11496,6.83,6682,1,115,6447,5049,UDP_GREYLIST=6395 UDP_ENTROPY=51 WAR_REFLECTION=1
2026-10-02 19:56:36,12040,7.44,6891,1,120,6949,5091,UDP_GREYLIST=6868 UDP_ENTROPY=81
2026-10-02 19:56:37,11739,7.49,6444,1,117,6623,5116,UDP_GREYLIST=6529 UDP_ENTROPY=93 WAR_REFLECTION=1
2026-10-02 19:56:38,2703,4.28,0,100,2703,0,2703,hb
2026-10-02 19:56:45,7973,7.03,2558,48,3827,757,7216,UDP_ENTROPY=757
2026-10-02 19:56:46,11766,7.27,6364,16,1883,6777,4989,UDP_GREYLIST=6643 UDP_ENTROPY=133 WAR_REFLECTION=1
2026-10-02 19:56:47,12724,8.09,6356,16,2036,6581,6143,UDP_GREYLIST=6370 UDP_ENTROPY=211
2026-10-02 19:56:48,13353,8.44,6556,16,2136,7006,6347,UDP_GREYLIST=6836 UDP_ENTROPY=170
2026-10-02 19:56:49,13633,8.92,7107,14,1909,7267,6366,UDP_GREYLIST=7059 UDP_ENTROPY=208
2026-10-02 19:56:50,14066,9.29,7214,14,1969,7148,6918,UDP_GREYLIST=6922 UDP_ENTROPY=225 WAR_REFLECTION=1
2026-10-02 19:56:51,14526,9.15,7229,15,2179,7140,7386,UDP_GREYLIST=6967 UDP_ENTROPY=173
2026-10-02 19:56:52,14455,9.22,7535,10,1446,7573,6882,UDP_GREYLIST=7404 UDP_ENTROPY=166 WAR_REFLECTION=3
2026-10-02 19:56:53,14295,8.64,7690,4,572,7924,6371,UDP_GREYLIST=7819 UDP_ENTROPY=103 WAR_REFLECTION=2
2026-10-02 19:56:54,14113,9.24,7660,4,565,8100,6013,UDP_GREYLIST=7967 UDP_ENTROPY=133
2026-10-02 19:56:55,14318,9.22,8056,4,573,8001,6317,UDP_GREYLIST=7891 UDP_ENTROPY=110
2026-10-02 19:56:56,14354,9.4,8237,4,574,7980,6374,UDP_GREYLIST=7867 UDP_ENTROPY=113
2026-10-02 19:56:57,14401,8.94,8241,4,576,7995,6406,UDP_GREYLIST=7909 UDP_ENTROPY=86
2026-10-02 19:56:58,14570,9.39,7996,3,437,7967,6603,UDP_GREYLIST=7840 UDP_ENTROPY=127
2026-10-02 19:56:59,14550,8.7,7904,1,146,8156,6394,UDP_GREYLIST=8056 UDP_ENTROPY=100
2026-10-02 19:57:00,14338,9.25,8023,1,143,8338,6000,UDP_GREYLIST=8244 UDP_ENTROPY=93 L2_UDP_CLOSED_PORT=1
2026-10-02 19:57:01,14451,9.27,8420,1,145,8308,6143,UDP_GREYLIST=8198 UDP_ENTROPY=110
2026-10-02 19:57:02,14506,9.38,8606,0,0,8359,6147,UDP_GREYLIST=8272 UDP_ENTROPY=87
2026-10-02 19:57:03,14711,9.11,8580,0,0,8314,6397,UDP_GREYLIST=8244 UDP_ENTROPY=70
2026-10-02 19:57:04,14834,9.46,8042,3,445,7989,6845,UDP_GREYLIST=7886 UDP_ENTROPY=103
2026-10-02 19:57:05,14746,8.96,7650,5,737,7916,6830,UDP_GREYLIST=7769 UDP_ENTROPY=147
2026-10-02 19:57:06,14368,9.43,7713,5,718,8098,6270,UDP_GREYLIST=7971 UDP_ENTROPY=127
2026-10-02 19:57:07,14234,9.21,8003,5,712,8059,6175,UDP_GREYLIST=7925 UDP_ENTROPY=134
2026-10-02 19:57:08,14388,9.45,8176,5,719,7986,6402,UDP_GREYLIST=7854 UDP_ENTROPY=132
2026-10-02 19:57:09,15049,9.37,8323,4,602,8127,6922,UDP_GREYLIST=8034 UDP_ENTROPY=93
2026-10-02 19:57:10,15336,9.78,8160,4,613,8111,7225,UDP_GREYLIST=7981 UDP_ENTROPY=130
2026-10-02 19:57:11,15132,9.13,8126,1,151,8354,6778,UDP_GREYLIST=8262 UDP_ENTROPY=90 WAR_REFLECTION=2
2026-10-02 19:57:12,14355,9.43,7835,1,144,8186,6169,UDP_GREYLIST=8084 UDP_ENTROPY=100 WAR_REFLECTION=2
2026-10-02 19:57:13,11826,7.55,6951,1,118,6762,5064,UDP_GREYLIST=6663 UDP_ENTROPY=99
2026-10-02 19:57:14,11811,6.98,6832,2,236,6576,5235,UDP_GREYLIST=6498 UDP_ENTROPY=77 WAR_REFLECTION=1
2026-10-02 19:57:15,5179,6.04,2214,41,2123,1721,3458,UDP_GREYLIST=1720 UDP_ENTROPY=1
2026-10-02 19:57:16,2248,1.31,2,100,2248,0,2248,hb
2026-10-02 19:57:45,2533,1.38,0,100,2533,0,2533,hb
2026-10-02 19:57:46,2426,1.32,0,100,2426,0,2426,hb
2026-10-02 19:57:58,8199,4.97,1879,56,4591,0,8199,
2026-10-02 19:57:59,19432,11.88,6507,33,6413,983,18449,UDP_ENTROPY=983
2026-10-02 19:58:00,18272,11.68,8103,15,2741,8918,9354,UDP_GREYLIST=8605 UDP_ENTROPY=311 L2_UDP_CLOSED_PORT=1 WAR_REFLECTION=1
2026-10-02 19:58:01,18005,11.94,8067,16,2881,7993,10012,UDP_GREYLIST=7693 UDP_ENTROPY=300
2026-10-02 19:58:02,17987,11.23,8108,14,2518,7916,10071,UDP_GREYLIST=7670 UDP_ENTROPY=246
2026-10-02 19:58:03,17883,11.3,7783,14,2504,7837,10046,UDP_GREYLIST=7568 UDP_ENTROPY=269
2026-10-02 19:58:04,17749,11.21,7495,16,2840,8103,9646,UDP_GREYLIST=7836 UDP_ENTROPY=264 WAR_REFLECTION=3
2026-10-02 19:58:05,17382,11.33,8070,14,2433,8213,9169,UDP_GREYLIST=7942 UDP_ENTROPY=271
2026-10-02 19:58:06,17020,11.1,8824,7,1191,8490,8530,UDP_GREYLIST=8342 UDP_ENTROPY=148
2026-10-02 19:58:07,17007,10.56,8615,5,850,8392,8615,UDP_GREYLIST=8240 UDP_ENTROPY=151 WAR_REFLECTION=1
2026-10-02 19:58:08,16943,10.65,8360,4,678,8368,8575,UDP_GREYLIST=8204 UDP_ENTROPY=164
2026-10-02 19:58:09,16598,10.77,8182,4,664,8768,7830,UDP_GREYLIST=8579 UDP_ENTROPY=189
2026-10-02 19:58:10,16888,11.01,8770,4,676,8786,8102,UDP_GREYLIST=8608 UDP_ENTROPY=178
2026-10-02 19:58:11,16817,11.01,8925,4,673,8689,8128,UDP_GREYLIST=8501 UDP_ENTROPY=188
2026-10-02 19:58:12,16830,10.44,8893,2,337,8593,8237,UDP_GREYLIST=8473 UDP_ENTROPY=120
2026-10-02 19:58:13,16755,10.56,8514,1,168,8541,8214,UDP_GREYLIST=8391 UDP_ENTROPY=150
2026-10-02 19:58:14,16282,10.28,8355,1,163,8918,7364,UDP_GREYLIST=8782 UDP_ENTROPY=136
2026-10-02 19:58:15,16204,10.45,8851,1,162,8924,7280,UDP_GREYLIST=8789 UDP_ENTROPY=135
2026-10-02 19:58:16,16218,10.63,9084,0,0,8742,7476,UDP_GREYLIST=8616 UDP_ENTROPY=123 WAR_REFLECTION=3
2026-10-02 19:58:17,16207,10.02,8828,0,0,8572,7635,UDP_GREYLIST=8478 UDP_ENTROPY=94
2026-10-02 19:58:18,16099,10.19,7932,6,966,8016,8083,UDP_GREYLIST=7841 UDP_ENTROPY=175
2026-10-02 19:58:19,15688,10.05,7746,6,941,8246,7442,UDP_GREYLIST=8108 UDP_ENTROPY=138
2026-10-02 19:58:20,15571,10.14,8184,6,934,8267,7304,UDP_GREYLIST=8087 UDP_ENTROPY=180
2026-10-02 19:58:21,15548,10.2,8274,6,933,8097,7451,UDP_GREYLIST=7922 UDP_ENTROPY=175
2026-10-02 19:58:22,15560,9.62,8274,6,934,8001,7559,UDP_GREYLIST=7866 UDP_ENTROPY=135
2026-10-02 19:58:23,15540,9.83,7954,5,777,7982,7558,UDP_GREYLIST=7839 UDP_ENTROPY=143
2026-10-02 19:58:24,12719,8.07,6643,4,509,6973,5746,UDP_GREYLIST=6851 UDP_ENTROPY=122
2026-10-02 19:58:25,11782,7.61,6708,2,236,6655,5127,UDP_GREYLIST=6552 UDP_ENTROPY=102 WAR_REFLECTION=1
2026-10-02 19:58:26,12066,7.71,6808,3,362,6583,5483,UDP_GREYLIST=6478 UDP_ENTROPY=102 WAR_REFLECTION=3
2026-10-02 19:58:27,11981,7.66,6910,2,240,6782,5199,UDP_GREYLIST=6724 UDP_ENTROPY=58
2026-10-02 19:58:28,9032,7.94,4630,15,1355,4310,4722,UDP_GREYLIST=4229 UDP_ENTROPY=79 L1_BOGON_SRC=1 WAR_REFLECTION=1
2026-10-02 19:58:29,2454,3.27,2,99,2429,0,2454,hb
2026-10-02 19:58:35,3712,5.26,614,80,2970,742,2970,UDP_ENTROPY=742
2026-10-02 19:58:36,14706,9.46,3578,48,7059,822,13884,UDP_ENTROPY=822
2026-10-02 19:58:37,15075,9.45,5393,25,3769,5841,9234,UDP_GREYLIST=5597 UDP_ENTROPY=244
2026-10-02 19:58:38,15147,9.16,5554,15,2272,5382,9765,UDP_GREYLIST=5110 UDP_ENTROPY=270 WAR_REFLECTION=2
2026-10-02 19:58:39,15870,10.39,6052,17,2698,5239,10631,UDP_GREYLIST=4944 UDP_ENTROPY=295
2026-10-02 19:58:40,14208,9.45,6647,17,2415,6471,7737,UDP_GREYLIST=6217 UDP_ENTROPY=254
2026-10-02 19:58:41,13789,8.61,6695,15,2068,7106,6683,UDP_GREYLIST=6920 UDP_ENTROPY=186
2026-10-02 19:58:42,13975,9.29,7038,14,1956,7212,6763,UDP_GREYLIST=6988 UDP_ENTROPY=224
2026-10-02 19:58:43,14488,9.53,7335,16,2318,7237,7251,UDP_GREYLIST=7007 UDP_ENTROPY=229 WAR_REFLECTION=1
2026-10-02 19:58:44,14694,9.11,7466,14,2057,7262,7432,UDP_GREYLIST=7102 UDP_ENTROPY=156 WAR_REFLECTION=4
2026-10-02 19:58:45,14405,9.28,7547,7,1008,7606,6799,UDP_GREYLIST=7451 UDP_ENTROPY=155
2026-10-02 19:58:46,14006,8.84,7310,7,980,7767,6239,UDP_GREYLIST=7638 UDP_ENTROPY=128 WAR_REFLECTION=1
2026-10-02 19:58:47,14030,9.24,7957,5,702,8009,6021,UDP_GREYLIST=7889 UDP_ENTROPY=120
2026-10-02 19:58:48,14221,9.38,8129,4,569,7857,6364,UDP_GREYLIST=7729 UDP_ENTROPY=128
2026-10-02 19:58:49,14404,9.01,7906,4,576,7738,6666,UDP_GREYLIST=7640 UDP_ENTROPY=98
2026-10-02 19:58:50,14366,8.85,7665,4,575,7794,6572,UDP_GREYLIST=7685 UDP_ENTROPY=109
2026-10-02 19:58:51,14416,9.47,7836,2,288,8341,6075,UDP_GREYLIST=8213 UDP_ENTROPY=128
2026-10-02 19:58:52,14539,9.76,8433,1,145,8341,6198,UDP_GREYLIST=8228 UDP_ENTROPY=113
2026-10-02 19:58:53,14833,9.74,8463,1,148,8166,6667,UDP_GREYLIST=8052 UDP_ENTROPY=114
2026-10-02 19:58:54,15020,9.54,8350,0,0,8225,6795,UDP_GREYLIST=8133 UDP_ENTROPY=92
2026-10-02 19:58:55,14914,9.23,8182,0,0,8426,6488,UDP_GREYLIST=8328 UDP_ENTROPY=98
2026-10-02 19:58:56,14720,9.68,8222,2,294,8398,6322,UDP_GREYLIST=8288 UDP_ENTROPY=110
2026-10-02 19:58:57,14709,9.83,8042,7,1030,7885,6824,UDP_GREYLIST=7702 UDP_ENTROPY=183
2026-10-02 19:58:58,14789,9.35,7950,7,1035,7650,7139,UDP_GREYLIST=7510 UDP_ENTROPY=140
2026-10-02 19:58:59,15209,9.75,7723,7,1065,7748,7461,UDP_GREYLIST=7577 UDP_ENTROPY=171
2026-10-02 19:59:00,15063,9.54,7603,7,1054,8113,6950,UDP_GREYLIST=7944 UDP_ENTROPY=168 L2_UDP_CLOSED_PORT=1
2026-10-02 19:59:01,15240,10.05,8160,7,1067,8235,7005,UDP_GREYLIST=8044 UDP_ENTROPY=191
2026-10-02 19:59:02,15339,10.19,8369,6,920,8082,7257,UDP_GREYLIST=7938 UDP_ENTROPY=144
2026-10-02 19:59:03,15554,9.72,8268,4,622,8047,7507,UDP_GREYLIST=7950 UDP_ENTROPY=97
2026-10-02 19:59:04,13278,8.04,7019,3,398,6989,6289,UDP_GREYLIST=6901 UDP_ENTROPY=85 WAR_REFLECTION=3
2026-10-02 19:59:05,7819,4.97,4415,6,469,4450,3369,UDP_GREYLIST=4395 UDP_ENTROPY=55
2026-10-02 19:59:06,1569,4.48,1,99,1553,0,1569,hb
2026-10-02 19:59:12,2849,3.71,265,89,2536,634,2215,UDP_ENTROPY=633 TCP_OUT_OF_STATE=1
2026-10-02 19:59:13,15689,10.66,2803,56,8786,997,14692,UDP_ENTROPY=997
2026-10-02 19:59:14,13073,8.22,5928,25,3268,6434,6639,UDP_GREYLIST=6156 UDP_ENTROPY=278
2026-10-02 19:59:15,13292,8.2,6242,20,2658,6560,6732,UDP_GREYLIST=6349 UDP_ENTROPY=210 WAR_REFLECTION=1
2026-10-02 19:59:16,13446,8.84,6696,16,2151,6979,6467,UDP_GREYLIST=6781 UDP_ENTROPY=198
2026-10-02 19:59:17,13763,8.98,7088,16,2202,7011,6752,UDP_GREYLIST=6811 UDP_ENTROPY=200
2026-10-02 19:59:18,17067,10.22,5817,17,2901,5030,12037,UDP_GREYLIST=4702 UDP_ENTROPY=328
2026-10-02 19:59:19,16874,11.22,6219,17,2869,5205,11669,UDP_GREYLIST=4867 UDP_ENTROPY=336 WAR_REFLECTION=2
2026-10-02 19:59:20,17349,10.66,5693,18,3123,5012,12337,UDP_GREYLIST=4683 UDP_ENTROPY=327 WAR_REFLECTION=2
2026-10-02 19:59:21,17399,11.12,6223,18,3132,5036,12363,UDP_GREYLIST=4753 UDP_ENTROPY=282 WAR_REFLECTION=1
2026-10-02 19:59:22,17130,10.4,5823,16,2741,5275,11855,UDP_GREYLIST=5010 UDP_ENTROPY=264 WAR_REFLECTION=1
2026-10-02 19:59:23,17154,11.08,6789,8,1372,5373,11781,UDP_GREYLIST=5160 UDP_ENTROPY=213
2026-10-02 19:59:24,16562,10.18,6277,7,1159,5654,10908,UDP_GREYLIST=5428 UDP_ENTROPY=226
2026-10-02 19:59:25,17736,11.59,6483,8,1419,4911,12825,UDP_GREYLIST=4678 UDP_ENTROPY=230 WAR_REFLECTION=3
2026-10-02 19:59:26,16771,10.82,5844,7,1174,5791,10980,UDP_GREYLIST=5489 UDP_ENTROPY=302
2026-10-02 19:59:27,17589,10.03,6441,6,1055,4724,12865,UDP_GREYLIST=4539 UDP_ENTROPY=185
2026-10-02 19:59:28,16432,10.88,6870,6,986,5515,10917,UDP_GREYLIST=5324 UDP_ENTROPY=191
2026-10-02 19:59:29,14443,9.17,7639,5,722,7172,7271,UDP_GREYLIST=6988 UDP_ENTROPY=184
2026-10-02 19:59:30,13706,9.03,7739,5,685,8042,5664,UDP_GREYLIST=7916 UDP_ENTROPY=125 L2_UDP_CLOSED_PORT=1
2026-10-02 19:59:31,13991,9.09,8080,5,700,7893,6098,UDP_GREYLIST=7807 UDP_ENTROPY=86
2026-10-02 19:59:32,17341,10.38,6591,5,867,5574,11767,UDP_GREYLIST=5374 UDP_ENTROPY=200
2026-10-02 19:59:33,16946,11.13,7142,5,847,5950,10996,UDP_GREYLIST=5778 UDP_ENTROPY=172
2026-10-02 19:59:34,17350,10.54,6712,4,694,5630,11720,UDP_GREYLIST=5425 UDP_ENTROPY=201 L0_BLACKLIST=3 L1_BOGON_SRC=1
2026-10-02 19:59:35,17208,11.36,7155,5,860,5956,11252,UDP_GREYLIST=5792 UDP_ENTROPY=161 L0_BLACKLIST=3
2026-10-02 19:59:36,18023,10.76,6745,4,721,5688,12335,UDP_GREYLIST=5474 UDP_ENTROPY=214
2026-10-02 19:59:37,17910,11.81,7342,5,896,5953,11957,UDP_GREYLIST=5784 UDP_ENTROPY=167 L0_BLACKLIST=2
2026-10-02 19:59:38,18502,11.4,6783,4,740,5796,12706,UDP_GREYLIST=5523 UDP_ENTROPY=271 L0_BLACKLIST=2
2026-10-02 19:59:39,18373,11.97,7486,4,735,6047,12326,UDP_GREYLIST=5884 UDP_ENTROPY=159 L0_BLACKLIST=3 WAR_REFLECTION=1
2026-10-02 19:59:40,18578,11.33,6922,3,557,5936,12642,UDP_GREYLIST=5676 UDP_ENTROPY=257 WAR_REFLECTION=2 L0_BLACKLIST=1
2026-10-02 19:59:41,18567,12.28,7591,3,557,5917,12650,UDP_GREYLIST=5770 UDP_ENTROPY=147
2026-10-02 19:59:42,14810,11.74,5775,8,1185,4850,9960,UDP_GREYLIST=4616 UDP_ENTROPY=226 L0_BLACKLIST=8
2026-10-02 19:59:43,2298,1.98,1,99,2275,20,2278,L0_BLACKLIST=11 UDP_ENTROPY=9
2026-10-02 19:59:44,2148,1.14,1,100,2148,16,2132,hb
2026-10-02 19:59:45,2277,1.19,0,100,2277,31,2246,L0_BLACKLIST=31
2026-10-02 19:59:46,2331,1.21,0,100,2331,31,2300,L0_BLACKLIST=31
2026-10-02 19:59:47,1877,1.11,0,100,1877,25,1852,L0_BLACKLIST=25
2026-10-02 19:59:48,2326,2.15,1,100,2326,33,2293,L0_BLACKLIST=33
2026-10-02 19:59:49,2362,1.67,0,100,2362,29,2333,L0_BLACKLIST=29
2026-10-02 19:59:50,2182,1.12,0,100,2182,28,2154,L0_BLACKLIST=28
2026-10-02 19:59:51,2284,1.1,2,99,2261,27,2257,L0_BLACKLIST=27
2026-10-02 19:59:52,2246,1.1,1,99,2224,31,2215,L0_BLACKLIST=31
2026-10-02 19:59:53,2181,1.08,0,99,2159,23,2158,L0_BLACKLIST=23
2026-10-02 20:00:13,2368,1.2,1,100,2368,0,2368,hb
2026-10-02 20:00:14,2275,1.15,0,100,2275,9,2266,hb
2026-10-02 20:00:26,10371,4.81,1886,56,5808,0,10371,
2026-10-02 20:00:27,21807,12.16,4440,44,9595,796,21011,UDP_ENTROPY=796
2026-10-02 20:00:28,20978,14.08,5796,23,4825,6479,14499,UDP_GREYLIST=6036 UDP_ENTROPY=442 L0_BLACKLIST=1
2026-10-02 20:00:29,20346,13.36,6121,15,3052,5762,14584,UDP_GREYLIST=5246 UDP_ENTROPY=514 L0_BLACKLIST=1 WAR_REFLECTION=1
2026-10-02 20:00:30,21265,12.27,6151,15,3190,4252,17013,UDP_GREYLIST=3968 UDP_ENTROPY=278 WAR_REFLECTION=5 L2_UDP_CLOSED_PORT=1
2026-10-02 20:00:31,19972,13.64,6520,14,2796,6035,13937,UDP_GREYLIST=5667 UDP_ENTROPY=366 L0_BLACKLIST=2
2026-10-02 20:00:32,19498,12.12,7456,11,2145,6344,13154,UDP_GREYLIST=6027 UDP_ENTROPY=316 L0_BLACKLIST=1
2026-10-02 20:00:33,19774,12.12,6418,11,2175,5718,14056,UDP_GREYLIST=5438 UDP_ENTROPY=278 L0_BLACKLIST=2
2026-10-02 20:00:34,19209,13.11,7285,12,2305,6406,12803,UDP_GREYLIST=5990 UDP_ENTROPY=416
2026-10-02 20:00:35,20279,11.14,6140,16,3245,4677,15602,UDP_GREYLIST=4475 UDP_ENTROPY=202
2026-10-02 20:00:36,18918,13.45,6247,16,3027,6468,12450,UDP_GREYLIST=5987 UDP_ENTROPY=478 WAR_REFLECTION=2 L0_BLACKLIST=1
2026-10-02 20:00:37,20874,13.07,6242,18,3757,4752,16122,UDP_GREYLIST=4414 UDP_ENTROPY=335 L0_BLACKLIST=2 WAR_REFLECTION=1
2026-10-02 20:00:38,19636,12.07,6008,14,2749,6190,13446,UDP_GREYLIST=5830 UDP_ENTROPY=357 WAR_REFLECTION=2 L0_BLACKLIST=1
2026-10-02 20:00:39,20177,12.72,6941,13,2623,5525,14652,UDP_GREYLIST=5246 UDP_ENTROPY=277 WAR_REFLECTION=2
2026-10-02 20:00:40,19392,11.76,6621,6,1164,5960,13432,UDP_GREYLIST=5673 UDP_ENTROPY=286 L1_BOGON_SRC=1
2026-10-02 20:00:41,19241,12.45,7635,5,962,6137,13104,UDP_GREYLIST=5944 UDP_ENTROPY=192 WAR_REFLECTION=1
2026-10-02 20:00:42,19815,11.63,6728,5,991,5557,14258,UDP_GREYLIST=5289 UDP_ENTROPY=267 L0_BLACKLIST=1
2026-10-02 20:00:43,18650,13.03,7377,5,932,6792,11858,UDP_GREYLIST=6464 UDP_ENTROPY=328
2026-10-02 20:00:44,20220,11.04,6680,4,809,4887,15333,UDP_GREYLIST=4730 UDP_ENTROPY=157
2026-10-02 20:00:45,18333,13.01,6540,3,550,7104,11229,UDP_GREYLIST=6807 UDP_ENTROPY=297
2026-10-02 20:00:46,19766,12.46,7207,3,593,5288,14478,UDP_GREYLIST=5115 UDP_ENTROPY=173
2026-10-02 20:00:47,18556,11.39,6679,3,557,6647,11909,UDP_GREYLIST=6374 UDP_ENTROPY=273
2026-10-02 20:00:48,18917,12.04,7651,3,568,5964,12953,UDP_GREYLIST=5777 UDP_ENTROPY=187
2026-10-02 20:00:49,18531,11.22,6795,3,556,6013,12518,UDP_GREYLIST=5749 UDP_ENTROPY=264
2026-10-02 20:00:50,18119,12.12,7399,6,1087,6017,12102,UDP_GREYLIST=5790 UDP_ENTROPY=227
2026-10-02 20:00:51,18662,11.22,6401,9,1680,5283,13379,UDP_GREYLIST=5008 UDP_ENTROPY=275
2026-10-02 20:00:52,17523,12.32,7067,8,1402,6464,11059,UDP_GREYLIST=6121 UDP_ENTROPY=343
2026-10-02 20:00:53,19030,10.43,6411,8,1522,4830,14200,UDP_GREYLIST=4677 UDP_ENTROPY=153
2026-10-02 20:00:54,17718,12.51,6347,9,1595,6693,11025,UDP_GREYLIST=6321 UDP_ENTROPY=372
2026-10-02 20:00:55,19125,12.08,6738,9,1721,5131,13994,UDP_GREYLIST=4876 UDP_ENTROPY=255
2026-10-02 20:00:56,9972,5.4,3331,12,1197,3000,6972,UDP_GREYLIST=2875 UDP_ENTROPY=125
2026-10-02 20:00:57,695,1.63,2,98,681,0,695,hb
2026-10-02 20:01:03,5138,4.27,1218,59,3031,526,4612,UDP_ENTROPY=526
2026-10-02 20:01:04,13158,8.73,5538,32,4211,917,12241,UDP_ENTROPY=917
2026-10-02 20:01:05,14070,9.25,6775,20,2814,7378,6692,UDP_GREYLIST=7120 UDP_ENTROPY=256 WAR_REFLECTION=2
2026-10-02 20:01:06,14441,8.86,7340,14,2022,7300,7141,UDP_GREYLIST=7124 UDP_ENTROPY=176
2026-10-02 20:01:07,14852,9.56,7141,15,2228,7175,7677,UDP_GREYLIST=6975 UDP_ENTROPY=200
2026-10-02 20:01:08,14714,8.82,6614,19,2796,6945,7769,UDP_GREYLIST=6756 UDP_ENTROPY=189
2026-10-02 20:01:09,14763,9.54,6780,19,2805,7174,7589,UDP_GREYLIST=6913 UDP_ENTROPY=260 WAR_REFLECTION=1
2026-10-02 20:01:10,14415,9.34,7587,12,1730,7625,6790,UDP_GREYLIST=7431 UDP_ENTROPY=193 WAR_REFLECTION=1
2026-10-02 20:01:11,16476,10.84,8890,5,824,8882,7594,UDP_GREYLIST=8688 UDP_ENTROPY=194
2026-10-02 20:01:12,21279,13.13,9697,5,1064,9308,11971,UDP_GREYLIST=9116 UDP_ENTROPY=192
2026-10-02 20:01:13,21616,13.81,9454,4,865,9229,12387,UDP_GREYLIST=8988 UDP_ENTROPY=241
2026-10-02 20:01:14,21664,13.16,9241,3,650,9414,12250,UDP_GREYLIST=9183 UDP_ENTROPY=231
2026-10-02 20:01:15,21681,14.2,9363,4,867,10040,11641,UDP_GREYLIST=9807 UDP_ENTROPY=233
2026-10-02 20:01:16,21832,14.1,9743,6,1310,9785,12047,UDP_GREYLIST=9497 UDP_ENTROPY=288
2026-10-02 20:01:17,21933,14.5,9639,9,1974,9327,12606,UDP_GREYLIST=9029 UDP_ENTROPY=298
2026-10-02 20:01:18,21671,14.03,9668,9,1950,9322,12349,UDP_GREYLIST=9036 UDP_ENTROPY=286
2026-10-02 20:01:19,21253,13.45,8953,10,2125,8652,12601,UDP_GREYLIST=8349 UDP_ENTROPY=303
2026-10-02 20:01:20,15256,9.29,7600,7,1068,7818,7438,UDP_GREYLIST=7649 UDP_ENTROPY=168 WAR_REFLECTION=1
2026-10-02 20:01:21,15001,9.95,7606,7,1050,8075,6926,UDP_GREYLIST=7924 UDP_ENTROPY=151
2026-10-02 20:01:22,15075,9.78,8483,3,452,8418,6657,UDP_GREYLIST=8303 UDP_ENTROPY=115
2026-10-02 20:01:23,15370,9.98,8440,5,768,8323,7047,UDP_GREYLIST=8150 UDP_ENTROPY=173
2026-10-02 20:01:24,15394,9.92,8492,5,770,8240,7154,UDP_GREYLIST=8111 UDP_ENTROPY=129
2026-10-02 20:01:25,15416,9.6,8268,5,771,8147,7269,UDP_GREYLIST=8038 UDP_ENTROPY=109
2026-10-02 20:01:26,15356,9.48,7882,5,768,8050,7306,UDP_GREYLIST=7909 UDP_ENTROPY=141
2026-10-02 20:01:27,14979,9.65,7818,4,599,8415,6564,UDP_GREYLIST=8287 UDP_ENTROPY=128
2026-10-02 20:01:28,15073,9.65,8306,4,603,8329,6744,UDP_GREYLIST=8192 UDP_ENTROPY=137
2026-10-02 20:01:29,12023,7.92,6879,3,361,6367,5656,UDP_GREYLIST=6257 UDP_ENTROPY=108 WAR_REFLECTION=2
2026-10-02 20:01:30,11597,7.0,6819,3,348,6552,5045,UDP_GREYLIST=6448 UDP_ENTROPY=102 WAR_REFLECTION=1 L2_UDP_CLOSED_PORT=1
2026-10-02 20:01:31,11540,7.11,6521,3,346,6303,5237,UDP_GREYLIST=6252 UDP_ENTROPY=51
2026-10-02 20:01:32,12051,8.01,6578,3,362,6744,5307,UDP_GREYLIST=6631 UDP_ENTROPY=110 WAR_REFLECTION=3
2026-10-02 20:01:33,7333,9.72,3376,27,1980,3431,3902,UDP_GREYLIST=3369 UDP_ENTROPY=62
2026-10-02 20:01:34,2296,3.31,3,100,2296,51,2245,UDP_ENTROPY=51
2026-10-02 20:01:35,2224,1.66,3,99,2202,56,2168,UDP_ENTROPY=55 TCP_OUT_OF_STATE=1
2026-10-02 20:01:36,2253,1.54,3,100,2253,48,2205,UDP_ENTROPY=38 L0_BLACKLIST=10
2026-10-02 20:01:37,2314,2.41,0,99,2291,46,2268,L0_BLACKLIST=31 UDP_ENTROPY=15
2026-10-02 20:01:38,2233,1.19,1,99,2211,64,2169,L0_BLACKLIST=56 UDP_ENTROPY=8
2026-10-02 20:01:39,2211,1.06,1,99,2189,56,2155,L0_BLACKLIST=56
2026-10-02 20:01:40,2199,1.05,0,99,2177,56,2143,L0_BLACKLIST=56
2026-10-02 20:01:41,2238,1.65,1,99,2216,55,2183,L0_BLACKLIST=55
2026-10-02 20:01:42,2213,1.1,0,99,2191,59,2154,L0_BLACKLIST=59
2026-10-02 20:01:43,2176,1.07,1,99,2154,57,2119,L0_BLACKLIST=56 TCP_OUT_OF_STATE=1
2026-10-02 20:01:44,2075,1.03,0,99,2054,52,2023,L0_BLACKLIST=51 TCP_OUT_OF_STATE=1
2026-10-02 20:01:45,2180,1.06,0,99,2158,50,2130,L0_BLACKLIST=50
2026-10-02 20:01:46,2147,1.1,0,99,2126,26,2121,L0_BLACKLIST=25 L1_BOGON_SRC=1
2026-10-02 20:01:47,2240,2.11,0,99,2218,11,2229,hb
2026-10-02 20:02:04,2259,1.84,1,100,2259,0,2259,hb
2026-10-02 20:02:17,2379,1.68,55,97,2308,127,2252,UDP_ENTROPY=116 L0_BLACKLIST=11
2026-10-02 20:02:18,18131,13.19,5090,43,7796,1492,16639,UDP_ENTROPY=1492
2026-10-02 20:02:19,18030,10.91,7658,20,3606,8384,9646,UDP_GREYLIST=8132 UDP_ENTROPY=249 WAR_REFLECTION=2 L0_BLACKLIST=1
2026-10-02 20:02:20,17980,10.76,7492,16,2877,7650,10330,UDP_GREYLIST=7384 UDP_ENTROPY=266
2026-10-02 20:02:21,20694,12.39,5853,14,2897,4461,16233,UDP_GREYLIST=4184 UDP_ENTROPY=276 L0_BLACKLIST=1
2026-10-02 20:02:22,18767,13.12,6401,14,2627,6756,12011,UDP_GREYLIST=6350 UDP_ENTROPY=405 L0_BLACKLIST=1
2026-10-02 20:02:23,20473,13.6,6242,16,3276,5223,15250,UDP_GREYLIST=4787 UDP_ENTROPY=436
2026-10-02 20:02:24,20439,13.27,5517,20,4088,5209,15230,UDP_GREYLIST=4743 UDP_ENTROPY=465 L0_BLACKLIST=1
2026-10-02 20:02:25,20949,12.31,5948,19,3980,4382,16567,UDP_GREYLIST=4015 UDP_ENTROPY=367
2026-10-02 20:02:26,21937,12.81,5637,22,4826,3861,18076,UDP_GREYLIST=3498 UDP_ENTROPY=356 WAR_REFLECTION=7
2026-10-02 20:02:27,20488,14.44,5513,21,4302,5624,14864,UDP_GREYLIST=5143 UDP_ENTROPY=481
2026-10-02 20:02:28,20939,13.59,6177,15,3141,5194,15745,UDP_GREYLIST=4687 UDP_ENTROPY=504 WAR_REFLECTION=3
2026-10-02 20:02:29,18166,11.74,8924,8,1453,7958,10208,UDP_GREYLIST=7759 UDP_ENTROPY=198 WAR_REFLECTION=1
2026-10-02 20:02:30,17375,10.67,8876,3,521,8618,8757,UDP_GREYLIST=8494 UDP_ENTROPY=120 WAR_REFLECTION=2 L2_UDP_CLOSED_PORT=1 L0_BLACKLIST=1
2026-10-02 20:02:31,17364,10.57,8412,3,521,8533,8831,UDP_GREYLIST=8391 UDP_ENTROPY=142
2026-10-02 20:02:32,16891,10.97,8376,2,338,8999,7892,UDP_GREYLIST=8863 UDP_ENTROPY=136
2026-10-02 20:02:33,16864,10.87,8816,3,506,8846,8018,UDP_GREYLIST=8689 UDP_ENTROPY=157
2026-10-02 20:02:34,16779,10.99,8938,4,671,8675,8104,UDP_GREYLIST=8515 UDP_ENTROPY=160
2026-10-02 20:02:35,16698,10.46,8584,7,1169,8275,8423,UDP_GREYLIST=8109 UDP_ENTROPY=166
2026-10-02 20:02:36,16650,10.45,8131,9,1498,8009,8641,UDP_GREYLIST=7853 UDP_ENTROPY=156
2026-10-02 20:02:37,16515,9.87,7788,9,1486,8034,8481,UDP_GREYLIST=7853 UDP_ENTROPY=181
2026-10-02 20:02:38,16038,10.34,7728,9,1443,8315,7723,UDP_GREYLIST=8153 UDP_ENTROPY=161 L0_BLACKLIST=1
2026-10-02 20:02:39,15950,10.22,8197,8,1276,8199,7751,UDP_GREYLIST=8011 UDP_ENTROPY=182 WAR_REFLECTION=6
2026-10-02 20:02:40,15918,10.16,8478,6,955,8263,7655,UDP_GREYLIST=8103 UDP_ENTROPY=160
2026-10-02 20:02:41,15827,10.17,8803,2,317,8592,7235,UDP_GREYLIST=8461 UDP_ENTROPY=131
2026-10-02 20:02:42,15870,9.76,8561,3,476,8320,7550,UDP_GREYLIST=8249 UDP_ENTROPY=71
2026-10-02 20:02:43,15720,9.97,8193,3,472,8384,7336,UDP_GREYLIST=8251 UDP_ENTROPY=133
2026-10-02 20:02:44,15285,9.41,8031,3,459,8481,6804,UDP_GREYLIST=8346 UDP_ENTROPY=135
2026-10-02 20:02:45,15327,9.81,8317,3,460,8419,6908,UDP_GREYLIST=8310 UDP_ENTROPY=109
2026-10-02 20:02:46,14065,9.24,7846,3,422,7584,6481,UDP_GREYLIST=7476 UDP_ENTROPY=108
2026-10-02 20:02:47,10171,6.28,5737,4,407,5407,4764,UDP_GREYLIST=5352 UDP_ENTROPY=53 L0_BLACKLIST=2
2026-10-02 20:02:48,768,2.14,1,100,768,5,763,hb
2026-10-02 20:02:55,3820,4.94,692,77,2941,761,3059,UDP_ENTROPY=757 L0_BLACKLIST=4
2026-10-02 20:02:56,15205,9.63,3452,52,7907,872,14333,UDP_ENTROPY=871 L0_BLACKLIST=1
2026-10-02 20:02:57,14536,9.29,5500,26,3779,5948,8588,UDP_GREYLIST=5624 UDP_ENTROPY=324
2026-10-02 20:02:58,15283,9.94,6339,20,3057,5706,9577,UDP_GREYLIST=5380 UDP_ENTROPY=325 WAR_REFLECTION=1
2026-10-02 20:02:59,15677,9.69,6302,19,2979,5456,10221,UDP_GREYLIST=5233 UDP_ENTROPY=222 L0_BLACKLIST=1
2026-10-02 20:03:00,16579,9.97,5600,19,3150,5073,11506,UDP_GREYLIST=4752 UDP_ENTROPY=320 L2_UDP_CLOSED_PORT=1
2026-10-02 20:03:01,17305,11.56,5786,20,3461,4570,12735,UDP_GREYLIST=4267 UDP_ENTROPY=303
2026-10-02 20:03:02,16449,10.71,5249,20,3290,5174,11275,UDP_GREYLIST=4741 UDP_ENTROPY=433
2026-10-02 20:03:03,17943,10.37,5316,25,4486,3929,14014,UDP_GREYLIST=3629 UDP_ENTROPY=300
2026-10-02 20:03:04,16621,11.42,5144,27,4488,4787,11834,UDP_GREYLIST=4318 UDP_ENTROPY=468 L0_BLACKLIST=1
2026-10-02 20:03:05,17220,10.93,5079,27,4649,4547,12673,UDP_GREYLIST=4081 UDP_ENTROPY=463 WAR_REFLECTION=2 L0_BLACKLIST=1
2026-10-02 20:03:06,17265,10.91,5708,26,4489,4518,12747,UDP_GREYLIST=4135 UDP_ENTROPY=381 WAR_REFLECTION=1 L0_BLACKLIST=1
2026-10-02 20:03:07,16687,10.01,5632,18,3004,5211,11476,UDP_GREYLIST=4980 UDP_ENTROPY=229 WAR_REFLECTION=2
2026-10-02 20:03:08,16121,11.2,6808,9,1451,5978,10143,UDP_GREYLIST=5746 UDP_ENTROPY=231 WAR_REFLECTION=1
2026-10-02 20:03:09,17236,9.54,6553,3,517,5270,11966,UDP_GREYLIST=5128 UDP_ENTROPY=142
2026-10-02 20:03:10,15647,11.17,6455,4,626,6551,9096,UDP_GREYLIST=6330 UDP_ENTROPY=218 WAR_REFLECTION=3
2026-10-02 20:03:11,17284,10.98,6824,4,691,5342,11942,UDP_GREYLIST=5194 UDP_ENTROPY=147 L0_BLACKLIST=1
2026-10-02 20:03:12,16186,10.01,6294,3,486,6278,9908,UDP_GREYLIST=6083 UDP_ENTROPY=195
2026-10-02 20:03:13,16894,10.98,7230,3,507,5728,11166,UDP_GREYLIST=5535 UDP_ENTROPY=193
2026-10-02 20:03:14,16630,10.21,6648,1,166,6024,10606,UDP_GREYLIST=5806 UDP_ENTROPY=218
2026-10-02 20:03:15,16605,11.12,7320,2,332,5885,10720,UDP_GREYLIST=5719 UDP_ENTROPY=166
2026-10-02 20:03:16,16450,10.38,6495,5,822,5578,10872,UDP_GREYLIST=5342 UDP_ENTROPY=235 L0_BLACKLIST=1
2026-10-02 20:03:17,15922,11.44,7023,6,955,6216,9706,UDP_GREYLIST=5953 UDP_ENTROPY=263
2026-10-02 20:03:18,17438,9.88,6554,5,872,5228,12210,UDP_GREYLIST=5080 UDP_ENTROPY=148
2026-10-02 20:03:19,16673,12.17,6574,10,1667,6375,10298,UDP_GREYLIST=6000 UDP_ENTROPY=375
2026-10-02 20:03:20,18483,10.39,6189,12,2218,4759,13724,UDP_GREYLIST=4579 UDP_ENTROPY=180
2026-10-02 20:03:21,17291,12.44,6039,11,1902,6569,10722,UDP_GREYLIST=6210 UDP_ENTROPY=358 L0_BLACKLIST=1
2026-10-02 20:03:22,18721,12.36,6645,11,2059,5236,13485,UDP_GREYLIST=4960 UDP_ENTROPY=276
2026-10-02 20:03:23,17842,11.34,6140,12,2141,6197,11645,UDP_GREYLIST=5838 UDP_ENTROPY=358 L0_BLACKLIST=1
2026-10-02 20:03:24,18549,11.94,6917,12,2226,5431,13118,UDP_GREYLIST=5157 UDP_ENTROPY=274
2026-10-02 20:03:25,10678,6.97,3273,21,2242,2406,8272,UDP_GREYLIST=2295 UDP_ENTROPY=109 L0_BLACKLIST=2
2026-10-02 20:03:26,2282,1.97,4,99,2259,6,2276,hb
2026-10-02 20:03:56,2317,1.14,0,100,2317,0,2317,hb
2026-10-02 20:04:09,10993,5.44,2044,56,6156,0,10993,
2026-10-02 20:04:10,19050,11.86,6657,34,6477,1058,17992,UDP_ENTROPY=1058
2026-10-02 20:04:11,18542,11.96,7520,17,3152,8258,10284,UDP_GREYLIST=7982 UDP_ENTROPY=274 WAR_REFLECTION=2
2026-10-02 20:04:12,18060,11.33,7220,20,3612,7794,10266,UDP_GREYLIST=7481 UDP_ENTROPY=313
2026-10-02 20:04:13,17830,11.76,7443,21,3744,7687,10143,UDP_GREYLIST=7281 UDP_ENTROPY=406
2026-10-02 20:04:14,17676,11.81,7009,27,4773,6890,10786,UDP_GREYLIST=6465 UDP_ENTROPY=425
2026-10-02 20:04:15,17699,11.1,7002,26,4602,6883,10816,UDP_GREYLIST=6550 UDP_ENTROPY=333
2026-10-02 20:04:16,17654,10.88,7545,14,2472,7787,9867,UDP_GREYLIST=7538 UDP_ENTROPY=248 WAR_REFLECTION=1
2026-10-02 20:04:17,16931,11.18,8623,3,508,8920,8011,UDP_GREYLIST=8757 UDP_ENTROPY=163
2026-10-02 20:04:18,16871,11.2,9151,2,337,8966,7905,UDP_GREYLIST=8804 UDP_ENTROPY=160 WAR_REFLECTION=2
2026-10-02 20:04:19,16929,10.71,9090,1,169,8711,8218,UDP_GREYLIST=8619 UDP_ENTROPY=92
2026-10-02 20:04:20,17309,10.7,8614,2,346,8495,8814,UDP_GREYLIST=8344 UDP_ENTROPY=151
2026-10-02 20:04:21,16881,11.15,7974,7,1182,8553,8328,UDP_GREYLIST=8344 UDP_ENTROPY=209
2026-10-02 20:04:22,16774,11.35,8520,8,1342,8439,8335,UDP_GREYLIST=8209 UDP_ENTROPY=230
2026-10-02 20:04:23,16883,10.64,8005,13,2195,7680,9203,UDP_GREYLIST=7475 UDP_ENTROPY=205
2026-10-02 20:04:24,16814,11.06,7594,14,2354,7606,9208,UDP_GREYLIST=7303 UDP_ENTROPY=303
2026-10-02 20:04:25,16462,10.29,7315,15,2469,7812,8650,UDP_GREYLIST=7583 UDP_ENTROPY=229
2026-10-02 20:04:26,16316,10.83,8008,10,1632,8092,8224,UDP_GREYLIST=7854 UDP_ENTROPY=238
2026-10-02 20:04:27,16176,10.79,8401,8,1294,8188,7988,UDP_GREYLIST=7995 UDP_ENTROPY=192 WAR_REFLECTION=1
2026-10-02 20:04:28,16280,10.24,8271,5,814,8097,8183,UDP_GREYLIST=7972 UDP_ENTROPY=125
2026-10-02 20:04:29,15917,9.94,8257,2,318,8507,7410,UDP_GREYLIST=8362 UDP_ENTROPY=145
2026-10-02 20:04:30,15682,10.45,8395,2,314,8566,7116,UDP_GREYLIST=8467 UDP_ENTROPY=98 L2_UDP_CLOSED_PORT=1
2026-10-02 20:04:31,15689,10.55,8686,2,314,8426,7263,UDP_GREYLIST=8299 UDP_ENTROPY=127
2026-10-02 20:04:32,15737,9.93,8606,2,315,8288,7449,UDP_GREYLIST=8182 UDP_ENTROPY=106
2026-10-02 20:04:33,15590,9.73,8158,2,312,8255,7335,UDP_GREYLIST=8127 UDP_ENTROPY=128
2026-10-02 20:04:34,15186,10.04,8118,2,304,8483,6703,UDP_GREYLIST=8363 UDP_ENTROPY=120
2026-10-02 20:04:35,13172,8.53,7440,2,263,7073,6099,UDP_GREYLIST=6961 UDP_ENTROPY=112
2026-10-02 20:04:36,11785,7.83,6716,2,236,6456,5329,UDP_GREYLIST=6404 UDP_ENTROPY=51 WAR_REFLECTION=1
2026-10-02 20:04:37,12082,7.08,6597,1,121,6585,5497,UDP_GREYLIST=6516 UDP_ENTROPY=66 WAR_REFLECTION=3
2026-10-02 20:04:38,11917,7.88,6320,2,238,6649,5268,UDP_GREYLIST=6535 UDP_ENTROPY=114
2026-10-02 20:04:39,7178,7.18,3481,24,1723,3215,3963,UDP_GREYLIST=3167 UDP_ENTROPY=48
2026-10-02 20:04:40,2511,2.22,1,100,2511,9,2502,hb
2026-10-02 20:04:46,2541,2.06,0,100,2541,30,2511,L0_BLACKLIST=30
2026-10-02 20:04:47,2470,1.9,1,100,2470,27,2443,L0_BLACKLIST=27
2026-10-02 20:04:49,2567,2.2,0,100,2567,28,2539,L0_BLACKLIST=28
2026-10-02 20:04:50,2417,1.28,0,100,2417,24,2393,L0_BLACKLIST=24
2026-10-02 20:04:51,2406,1.15,0,100,2406,28,2378,L0_BLACKLIST=28
2026-10-02 20:04:52,2527,1.31,2,99,2502,30,2497,L0_BLACKLIST=30
2026-10-02 20:04:53,2423,1.51,2,99,2399,28,2395,L0_BLACKLIST=28
2026-10-02 20:04:54,2632,2.55,0,99,2606,22,2610,L0_BLACKLIST=22
2026-10-02 20:04:56,11197,5.67,2013,53,5934,0,11197,
2026-10-02 20:04:57,17717,10.03,3776,48,8504,698,17019,UDP_ENTROPY=698
2026-10-02 20:04:58,17209,10.79,4929,31,5335,5505,11704,UDP_GREYLIST=5114 UDP_ENTROPY=391
2026-10-02 20:04:59,18011,11.18,5563,23,4143,3805,14206,UDP_GREYLIST=3439 UDP_ENTROPY=366
2026-10-02 20:05:00,18677,11.14,5602,21,3922,3796,14881,UDP_GREYLIST=3464 UDP_ENTROPY=330 L2_UDP_CLOSED_PORT=1 WAR_REFLECTION=1
2026-10-02 20:05:01,16457,11.14,6722,20,3291,5322,11135,UDP_GREYLIST=4982 UDP_ENTROPY=338 WAR_REFLECTION=1 L0_BLACKLIST=1
2026-10-02 20:05:02,14450,9.55,6888,20,2890,6891,7559,UDP_GREYLIST=6626 UDP_ENTROPY=265
2026-10-02 20:05:03,15059,9.79,6851,22,3313,6766,8293,UDP_GREYLIST=6478 UDP_ENTROPY=287 L0_BLACKLIST=1
2026-10-02 20:05:04,15524,9.63,6581,25,3881,6601,8923,UDP_GREYLIST=6310 UDP_ENTROPY=290 L1_BOGON_SRC=1
2026-10-02 20:05:05,16177,9.84,6766,21,3397,7071,9106,UDP_GREYLIST=6814 UDP_ENTROPY=256 WAR_REFLECTION=1
2026-10-02 20:05:06,16159,10.54,8056,6,970,8492,7667,UDP_GREYLIST=8316 UDP_ENTROPY=174 WAR_REFLECTION=2
2026-10-02 20:05:07,16022,10.47,8688,3,481,8598,7424,UDP_GREYLIST=8442 UDP_ENTROPY=155 WAR_REFLECTION=1
2026-10-02 20:05:08,15957,10.46,8837,2,319,8497,7460,UDP_GREYLIST=8374 UDP_ENTROPY=123
2026-10-02 20:05:09,16060,9.9,8512,2,321,8310,7750,UDP_GREYLIST=8219 UDP_ENTROPY=91
2026-10-02 20:05:10,16451,10.01,8083,5,823,8226,8225,UDP_GREYLIST=8062 UDP_ENTROPY=164
2026-10-02 20:05:11,16441,10.7,7899,7,1151,8392,8049,UDP_GREYLIST=8214 UDP_ENTROPY=178
2026-10-02 20:05:12,16592,10.86,8405,8,1327,8387,8205,UDP_GREYLIST=8195 UDP_ENTROPY=192
2026-10-02 20:05:13,16589,10.83,8375,9,1493,8120,8469,UDP_GREYLIST=7905 UDP_ENTROPY=215
2026-10-02 20:05:14,16396,10.11,8107,10,1640,7923,8473,UDP_GREYLIST=7733 UDP_ENTROPY=190
2026-10-02 20:05:15,16405,10.02,7682,9,1476,7764,8641,UDP_GREYLIST=7585 UDP_ENTROPY=179
2026-10-02 20:05:16,15582,10.08,8210,2,312,8810,6772,UDP_GREYLIST=8679 UDP_ENTROPY=131
2026-10-02 20:05:17,15585,10.19,8614,2,312,8609,6976,UDP_GREYLIST=8483 UDP_ENTROPY=125 WAR_REFLECTION=1
2026-10-02 20:05:18,15649,10.38,8801,2,313,8541,7108,UDP_GREYLIST=8397 UDP_ENTROPY=144
2026-10-02 20:05:19,15999,9.92,8656,3,480,8315,7684,UDP_GREYLIST=8203 UDP_ENTROPY=112
2026-10-02 20:05:20,15893,10.33,8214,4,636,8245,7648,UDP_GREYLIST=8099 UDP_ENTROPY=146
2026-10-02 20:05:21,15604,9.66,8030,3,468,8503,7101,UDP_GREYLIST=8402 UDP_ENTROPY=101
2026-10-02 20:05:22,15581,10.37,8432,7,1091,8561,7020,UDP_GREYLIST=8388 UDP_ENTROPY=173
2026-10-02 20:05:23,17278,9.99,9402,21,3628,9572,7706,UDP_GREYLIST=9416 UDP_ENTROPY=156
2026-10-02 20:05:24,17292,9.49,10204,13,2248,10676,6616,UDP_GREYLIST=10568 UDP_ENTROPY=107 WAR_REFLECTION=1
2026-10-02 20:05:25,15897,9.23,9760,11,1749,10230,5667,UDP_GREYLIST=10097 UDP_ENTROPY=133
2026-10-02 20:05:26,17481,10.93,7640,20,3496,8125,9356,UDP_GREYLIST=7823 UDP_ENTROPY=302
2026-10-02 20:05:27,18669,12.12,7298,26,4854,7253,11416,UDP_GREYLIST=6813 UDP_ENTROPY=440
2026-10-02 20:05:28,19406,11.81,7477,24,4657,7342,12064,UDP_GREYLIST=7019 UDP_ENTROPY=322 WAR_REFLECTION=1
2026-10-02 20:05:29,19402,12.71,8380,11,2134,8508,10894,UDP_GREYLIST=8275 UDP_ENTROPY=231 WAR_REFLECTION=2
2026-10-02 20:05:30,19118,11.66,8697,4,765,9260,9858,UDP_GREYLIST=9058 UDP_ENTROPY=201 L2_UDP_CLOSED_PORT=1
2026-10-02 20:05:31,19126,12.68,9141,3,574,9502,9624,UDP_GREYLIST=9300 UDP_ENTROPY=200 WAR_REFLECTION=2
2026-10-02 20:05:32,19093,12.43,9666,2,382,9378,9715,UDP_GREYLIST=9225 UDP_ENTROPY=153
2026-10-02 20:05:33,19278,12.53,9498,4,771,9053,10225,UDP_GREYLIST=8857 UDP_ENTROPY=196
2026-10-02 20:05:34,19401,11.98,8997,8,1552,8793,10608,UDP_GREYLIST=8591 UDP_ENTROPY=202
2026-10-02 20:05:35,19564,12.14,8396,8,1565,8456,11108,UDP_GREYLIST=8212 UDP_ENTROPY=244
2026-10-02 20:05:36,19403,12.4,8240,10,1940,8963,10440,UDP_GREYLIST=8694 UDP_ENTROPY=269
2026-10-02 20:05:37,19170,12.18,8725,10,1917,8878,10292,UDP_GREYLIST=8648 UDP_ENTROPY=230
2026-10-02 20:05:38,19335,12.58,9077,10,1934,8848,10487,UDP_GREYLIST=8587 UDP_ENTROPY=261
2026-10-02 20:05:39,19314,12.46,9450,5,966,9152,10162,UDP_GREYLIST=8947 UDP_ENTROPY=204 WAR_REFLECTION=1
2026-10-02 20:05:40,19343,11.82,9403,3,580,9072,10271,UDP_GREYLIST=8927 UDP_ENTROPY=144 WAR_REFLECTION=1
2026-10-02 20:05:41,19125,11.6,8677,4,765,8837,10288,UDP_GREYLIST=8642 UDP_ENTROPY=195
2026-10-02 20:05:42,18998,12.36,8515,4,760,9270,9728,UDP_GREYLIST=9066 UDP_ENTROPY=204
2026-10-02 20:05:43,18317,11.85,9199,4,733,9160,9157,UDP_GREYLIST=8951 UDP_ENTROPY=209
2026-10-02 20:05:44,18224,11.86,9362,5,911,9028,9196,UDP_GREYLIST=8848 UDP_ENTROPY=180
2026-10-02 20:05:45,17730,11.18,9004,4,709,8574,9156,UDP_GREYLIST=8412 UDP_ENTROPY=162
2026-10-02 20:05:46,15980,9.79,8216,4,639,8028,7952,UDP_GREYLIST=7877 UDP_ENTROPY=151
2026-10-02 20:05:47,16225,10.0,8090,3,487,8329,7896,UDP_GREYLIST=8171 UDP_ENTROPY=158
2026-10-02 20:05:48,15230,10.01,7866,3,457,8223,7007,UDP_GREYLIST=8109 UDP_ENTROPY=114
2026-10-02 20:05:49,12401,8.34,7319,3,372,7015,5386,UDP_GREYLIST=6903 UDP_ENTROPY=110 WAR_REFLECTION=2
2026-10-02 20:05:50,11832,7.34,7005,3,355,6634,5198,UDP_GREYLIST=6582 UDP_ENTROPY=50 WAR_REFLECTION=2
2026-10-02 20:05:51,12471,7.85,7445,3,374,7358,5113,UDP_GREYLIST=7276 UDP_ENTROPY=81 WAR_REFLECTION=1
2026-10-02 20:05:52,8895,8.42,4288,17,1512,3769,5126,UDP_GREYLIST=3726 UDP_ENTROPY=43
2026-10-02 20:05:53,2427,1.83,3,100,2427,0,2427,hb
2026-10-02 20:05:59,2393,2.14,1,99,2369,27,2366,L0_BLACKLIST=26 UDP_ENTROPY=1
2026-10-02 20:06:00,2314,1.13,2,99,2291,30,2284,L0_BLACKLIST=29 L2_UDP_CLOSED_PORT=1
2026-10-02 20:06:01,2369,2.62,0,99,2345,32,2337,L0_BLACKLIST=30 TCP_OUT_OF_STATE=2
2026-10-02 20:06:02,2355,1.44,0,99,2331,31,2324,L0_BLACKLIST=30 TCP_OUT_OF_STATE=1
2026-10-02 20:06:03,2274,1.14,0,99,2251,28,2246,L0_BLACKLIST=28
2026-10-02 20:06:04,2243,1.11,0,99,2221,30,2213,L0_BLACKLIST=30
2026-10-02 20:06:05,2350,2.12,1,99,2326,29,2321,L0_BLACKLIST=29
2026-10-02 20:06:06,2257,1.13,0,99,2234,30,2227,L0_BLACKLIST=29 TCP_OUT_OF_STATE=1
2026-10-02 20:06:07,2312,1.1,1,99,2289,20,2292,L0_BLACKLIST=20
2026-10-02 20:06:23,2416,1.93,0,100,2416,0,2416,hb
2026-10-02 20:06:37,13543,6.69,3372,51,6907,0,13543,
2026-10-02 20:06:38,19109,11.53,7319,25,4777,8046,11063,UDP_GREYLIST=7738 UDP_ENTROPY=308
2026-10-02 20:06:39,18634,11.79,7811,15,2795,7936,10698,UDP_GREYLIST=7666 UDP_ENTROPY=268 WAR_REFLECTION=1 L0_BLACKLIST=1
2026-10-02 20:06:40,18162,11.0,7386,17,3088,7901,10261,UDP_GREYLIST=7644 UDP_ENTROPY=257
2026-10-02 20:06:41,18036,11.55,7459,21,3788,7739,10297,UDP_GREYLIST=7366 UDP_ENTROPY=373
2026-10-02 20:06:42,18055,11.68,7519,24,4333,7507,10548,UDP_GREYLIST=7120 UDP_ENTROPY=385 WAR_REFLECTION=2
2026-10-02 20:06:43,18295,11.87,8003,18,3293,7883,10412,UDP_GREYLIST=7581 UDP_ENTROPY=300 WAR_REFLECTION=2
2026-10-02 20:06:44,18023,11.01,8715,8,1442,8552,9471,UDP_GREYLIST=8410 UDP_ENTROPY=141 WAR_REFLECTION=1
2026-10-02 20:06:45,17636,10.97,8384,6,1058,8539,9097,UDP_GREYLIST=8368 UDP_ENTROPY=170 WAR_REFLECTION=1
2026-10-02 20:06:46,17191,10.94,8302,4,688,8947,8244,UDP_GREYLIST=8743 UDP_ENTROPY=204
2026-10-02 20:06:47,17085,10.98,8779,4,683,8862,8223,UDP_GREYLIST=8706 UDP_ENTROPY=156
2026-10-02 20:06:48,16850,10.94,8737,7,1180,8478,8372,UDP_GREYLIST=8290 UDP_ENTROPY=188
2026-10-02 20:06:49,16893,10.77,8621,7,1183,8332,8561,UDP_GREYLIST=8158 UDP_ENTROPY=174
2026-10-02 20:06:50,16917,10.44,8357,8,1353,8194,8723,UDP_GREYLIST=8008 UDP_ENTROPY=186
2026-10-02 20:06:51,16884,10.22,7834,9,1520,8048,8836,UDP_GREYLIST=7859 UDP_ENTROPY=189
2026-10-02 20:06:52,16416,10.75,7864,9,1477,8398,8018,UDP_GREYLIST=8194 UDP_ENTROPY=204
2026-10-02 20:06:53,16356,10.56,8436,8,1308,8423,7933,UDP_GREYLIST=8248 UDP_ENTROPY=175
2026-10-02 20:06:54,16271,10.57,8909,3,488,8634,7637,UDP_GREYLIST=8493 UDP_ENTROPY=141
2026-10-02 20:06:55,16248,10.04,8693,3,487,8485,7763,UDP_GREYLIST=8356 UDP_ENTROPY=129
2026-10-02 20:06:56,16325,10.35,8270,5,816,8219,8106,UDP_GREYLIST=8052 UDP_ENTROPY=167
2026-10-02 20:06:57,16057,9.86,8027,5,803,8313,7744,UDP_GREYLIST=8150 UDP_ENTROPY=162 L0_BLACKLIST=1
2026-10-02 20:06:58,15671,10.17,8047,4,627,8476,7195,UDP_GREYLIST=8329 UDP_ENTROPY=147
2026-10-02 20:06:59,15613,10.21,8508,5,781,8398,7215,UDP_GREYLIST=8233 UDP_ENTROPY=165
2026-10-02 20:07:00,15232,9.94,8396,4,609,8197,7035,UDP_GREYLIST=8079 UDP_ENTROPY=117 L2_UDP_CLOSED_PORT=1
2026-10-02 20:07:01,18323,10.82,6156,3,550,5604,12719,UDP_GREYLIST=5404 UDP_ENTROPY=200
2026-10-02 20:07:02,18795,13.53,5965,3,564,5327,13468,UDP_GREYLIST=4993 UDP_ENTROPY=334
2026-10-02 20:07:03,17567,11.45,5283,3,527,4688,12879,UDP_GREYLIST=4396 UDP_ENTROPY=292
2026-10-02 20:07:04,14375,8.85,5346,4,575,4297,10078,UDP_GREYLIST=4015 UDP_ENTROPY=282
2026-10-02 20:07:05,13011,6.37,5585,3,390,4259,8752,UDP_GREYLIST=4119 UDP_ENTROPY=140
2026-10-02 20:07:06,15975,9.26,5540,2,320,4340,11635,UDP_GREYLIST=4161 UDP_ENTROPY=179
2026-10-02 20:07:07,3073,3.2,1775,17,522,1688,1385,UDP_GREYLIST=1680 UDP_ENTROPY=7 WAR_REFLECTION=1
2026-10-02 20:07:08,760,2.28,1,99,752,0,760,hb
2026-10-02 20:07:12,2057,1.73,0,100,2057,23,2034,UDP_ENTROPY=23
2026-10-02 20:07:13,2556,2.27,101,96,2454,229,2327,UDP_ENTROPY=229
2026-10-02 20:07:14,12753,8.82,3803,47,5994,930,11823,UDP_ENTROPY=930
2026-10-02 20:07:15,13014,8.29,5920,24,3123,6372,6642,UDP_GREYLIST=6159 UDP_ENTROPY=211 WAR_REFLECTION=2
2026-10-02 20:07:16,13261,8.4,6595,14,1857,6990,6271,UDP_GREYLIST=6808 UDP_ENTROPY=181 L1_BOGON_SRC=1
2026-10-02 20:07:17,13662,8.85,6635,20,2732,6751,6911,UDP_GREYLIST=6526 UDP_ENTROPY=225
2026-10-02 20:07:18,14042,9.26,6494,24,3370,6451,7591,UDP_GREYLIST=6162 UDP_ENTROPY=289
2026-10-02 20:07:19,14371,9.08,6552,24,3449,6549,7822,UDP_GREYLIST=6287 UDP_ENTROPY=261 WAR_REFLECTION=1
2026-10-02 20:07:20,14788,9.47,6754,18,2662,6911,7877,UDP_GREYLIST=6680 UDP_ENTROPY=230 WAR_REFLECTION=1
2026-10-02 20:07:21,17053,11.28,5723,8,1364,6134,10919,UDP_GREYLIST=5808 UDP_ENTROPY=326
2026-10-02 20:07:22,18118,10.38,6461,9,1631,4916,13202,UDP_GREYLIST=4734 UDP_ENTROPY=182
2026-10-02 20:07:23,18661,12.33,6264,10,1866,4602,14059,UDP_GREYLIST=4336 UDP_ENTROPY=266
2026-10-02 20:07:24,16644,11.24,5704,8,1332,5952,10692,UDP_GREYLIST=5626 UDP_ENTROPY=324 WAR_REFLECTION=2
2026-10-02 20:07:25,18110,10.57,6523,7,1268,5000,13110,UDP_GREYLIST=4804 UDP_ENTROPY=196
2026-10-02 20:07:26,18863,11.41,6370,5,943,4421,14442,UDP_GREYLIST=4231 UDP_ENTROPY=190
2026-10-02 20:07:27,16622,11.93,5671,5,831,6083,10539,UDP_GREYLIST=5762 UDP_ENTROPY=321
2026-10-02 20:07:28,17944,10.54,6634,5,897,5136,12808,UDP_GREYLIST=4912 UDP_ENTROPY=224
2026-10-02 20:07:29,18792,11.11,6269,7,1315,4216,14576,UDP_GREYLIST=3998 UDP_ENTROPY=218
2026-10-02 20:07:30,16625,12.22,5508,9,1496,6017,10608,UDP_GREYLIST=5657 UDP_ENTROPY=359 L2_UDP_CLOSED_PORT=1
2026-10-02 20:07:31,18372,10.95,6342,9,1653,4933,13439,UDP_GREYLIST=4704 UDP_ENTROPY=229
2026-10-02 20:07:32,19062,12.01,6269,9,1716,4484,14578,UDP_GREYLIST=4219 UDP_ENTROPY=265
2026-10-02 20:07:33,17365,12.28,5678,9,1563,6065,11300,UDP_GREYLIST=5672 UDP_ENTROPY=393
2026-10-02 20:07:34,18969,10.99,6382,9,1707,4853,14116,UDP_GREYLIST=4595 UDP_ENTROPY=258
2026-10-02 20:07:35,19511,12.57,6265,9,1756,4506,15005,UDP_GREYLIST=4216 UDP_ENTROPY=290
2026-10-02 20:07:36,17734,12.22,5705,11,1951,5967,11767,UDP_GREYLIST=5565 UDP_ENTROPY=402
2026-10-02 20:07:37,18972,10.9,6351,9,1707,4742,14230,UDP_GREYLIST=4487 UDP_ENTROPY=255
2026-10-02 20:07:38,19495,11.99,6146,9,1755,4291,15204,UDP_GREYLIST=4036 UDP_ENTROPY=255
2026-10-02 20:07:39,17631,12.78,5651,9,1587,6137,11494,UDP_GREYLIST=5703 UDP_ENTROPY=434
2026-10-02 20:07:40,19038,11.11,6384,9,1713,4847,14191,UDP_GREYLIST=4594 UDP_ENTROPY=253
2026-10-02 20:07:41,19802,11.68,6244,5,990,4376,15426,UDP_GREYLIST=4169 UDP_ENTROPY=207
2026-10-02 20:07:42,18009,12.76,5808,3,540,6249,11760,UDP_GREYLIST=5987 UDP_ENTROPY=262
2026-10-02 20:07:43,15534,10.7,6185,4,621,4808,10726,UDP_GREYLIST=4491 UDP_ENTROPY=314 WAR_REFLECTION=3
2026-10-02 20:07:44,657,0.71,2,100,657,0,657,hb
2026-10-02 20:07:47,2860,6.68,0,99,2831,32,2828,UDP_ENTROPY=32
2026-10-02 20:07:48,2426,1.79,1,99,2402,21,2405,UDP_ENTROPY=21
2026-10-02 20:07:49,2372,1.95,1,99,2348,26,2346,L0_BLACKLIST=15 UDP_ENTROPY=11
2026-10-02 20:07:50,2300,1.19,1,99,2277,26,2274,L0_BLACKLIST=26
2026-10-02 20:07:51,2353,1.4,0,99,2329,28,2325,L0_BLACKLIST=28
2026-10-02 20:07:52,2327,1.94,0,99,2304,27,2300,L0_BLACKLIST=27
2026-10-02 20:07:53,2332,2.02,0,99,2309,26,2306,L0_BLACKLIST=26
2026-10-02 20:07:54,2299,1.35,0,99,2276,25,2274,L0_BLACKLIST=25
2026-10-02 20:07:55,2293,2.1,0,99,2270,24,2269,L0_BLACKLIST=24
2026-10-02 20:07:56,2321,1.65,0,99,2298,27,2294,L0_BLACKLIST=27
2026-10-02 20:07:57,2404,1.31,1,99,2380,27,2377,L0_BLACKLIST=27
2026-10-02 20:07:58,2329,1.21,0,99,2306,26,2303,L0_BLACKLIST=26
2026-10-02 20:08:14,2254,1.17,0,99,2231,0,2254,hb
2026-10-02 20:08:28,15503,7.78,3608,50,7752,0,15503,
2026-10-02 20:08:29,19219,12.37,7227,24,4613,8003,11216,UDP_GREYLIST=7687 UDP_ENTROPY=316
2026-10-02 20:08:30,18305,11.38,7850,13,2380,8363,9942,UDP_GREYLIST=8098 UDP_ENTROPY=262 WAR_REFLECTION=2 L2_UDP_CLOSED_PORT=1
2026-10-02 20:08:31,20131,11.25,6998,11,2214,6907,13224,UDP_GREYLIST=6733 UDP_ENTROPY=173 L0_BLACKLIST=1
2026-10-02 20:08:32,23063,24.31,4392,12,2768,5975,17088,UDP_GREYLIST=3668 UDP_ENTROPY=2304 L0_BLACKLIST=3
2026-10-02 20:08:33,27549,11.84,3585,12,3306,26,27523,UDP_GREYLIST=26
2026-10-02 20:08:34,24850,20.09,6241,13,3230,3628,21222,UDP_GREYLIST=2884 UDP_ENTROPY=741 L0_BLACKLIST=3
2026-10-02 20:08:35,27980,16.0,3302,36,10073,831,27149,UDP_GREYLIST=831
2026-10-02 20:08:36,34341,15.12,2398,51,17514,4,34337,L0_BLACKLIST=3 UDP_GREYLIST=1
2026-10-02 20:08:37,26114,22.22,4748,33,8618,4253,21861,UDP_GREYLIST=3501 UDP_ENTROPY=750 L0_BLACKLIST=2
2026-10-02 20:08:38,33063,13.15,2488,49,16201,31,33032,UDP_GREYLIST=31
2026-10-02 20:08:39,31947,21.1,4091,55,17571,3130,28817,UDP_GREYLIST=2275 UDP_ENTROPY=851 L0_BLACKLIST=4
2026-10-02 20:08:40,26362,19.35,3436,30,7909,3199,23163,UDP_ENTROPY=1949 UDP_GREYLIST=1247 L0_BLACKLIST=3
2026-10-02 20:08:41,35072,15.06,2274,57,19991,3,35069,UDP_GREYLIST=3
2026-10-02 20:08:42,26851,20.27,4778,37,9935,4332,22519,UDP_GREYLIST=3482 UDP_ENTROPY=847 L0_BLACKLIST=3
2026-10-02 20:08:43,32260,13.34,2841,44,14194,105,32155,UDP_GREYLIST=105
2026-10-02 20:08:44,32258,22.88,3996,53,17097,2495,29763,UDP_GREYLIST=1907 UDP_ENTROPY=583 L0_BLACKLIST=5
2026-10-02 20:08:45,25967,18.87,3475,28,7271,2961,23006,UDP_GREYLIST=1655 UDP_ENTROPY=1305 L0_BLACKLIST=1
2026-10-02 20:08:46,19401,12.9,8130,20,3880,7415,11986,UDP_GREYLIST=7141 UDP_ENTROPY=274
2026-10-02 20:08:47,18366,11.13,8227,12,2204,7999,10367,UDP_GREYLIST=7794 UDP_ENTROPY=203 WAR_REFLECTION=2
2026-10-02 20:08:48,17643,10.84,7862,12,2117,8036,9607,UDP_GREYLIST=7825 UDP_ENTROPY=211
2026-10-02 20:08:49,17179,11.16,7918,12,2061,8356,8823,UDP_GREYLIST=8106 UDP_ENTROPY=248 WAR_REFLECTION=2
2026-10-02 20:08:50,17172,11.38,8772,6,1030,8597,8575,UDP_GREYLIST=8431 UDP_ENTROPY=166
2026-10-02 20:08:51,17152,10.77,8843,5,858,8428,8724,UDP_GREYLIST=8275 UDP_ENTROPY=153
2026-10-02 20:08:52,17190,11.25,8388,5,860,8293,8897,UDP_GREYLIST=8093 UDP_ENTROPY=200
2026-10-02 20:08:53,16762,10.37,8194,4,670,8644,8118,UDP_GREYLIST=8499 UDP_ENTROPY=145
2026-10-02 20:08:54,16717,10.99,8609,5,836,8706,8011,UDP_GREYLIST=8535 UDP_ENTROPY=171
2026-10-02 20:08:55,16160,10.7,8920,3,485,8605,7555,UDP_GREYLIST=8445 UDP_ENTROPY=159 L0_BLACKLIST=1
2026-10-02 20:08:56,16261,10.24,8564,3,488,8350,7911,UDP_GREYLIST=8245 UDP_ENTROPY=105
2026-10-02 20:08:57,16101,9.86,8148,3,483,8257,7844,UDP_GREYLIST=8144 UDP_ENTROPY=113
2026-10-02 20:08:58,2774,2.86,1761,23,638,1608,1166,UDP_GREYLIST=1549 UDP_ENTROPY=55 L0_BLACKLIST=4
2026-10-02 20:08:59,707,0.7,1,100,707,5,702,hb
2026-10-02 20:09:05,14224,10.55,3860,49,6970,1278,12946,UDP_ENTROPY=1278
2026-10-02 20:09:06,15176,9.89,6616,21,3187,7234,7942,UDP_GREYLIST=6911 UDP_ENTROPY=321 WAR_REFLECTION=2
2026-10-02 20:09:07,19382,11.12,5836,16,3101,4427,14955,UDP_GREYLIST=4214 UDP_ENTROPY=211 WAR_REFLECTION=2
2026-10-02 20:09:08,18314,12.49,6062,13,2381,5715,12599,UDP_GREYLIST=5432 UDP_ENTROPY=282 L0_BLACKLIST=1
2026-10-02 20:09:09,19059,11.74,5957,16,3049,4887,14172,UDP_GREYLIST=4506 UDP_ENTROPY=381
2026-10-02 20:09:10,20241,11.99,5756,16,3239,4157,16084,UDP_GREYLIST=3868 UDP_ENTROPY=289
2026-10-02 20:09:11,23756,16.63,2832,64,15204,3704,20052,UDP_GREYLIST=2462 UDP_ENTROPY=1242
2026-10-02 20:09:12,26259,15.28,2679,67,17594,2719,23540,UDP_GREYLIST=1793 UDP_ENTROPY=925 L0_BLACKLIST=1
2026-10-02 20:09:13,30675,19.64,2982,64,19632,3138,27537,UDP_GREYLIST=1987 UDP_ENTROPY=1151
2026-10-02 20:09:14,24867,16.47,4803,39,9698,5398,19469,UDP_GREYLIST=4666 UDP_ENTROPY=727 WAR_REFLECTION=4 L0_BLACKLIST=1
2026-10-02 20:09:15,22545,13.23,6145,18,4058,4358,18187,UDP_GREYLIST=4015 UDP_ENTROPY=340 WAR_REFLECTION=2 L0_BLACKLIST=1
2026-10-02 20:09:16,22077,14.57,6747,17,3753,5837,16240,UDP_GREYLIST=5417 UDP_ENTROPY=419 WAR_REFLECTION=1
2026-10-02 20:09:17,21136,13.76,6323,14,2959,5376,15760,UDP_GREYLIST=4869 UDP_ENTROPY=500 WAR_REFLECTION=7
2026-10-02 20:09:18,18800,10.8,5925,16,3008,4022,14778,UDP_GREYLIST=3791 UDP_ENTROPY=230 L0_BLACKLIST=1
2026-10-02 20:09:19,16296,12.02,5635,13,2118,5878,10418,UDP_GREYLIST=5475 UDP_ENTROPY=403
2026-10-02 20:09:20,17564,10.23,6118,13,2283,4828,12736,UDP_GREYLIST=4596 UDP_ENTROPY=229 WAR_REFLECTION=3
2026-10-02 20:09:21,17721,11.9,6073,15,2658,4671,13050,UDP_GREYLIST=4358 UDP_ENTROPY=312 L0_BLACKLIST=1
2026-10-02 20:09:22,16491,10.55,5760,12,1979,5713,10778,UDP_GREYLIST=5439 UDP_ENTROPY=274
2026-10-02 20:09:23,17828,10.17,6505,7,1248,4769,13059,UDP_GREYLIST=4614 UDP_ENTROPY=155
2026-10-02 20:09:24,17125,11.4,6629,7,1199,5502,11623,UDP_GREYLIST=5302 UDP_ENTROPY=200
2026-10-02 20:09:25,17040,10.84,6374,7,1193,5537,11503,UDP_GREYLIST=5291 UDP_ENTROPY=246
2026-10-02 20:09:26,18370,10.64,6413,8,1470,4516,13854,UDP_GREYLIST=4345 UDP_ENTROPY=171
2026-10-02 20:09:27,16700,11.71,6200,8,1336,5900,10800,UDP_GREYLIST=5673 UDP_ENTROPY=226 L0_BLACKLIST=1
2026-10-02 20:09:28,17786,11.16,6509,7,1245,5314,12472,UDP_GREYLIST=5028 UDP_ENTROPY=285 L1_BOGON_SRC=1
2026-10-02 20:09:29,19161,12.06,6396,8,1533,4640,14521,UDP_GREYLIST=4416 UDP_ENTROPY=224
2026-10-02 20:09:30,17832,12.43,6087,6,1070,6442,11390,UDP_GREYLIST=6084 UDP_ENTROPY=357 L2_UDP_CLOSED_PORT=1
2026-10-02 20:09:31,19604,11.16,6702,8,1568,5014,14590,UDP_GREYLIST=4786 UDP_ENTROPY=227 L0_BLACKLIST=1
2026-10-02 20:09:32,19496,13.41,6903,8,1560,5283,14213,UDP_GREYLIST=5042 UDP_ENTROPY=241
2026-10-02 20:09:33,18480,12.23,6426,5,924,6061,12419,UDP_GREYLIST=5720 UDP_ENTROPY=340 L0_BLACKLIST=1
2026-10-02 20:09:34,17098,10.82,6570,8,1368,4544,12554,UDP_GREYLIST=4357 UDP_ENTROPY=187
2026-10-02 20:09:35,2291,1.62,1,99,2268,5,2286,hb
2026-10-02 20:10:05,1944,1.01,0,99,1925,0,1944,hb
2026-10-02 20:10:19,11678,6.18,2149,55,6423,0,11678,
2026-10-02 20:10:20,20295,11.69,6657,25,5074,7305,12990,UDP_GREYLIST=7021 UDP_ENTROPY=284
2026-10-02 20:10:21,25913,21.35,5572,25,6478,3524,22389,UDP_GREYLIST=2664 UDP_ENTROPY=860
2026-10-02 20:10:22,26812,20.9,3554,24,6435,3250,23562,UDP_ENTROPY=1924 UDP_GREYLIST=1326
2026-10-02 20:10:23,36091,16.27,2217,56,20211,7,36084,UDP_GREYLIST=7
2026-10-02 20:10:24,32120,25.79,4593,55,17666,4177,27943,UDP_GREYLIST=3126 UDP_ENTROPY=1047 WAR_REFLECTION=4
2026-10-02 20:10:25,28069,22.29,3323,34,9543,2490,25579,UDP_ENTROPY=2157 UDP_GREYLIST=326 WAR_REFLECTION=7
2026-10-02 20:10:26,37168,16.51,1928,62,23044,3,37165,UDP_GREYLIST=3
2026-10-02 20:10:27,31620,23.04,4517,53,16759,4401,27219,UDP_GREYLIST=3365 UDP_ENTROPY=1029 WAR_REFLECTION=7
2026-10-02 20:10:28,28127,20.79,3283,35,9844,2029,26098,UDP_ENTROPY=1859 UDP_GREYLIST=170
2026-10-02 20:10:29,36434,16.09,1963,61,22225,3,36431,UDP_GREYLIST=3
2026-10-02 20:10:30,29285,22.15,4617,45,13178,4479,24806,UDP_GREYLIST=3426 UDP_ENTROPY=1052 L2_UDP_CLOSED_PORT=1
2026-10-02 20:10:31,29235,21.88,3144,41,11986,2124,27111,UDP_ENTROPY=2035 UDP_GREYLIST=89
2026-10-02 20:10:32,38086,16.96,1802,62,23613,1,38085,UDP_GREYLIST=1
2026-10-02 20:10:33,28312,22.7,4756,36,10192,4518,23794,UDP_GREYLIST=3466 UDP_ENTROPY=1052
2026-10-02 20:10:34,26661,19.83,3392,15,3999,1996,24665,UDP_ENTROPY=1957 UDP_GREYLIST=38 L1_BOGON_SRC=1
2026-10-02 20:10:35,27154,12.39,3391,15,4073,0,27154,
2026-10-02 20:10:36,24209,21.56,6093,19,4600,4530,19679,UDP_GREYLIST=3164 UDP_ENTROPY=1366
2026-10-02 20:10:37,26626,20.46,3145,22,5858,1924,24702,UDP_ENTROPY=1875 UDP_GREYLIST=49
2026-10-02 20:10:38,27094,12.13,3146,22,5961,3,27091,UDP_GREYLIST=3
2026-10-02 20:10:39,24176,21.11,6207,18,4352,4539,19637,UDP_GREYLIST=3477 UDP_ENTROPY=1062
2026-10-02 20:10:40,26629,20.53,3462,14,3728,2003,24626,UDP_ENTROPY=1942 UDP_GREYLIST=61
2026-10-02 20:10:41,27109,11.86,3461,14,3795,0,27109,
2026-10-02 20:10:42,28438,24.58,4684,44,12513,4452,23986,UDP_ENTROPY=3014 UDP_GREYLIST=1438
2026-10-02 20:10:43,35407,27.45,1433,65,23015,2639,32768,UDP_ENTROPY=2632 UDP_GREYLIST=7
2026-10-02 20:10:44,35915,15.97,1431,65,23345,0,35915,
2026-10-02 20:10:45,34771,28.26,2741,67,23297,4737,30034,UDP_ENTROPY=3369 UDP_GREYLIST=1368
2026-10-02 20:10:46,38191,29.05,1363,67,25588,2794,35397,UDP_ENTROPY=2785 UDP_GREYLIST=9
2026-10-02 20:10:47,38604,17.15,1367,67,25865,4,38600,UDP_GREYLIST=4
2026-10-02 20:10:48,34924,26.83,2681,67,23399,4401,30523,UDP_ENTROPY=3045 UDP_GREYLIST=1356
2026-10-02 20:10:49,15925,12.79,1335,69,10988,8,15917,UDP_GREYLIST=8
2026-10-02 20:10:50,750,1.76,1,100,750,0,750,hb
2026-10-02 20:10:55,8743,4.25,2267,53,4634,0,8743,
2026-10-02 20:10:56,18307,8.72,4812,51,9337,4978,13329,UDP_GREYLIST=4978
2026-10-02 20:10:57,29617,17.67,3463,72,21324,4668,24949,UDP_GREYLIST=3534 UDP_ENTROPY=1131 WAR_REFLECTION=3
2026-10-02 20:10:58,26197,16.64,6941,35,9169,7493,18704,UDP_GREYLIST=6947 UDP_ENTROPY=546
2026-10-02 20:10:59,27253,16.62,5368,51,13899,6287,20966,UDP_GREYLIST=5358 UDP_ENTROPY=929
2026-10-02 20:11:00,26118,16.5,4381,62,16193,5237,20881,UDP_GREYLIST=4198 UDP_ENTROPY=1038 L2_UDP_CLOSED_PORT=1
2026-10-02 20:11:01,19129,12.43,7788,23,4400,7794,11335,UDP_GREYLIST=7470 UDP_ENTROPY=323 WAR_REFLECTION=1
2026-10-02 20:11:02,18249,11.77,8073,18,3285,7840,10409,UDP_GREYLIST=7533 UDP_ENTROPY=305 WAR_REFLECTION=2
2026-10-02 20:11:03,17521,10.66,7843,16,2803,7717,9804,UDP_GREYLIST=7490 UDP_ENTROPY=225 WAR_REFLECTION=2
2026-10-02 20:11:04,17368,10.88,7433,15,2605,7624,9744,UDP_GREYLIST=7368 UDP_ENTROPY=255 WAR_REFLECTION=1
2026-10-02 20:11:05,16894,10.65,7930,9,1520,8553,8341,UDP_GREYLIST=8352 UDP_ENTROPY=201
2026-10-02 20:11:06,16795,10.75,8248,8,1344,8367,8428,UDP_GREYLIST=8168 UDP_ENTROPY=199
2026-10-02 20:11:07,16807,10.9,8376,10,1681,8228,8579,UDP_GREYLIST=7984 UDP_ENTROPY=244
2026-10-02 20:11:08,16897,10.81,8330,10,1690,8097,8800,UDP_GREYLIST=7896 UDP_ENTROPY=201
2026-10-02 20:11:09,16881,10.44,8058,10,1688,7923,8958,UDP_GREYLIST=7731 UDP_ENTROPY=192
2026-10-02 20:11:10,16684,10.06,7959,6,1001,8186,8498,UDP_GREYLIST=8020 UDP_ENTROPY=166
2026-10-02 20:11:11,16188,10.65,8495,0,0,8997,7191,UDP_GREYLIST=8873 UDP_ENTROPY=124
2026-10-02 20:11:12,15984,10.46,9057,0,0,8972,7012,UDP_GREYLIST=8853 UDP_ENTROPY=119
2026-10-02 20:11:13,16024,10.48,9037,0,0,8688,7336,UDP_GREYLIST=8569 UDP_ENTROPY=119
2026-10-02 20:11:14,16053,9.89,8903,0,0,8625,7428,UDP_GREYLIST=8535 UDP_ENTROPY=90
2026-10-02 20:11:15,15902,10.35,8436,0,0,8493,7409,UDP_GREYLIST=8380 UDP_ENTROPY=113
2026-10-02 20:11:16,15648,9.55,8112,1,156,8580,7068,UDP_GREYLIST=8480 UDP_ENTROPY=100
2026-10-02 20:11:17,15343,9.96,8654,1,153,8758,6585,UDP_GREYLIST=8656 UDP_ENTROPY=102
2026-10-02 20:11:18,15355,10.08,8826,0,0,8587,6768,UDP_GREYLIST=8474 UDP_ENTROPY=113
2026-10-02 20:11:19,15301,9.91,8735,1,153,8410,6891,UDP_GREYLIST=8323 UDP_ENTROPY=87
2026-10-02 20:11:20,11958,7.27,6894,1,120,6478,5480,UDP_GREYLIST=6408 UDP_ENTROPY=70
2026-10-02 20:11:21,11691,7.39,6382,1,117,6640,5051,UDP_GREYLIST=6539 UDP_ENTROPY=101
2026-10-02 20:11:22,11303,7.37,6400,1,113,6626,4677,UDP_GREYLIST=6536 UDP_ENTROPY=87 WAR_REFLECTION=3
2026-10-02 20:11:23,11111,7.01,6625,1,111,6460,4651,UDP_GREYLIST=6383 UDP_ENTROPY=77
2026-10-02 20:11:24,11826,7.36,6965,1,118,6799,5027,UDP_GREYLIST=6721 UDP_ENTROPY=77 WAR_REFLECTION=1
2026-10-02 20:11:25,7295,6.84,3794,21,1532,3353,3942,UDP_GREYLIST=3323 UDP_ENTROPY=30
2026-10-02 20:11:26,2286,1.41,0,100,2286,0,2286,hb
2026-10-02 20:11:33,10107,5.41,2703,48,4851,0,10107,
2026-10-02 20:11:34,13934,9.09,4737,32,4459,918,13016,UDP_ENTROPY=918
2026-10-02 20:11:35,23260,13.85,2984,67,15584,3908,19352,UDP_GREYLIST=3004 UDP_ENTROPY=903 WAR_REFLECTION=1
2026-10-02 20:11:36,26868,17.09,1906,75,20151,2815,24053,UDP_GREYLIST=1619 UDP_ENTROPY=1191 WAR_REFLECTION=5
2026-10-02 20:11:37,27714,15.42,2414,71,19677,2447,25267,UDP_GREYLIST=1641 UDP_ENTROPY=806
2026-10-02 20:11:38,22296,12.64,4383,41,9141,3651,18645,UDP_GREYLIST=3374 UDP_ENTROPY=277
2026-10-02 20:11:39,17523,12.02,5170,23,4030,4592,12931,UDP_GREYLIST=4137 UDP_ENTROPY=455
2026-10-02 20:11:40,18401,12.38,4299,32,5888,4291,14110,UDP_GREYLIST=3443 UDP_ENTROPY=847 L1_BOGON_SRC=1
2026-10-02 20:11:41,25698,14.43,2600,67,17218,2417,23281,UDP_GREYLIST=1623 UDP_ENTROPY=794
2026-10-02 20:11:42,27163,15.23,2452,69,18742,2134,25029,UDP_GREYLIST=1382 UDP_ENTROPY=752
2026-10-02 20:11:43,26465,16.98,2725,65,17202,3511,22954,UDP_GREYLIST=2406 UDP_ENTROPY=1105
2026-10-02 20:11:44,22761,14.76,4314,44,10015,4163,18598,UDP_GREYLIST=3527 UDP_ENTROPY=635 WAR_REFLECTION=1
2026-10-02 20:11:45,19867,11.66,5877,20,3973,4256,15611,UDP_GREYLIST=3938 UDP_ENTROPY=316 WAR_REFLECTION=2
2026-10-02 20:11:46,20499,12.26,5756,20,4100,3960,16539,UDP_GREYLIST=3620 UDP_ENTROPY=340
2026-10-02 20:11:47,19491,13.14,5421,19,3703,4862,14629,UDP_GREYLIST=4442 UDP_ENTROPY=416 WAR_REFLECTION=4
2026-10-02 20:11:48,18250,12.38,5582,16,2920,5300,12950,UDP_GREYLIST=4850 UDP_ENTROPY=450
2026-10-02 20:11:49,17439,9.75,7230,12,2093,5583,11856,UDP_GREYLIST=5444 UDP_ENTROPY=139
2026-10-02 20:11:50,15134,9.48,8005,10,1513,7792,7342,UDP_GREYLIST=7630 UDP_ENTROPY=162
2026-10-02 20:11:51,15755,10.05,7706,9,1418,7689,8066,UDP_GREYLIST=7505 UDP_ENTROPY=184
2026-10-02 20:11:52,15554,9.39,7604,9,1400,7926,7628,UDP_GREYLIST=7752 UDP_ENTROPY=174
2026-10-02 20:11:53,15228,10.05,7835,8,1218,8152,7076,UDP_GREYLIST=7963 UDP_ENTROPY=189
2026-10-02 20:11:54,15289,10.01,8070,9,1376,7858,7431,UDP_GREYLIST=7677 UDP_ENTROPY=181
2026-10-02 20:11:55,15379,9.72,8020,9,1384,7768,7611,UDP_GREYLIST=7603 UDP_ENTROPY=165
2026-10-02 20:11:56,15755,10.01,8028,9,1418,7908,7847,UDP_GREYLIST=7758 UDP_ENTROPY=150
2026-10-02 20:11:57,16019,9.69,8270,2,320,8508,7511,UDP_GREYLIST=8391 UDP_ENTROPY=117
2026-10-02 20:11:58,15835,10.39,8546,1,158,8900,6935,UDP_GREYLIST=8797 UDP_ENTROPY=103
2026-10-02 20:11:59,15881,10.42,8845,1,159,8739,7142,UDP_GREYLIST=8614 UDP_ENTROPY=124 WAR_REFLECTION=1
2026-10-02 20:12:00,15913,10.44,8860,0,0,8622,7291,UDP_GREYLIST=8501 UDP_ENTROPY=120 L2_UDP_CLOSED_PORT=1
2026-10-02 20:12:01,15959,9.76,8713,1,160,8463,7496,UDP_GREYLIST=8392 UDP_ENTROPY=71
2026-10-02 20:12:02,15968,9.65,8141,2,319,8214,7754,UDP_GREYLIST=8092 UDP_ENTROPY=122
2026-10-02 20:12:03,6004,5.78,2587,32,1921,2554,3450,UDP_GREYLIST=2502 UDP_ENTROPY=52
2026-10-02 20:12:04,2260,1.88,1,100,2260,1,2259,hb
2026-10-02 20:12:34,2082,1.03,0,99,2061,0,2082,hb
2026-10-02 20:12:47,5086,10.62,1436,61,3102,2391,2695,UDP_ENTROPY=2391
2026-10-02 20:12:48,19529,12.08,6375,34,6640,976,18553,UDP_ENTROPY=976
2026-10-02 20:12:49,25077,15.59,3258,73,18306,4441,20636,UDP_GREYLIST=3311 UDP_ENTROPY=1129 WAR_REFLECTION=1
2026-10-02 20:12:50,21752,13.87,5592,51,11094,6018,15734,UDP_GREYLIST=5391 UDP_ENTROPY=627
2026-10-02 20:12:51,19689,12.29,7021,31,6104,7001,12688,UDP_GREYLIST=6529 UDP_ENTROPY=472
2026-10-02 20:12:52,24650,15.57,4566,59,14544,4963,19687,UDP_GREYLIST=3992 UDP_ENTROPY=971
2026-10-02 20:12:53,19778,11.81,6175,35,6922,6582,13196,UDP_GREYLIST=6226 UDP_ENTROPY=355 WAR_REFLECTION=1
2026-10-02 20:12:54,18323,11.86,7218,24,4398,7628,10695,UDP_GREYLIST=7251 UDP_ENTROPY=375 WAR_REFLECTION=2
2026-10-02 20:12:55,17480,11.36,8174,15,2622,8124,9356,UDP_GREYLIST=7867 UDP_ENTROPY=257
2026-10-02 20:12:56,17276,11.26,8447,11,1900,8232,9044,UDP_GREYLIST=8005 UDP_ENTROPY=226 WAR_REFLECTION=1
2026-10-02 20:12:57,17253,10.6,8231,11,1898,8045,9208,UDP_GREYLIST=7852 UDP_ENTROPY=193
2026-10-02 20:12:58,17192,10.48,7887,9,1547,7998,9194,UDP_GREYLIST=7802 UDP_ENTROPY=196
2026-10-02 20:12:59,16438,10.75,7839,9,1479,8441,7997,UDP_GREYLIST=8232 UDP_ENTROPY=209
2026-10-02 20:13:00,16774,10.87,8249,10,1677,8241,8533,UDP_GREYLIST=8016 UDP_ENTROPY=224 L2_UDP_CLOSED_PORT=1
2026-10-02 20:13:01,16719,10.93,8357,10,1672,8138,8581,UDP_GREYLIST=7909 UDP_ENTROPY=229
2026-10-02 20:13:02,16578,10.32,8344,10,1658,8065,8513,UDP_GREYLIST=7900 UDP_ENTROPY=165
2026-10-02 20:13:03,16500,10.64,8500,2,330,8494,8006,UDP_GREYLIST=8364 UDP_ENTROPY=130
2026-10-02 20:13:04,16198,9.79,8311,1,162,8719,7479,UDP_GREYLIST=8604 UDP_ENTROPY=115
2026-10-02 20:13:05,15884,10.38,8547,2,318,8766,7118,UDP_GREYLIST=8645 UDP_ENTROPY=119 WAR_REFLECTION=2
2026-10-02 20:13:06,15876,10.35,8874,1,159,8728,7148,UDP_GREYLIST=8603 UDP_ENTROPY=125
2026-10-02 20:13:07,15845,10.28,8816,2,317,8501,7344,UDP_GREYLIST=8372 UDP_ENTROPY=129
2026-10-02 20:13:08,15800,9.69,8514,3,474,8285,7515,UDP_GREYLIST=8192 UDP_ENTROPY=93
2026-10-02 20:13:09,15662,9.67,8277,2,313,8360,7302,UDP_GREYLIST=8262 UDP_ENTROPY=98
2026-10-02 20:13:10,15297,9.75,8065,2,306,8605,6692,UDP_GREYLIST=8492 UDP_ENTROPY=113
2026-10-02 20:13:11,15872,10.89,7853,2,317,7864,8008,UDP_GREYLIST=7742 UDP_ENTROPY=122
2026-10-02 20:13:12,18676,12.07,6116,5,934,5712,12964,UDP_GREYLIST=5461 UDP_ENTROPY=251
2026-10-02 20:13:13,15842,10.0,5672,6,951,3844,11998,UDP_GREYLIST=3530 UDP_ENTROPY=314
2026-10-02 20:13:14,13099,7.23,5631,5,655,4248,8851,UDP_GREYLIST=4064 UDP_ENTROPY=184
2026-10-02 20:13:15,14621,9.16,5726,4,585,4448,10173,UDP_GREYLIST=4276 UDP_ENTROPY=172
2026-10-02 20:13:16,14220,9.76,4731,5,711,4163,10057,UDP_GREYLIST=3938 UDP_ENTROPY=225
2026-10-02 20:13:17,7588,5.61,2520,20,1518,2522,5066,UDP_GREYLIST=2444 UDP_ENTROPY=78
2026-10-02 20:13:18,2323,1.88,2,100,2323,0,2323,hb
2026-10-02 20:13:24,2431,1.5,20,99,2407,45,2386,UDP_ENTROPY=45
2026-10-02 20:13:25,12919,9.41,4540,36,4651,1108,11811,UDP_ENTROPY=1108
2026-10-02 20:13:26,17367,10.74,3164,67,11636,3912,13455,UDP_GREYLIST=3213 UDP_ENTROPY=696 WAR_REFLECTION=3
2026-10-02 20:13:27,17306,10.9,3839,59,10211,4564,12742,UDP_GREYLIST=3969 UDP_ENTROPY=595
2026-10-02 20:13:28,14083,9.25,6832,19,2676,6978,7105,UDP_GREYLIST=6717 UDP_ENTROPY=261
2026-10-02 20:13:29,17976,11.93,6537,34,6112,6571,11405,UDP_GREYLIST=6067 UDP_ENTROPY=504
2026-10-02 20:13:30,17243,10.62,6537,30,5173,6448,10795,UDP_GREYLIST=6134 UDP_ENTROPY=313 L2_UDP_CLOSED_PORT=1
2026-10-02 20:13:31,14764,9.13,6263,25,3691,6489,8275,UDP_GREYLIST=6217 UDP_ENTROPY=271 WAR_REFLECTION=1
2026-10-02 20:13:32,13932,9.18,6569,19,2647,6974,6958,UDP_GREYLIST=6746 UDP_ENTROPY=228
2026-10-02 20:13:33,13979,9.33,7374,12,1677,7354,6625,UDP_GREYLIST=7134 UDP_ENTROPY=218 WAR_REFLECTION=2
2026-10-02 20:13:34,14193,9.21,7474,12,1703,7328,6865,UDP_GREYLIST=7163 UDP_ENTROPY=165
2026-10-02 20:13:35,14431,9.2,7455,10,1443,7379,7052,UDP_GREYLIST=7206 UDP_ENTROPY=173
2026-10-02 20:13:36,14403,8.82,7245,10,1440,7435,6968,UDP_GREYLIST=7298 UDP_ENTROPY=137
2026-10-02 20:13:37,14279,9.42,7350,11,1571,7634,6645,UDP_GREYLIST=7430 UDP_ENTROPY=204
2026-10-02 20:13:38,14450,9.55,7677,11,1590,7540,6910,UDP_GREYLIST=7361 UDP_ENTROPY=179
2026-10-02 20:13:39,14665,9.32,7602,11,1613,7425,7240,UDP_GREYLIST=7256 UDP_ENTROPY=169
2026-10-02 20:13:40,14672,9.69,7766,5,734,7786,6886,UDP_GREYLIST=7663 UDP_ENTROPY=123
2026-10-02 20:13:41,14519,9.1,7770,2,290,8178,6341,UDP_GREYLIST=8063 UDP_ENTROPY=115
2026-10-02 20:13:42,14740,9.75,8257,3,442,8306,6434,UDP_GREYLIST=8180 UDP_ENTROPY=124 WAR_REFLECTION=2
2026-10-02 20:13:43,15048,10.0,8480,3,451,8179,6869,UDP_GREYLIST=8030 UDP_ENTROPY=149
2026-10-02 20:13:44,15118,9.49,8324,3,454,8123,6995,UDP_GREYLIST=8023 UDP_ENTROPY=100
2026-10-02 20:13:45,15052,9.22,7874,4,602,7969,7083,UDP_GREYLIST=7860 UDP_ENTROPY=109
2026-10-02 20:13:46,14518,9.58,7921,3,436,8356,6162,UDP_GREYLIST=8235 UDP_ENTROPY=121
2026-10-02 20:13:47,14510,9.62,8300,3,435,8204,6306,UDP_GREYLIST=8095 UDP_ENTROPY=109
2026-10-02 20:13:48,14980,9.96,8427,3,449,8212,6768,UDP_GREYLIST=8063 UDP_ENTROPY=149
2026-10-02 20:13:49,15155,9.57,7798,9,1364,7672,7483,UDP_GREYLIST=7493 UDP_ENTROPY=179
2026-10-02 20:13:50,15133,9.36,7641,7,1059,7874,7259,UDP_GREYLIST=7736 UDP_ENTROPY=138
2026-10-02 20:13:51,13335,8.72,7131,5,667,7272,6063,UDP_GREYLIST=7166 UDP_ENTROPY=103 WAR_REFLECTION=3
2026-10-02 20:13:52,11894,7.94,6972,1,119,6801,5093,UDP_GREYLIST=6716 UDP_ENTROPY=81 WAR_REFLECTION=3 L1_BOGON_SRC=1
2026-10-02 20:13:53,11940,7.2,6953,1,119,6687,5253,UDP_GREYLIST=6613 UDP_ENTROPY=74
2026-10-02 20:13:54,9491,8.31,5022,11,1044,4693,4798,UDP_GREYLIST=4612 UDP_ENTROPY=79 WAR_REFLECTION=2
2026-10-02 20:13:55,2278,1.68,2,100,2278,0,2278,hb
2026-10-02 20:14:25,2303,1.02,1,99,2280,0,2303,hb
2026-10-02 20:14:38,14018,7.14,2129,57,7990,0,14018,
2026-10-02 20:14:39,22444,13.35,4793,41,9202,5438,17006,UDP_GREYLIST=4978 UDP_ENTROPY=460
2026-10-02 20:14:40,23704,14.07,3278,58,13748,3893,19811,UDP_GREYLIST=3008 UDP_ENTROPY=885
2026-10-02 20:14:41,30277,19.58,2530,76,23011,3328,26949,UDP_GREYLIST=1872 UDP_ENTROPY=1448 WAR_REFLECTION=8
2026-10-02 20:14:42,30482,17.91,3178,70,21337,3231,27251,UDP_GREYLIST=2440 UDP_ENTROPY=791
2026-10-02 20:14:43,19764,11.89,5905,18,3558,5588,14176,UDP_GREYLIST=5258 UDP_ENTROPY=330
2026-10-02 20:14:44,22908,12.62,4496,20,4582,3941,18967,UDP_GREYLIST=3553 UDP_ENTROPY=388
2026-10-02 20:14:45,28472,25.42,5295,36,10250,4728,23744,UDP_GREYLIST=2759 UDP_ENTROPY=1969
2026-10-02 20:14:46,40298,16.98,2231,57,22970,129,40169,UDP_GREYLIST=87 UDP_ENTROPY=42
2026-10-02 20:14:47,35645,29.67,2664,44,15684,6070,29575,UDP_ENTROPY=3426 UDP_GREYLIST=2644
2026-10-02 20:14:48,35058,22.07,4177,55,19282,3468,31590,UDP_GREYLIST=2460 UDP_ENTROPY=1008
2026-10-02 20:14:49,37095,16.87,2346,53,19660,212,36883,UDP_GREYLIST=212
2026-10-02 20:14:50,34712,27.09,4155,48,16662,5238,29474,UDP_ENTROPY=2650 UDP_GREYLIST=2588
2026-10-02 20:14:51,34972,17.27,4564,48,16787,2871,32101,UDP_GREYLIST=2640 UDP_ENTROPY=231
2026-10-02 20:14:52,18182,11.0,7416,17,3091,7935,10247,UDP_GREYLIST=7699 UDP_ENTROPY=236
2026-10-02 20:14:53,17864,11.41,7926,17,3037,8189,9675,UDP_GREYLIST=7909 UDP_ENTROPY=278 WAR_REFLECTION=2
2026-10-02 20:14:54,17390,11.3,8593,8,1391,8430,8960,UDP_GREYLIST=8218 UDP_ENTROPY=211 WAR_REFLECTION=1
2026-10-02 20:14:55,17229,11.02,8643,7,1206,8448,8781,UDP_GREYLIST=8235 UDP_ENTROPY=213
2026-10-02 20:14:56,17234,10.6,8489,7,1206,8312,8922,UDP_GREYLIST=8172 UDP_ENTROPY=140
2026-10-02 20:14:57,17119,10.42,8143,6,1027,8267,8852,UDP_GREYLIST=8088 UDP_ENTROPY=179
2026-10-02 20:14:58,16504,10.71,8175,5,825,8763,7741,UDP_GREYLIST=8594 UDP_ENTROPY=168 L1_BOGON_SRC=1
2026-10-02 20:14:59,16455,10.69,8726,4,658,8788,7667,UDP_GREYLIST=8615 UDP_ENTROPY=173
2026-10-02 20:15:00,16615,10.86,8823,4,665,8525,8090,UDP_GREYLIST=8350 UDP_ENTROPY=174 L2_UDP_CLOSED_PORT=1
2026-10-02 20:15:01,16501,10.18,8635,4,660,8383,8118,UDP_GREYLIST=8288 UDP_ENTROPY=95
2026-10-02 20:15:02,16354,10.54,8396,3,491,8366,7988,UDP_GREYLIST=8238 UDP_ENTROPY=128
2026-10-02 20:15:03,16015,9.67,8202,3,480,8664,7351,UDP_GREYLIST=8530 UDP_ENTROPY=133 WAR_REFLECTION=1
2026-10-02 20:15:04,15823,10.19,8382,3,475,8601,7222,UDP_GREYLIST=8476 UDP_ENTROPY=125
2026-10-02 20:15:05,15731,10.23,8725,3,472,8544,7187,UDP_GREYLIST=8409 UDP_ENTROPY=135
2026-10-02 20:15:06,15715,10.15,8506,5,786,8271,7444,UDP_GREYLIST=8137 UDP_ENTROPY=134
2026-10-02 20:15:07,15770,9.67,8325,5,788,8118,7652,UDP_GREYLIST=7995 UDP_ENTROPY=123
2026-10-02 20:15:08,6672,5.82,2862,29,1935,2489,4183,UDP_GREYLIST=2438 UDP_ENTROPY=51
2026-10-02 20:15:09,2139,1.1,0,100,2139,0,2139,hb
2026-10-02 20:15:15,4034,4.46,879,72,2904,549,3485,UDP_ENTROPY=549
2026-10-02 20:15:16,15480,10.18,4995,42,6502,950,14530,UDP_ENTROPY=950
2026-10-02 20:15:17,19928,12.68,5321,48,9565,6168,13760,UDP_GREYLIST=5504 UDP_ENTROPY=662 WAR_REFLECTION=2
2026-10-02 20:15:18,19484,12.38,4749,51,9937,5048,14436,UDP_GREYLIST=4421 UDP_ENTROPY=627
2026-10-02 20:15:19,16133,10.3,5218,40,6453,5762,10371,UDP_GREYLIST=5312 UDP_ENTROPY=450
2026-10-02 20:15:20,20886,13.87,3966,64,13367,4684,16202,UDP_GREYLIST=3716 UDP_ENTROPY=968
2026-10-02 20:15:21,24036,15.17,7500,33,7932,7506,16530,UDP_GREYLIST=7006 UDP_ENTROPY=499 WAR_REFLECTION=1
2026-10-02 20:15:22,21097,13.33,7856,17,3586,7796,13301,UDP_GREYLIST=7407 UDP_ENTROPY=388 WAR_REFLECTION=1
2026-10-02 20:15:23,20188,13.16,7979,13,2624,8703,11485,UDP_GREYLIST=8392 UDP_ENTROPY=311
2026-10-02 20:15:24,19925,13.34,9181,8,1594,9138,10787,UDP_GREYLIST=8830 UDP_ENTROPY=306 WAR_REFLECTION=2
2026-10-02 20:15:25,20025,12.76,9231,7,1402,8735,11290,UDP_GREYLIST=8517 UDP_ENTROPY=218
2026-10-02 20:15:26,20042,12.91,8936,6,1203,8705,11337,UDP_GREYLIST=8462 UDP_ENTROPY=243
2026-10-02 20:15:27,19735,12.08,8631,7,1381,9019,10716,UDP_GREYLIST=8773 UDP_ENTROPY=246
2026-10-02 20:15:28,19580,12.78,8886,6,1175,9183,10397,UDP_GREYLIST=8949 UDP_ENTROPY=234
2026-10-02 20:15:29,19587,12.86,9543,5,979,9351,10236,UDP_GREYLIST=9106 UDP_ENTROPY=245
2026-10-02 20:15:30,19698,12.78,9446,5,985,9032,10666,UDP_GREYLIST=8809 UDP_ENTROPY=222 L2_UDP_CLOSED_PORT=1
2026-10-02 20:15:31,19685,12.32,9255,4,787,9016,10669,UDP_GREYLIST=8842 UDP_ENTROPY=174
2026-10-02 20:15:32,20001,12.11,8925,3,600,9133,10868,UDP_GREYLIST=8922 UDP_ENTROPY=211
2026-10-02 20:15:33,20111,12.97,9006,4,804,9567,10544,UDP_GREYLIST=9356 UDP_ENTROPY=210 WAR_REFLECTION=1
2026-10-02 20:15:34,20125,13.1,9496,4,805,9457,10668,UDP_GREYLIST=9220 UDP_ENTROPY=237
2026-10-02 20:15:35,20024,13.38,9677,5,1001,9289,10735,UDP_GREYLIST=9069 UDP_ENTROPY=220
2026-10-02 20:15:36,20345,12.91,8966,7,1424,8546,11799,UDP_GREYLIST=8322 UDP_ENTROPY=224
2026-10-02 20:15:37,19950,12.37,8815,6,1197,9179,10771,UDP_GREYLIST=8970 UDP_ENTROPY=209
2026-10-02 20:15:38,14856,9.73,8326,4,594,8070,6786,UDP_GREYLIST=7951 UDP_ENTROPY=119
2026-10-02 20:15:39,14480,9.48,7813,4,579,7471,7009,UDP_GREYLIST=7340 UDP_ENTROPY=131
2026-10-02 20:15:40,12687,8.08,6574,10,1269,6474,6213,UDP_GREYLIST=6334 UDP_ENTROPY=140
2026-10-02 20:15:41,12121,7.67,6180,8,970,6344,5777,UDP_GREYLIST=6191 UDP_ENTROPY=153
2026-10-02 20:15:42,11525,7.87,6340,6,692,6365,5160,UDP_GREYLIST=6219 UDP_ENTROPY=146
2026-10-02 20:15:43,11829,7.61,6989,2,237,6829,5000,UDP_GREYLIST=6723 UDP_ENTROPY=106
2026-10-02 20:15:44,12105,8.02,6755,2,242,6560,5545,UDP_GREYLIST=6489 UDP_ENTROPY=71
2026-10-02 20:15:45,9406,8.21,4690,13,1223,4684,4722,UDP_GREYLIST=4603 UDP_ENTROPY=81
2026-10-02 20:15:46,2157,2.18,0,100,2157,0,2157,hb
2026-10-02 20:16:16,2099,1.82,1,99,2078,0,2099,hb
2026-10-02 20:16:29,16335,7.84,4506,46,7514,0,16335,
2026-10-02 20:16:30,23349,14.51,5863,42,9807,6759,16590,UDP_GREYLIST=6098 UDP_ENTROPY=655 WAR_REFLECTION=5 L2_UDP_CLOSED_PORT=1
2026-10-02 20:16:31,24309,15.23,6298,44,10696,6680,17629,UDP_GREYLIST=5989 UDP_ENTROPY=691
2026-10-02 20:16:32,18542,12.1,6752,32,5933,6747,11795,UDP_GREYLIST=6172 UDP_ENTROPY=575
2026-10-02 20:16:33,23941,15.08,4282,64,15322,4692,19249,UDP_GREYLIST=3816 UDP_ENTROPY=876
2026-10-02 20:16:34,23252,14.1,6958,34,7906,7056,16196,UDP_GREYLIST=6670 UDP_ENTROPY=385 WAR_REFLECTION=1
2026-10-02 20:16:35,18832,11.37,7712,16,3013,7969,10863,UDP_GREYLIST=7698 UDP_ENTROPY=269 WAR_REFLECTION=2
2026-10-02 20:16:36,17613,11.51,7945,12,2114,8541,9072,UDP_GREYLIST=8309 UDP_ENTROPY=232
2026-10-02 20:16:37,17362,11.17,8862,5,868,8773,8589,UDP_GREYLIST=8593 UDP_ENTROPY=177 WAR_REFLECTION=3
2026-10-02 20:16:38,17165,11.17,8845,6,1030,8644,8521,UDP_GREYLIST=8454 UDP_ENTROPY=190
2026-10-02 20:16:39,17251,10.62,8820,4,690,8466,8785,UDP_GREYLIST=8339 UDP_ENTROPY=127
2026-10-02 20:16:40,17151,11.0,8483,6,1029,8400,8751,UDP_GREYLIST=8211 UDP_ENTROPY=189
2026-10-02 20:16:41,16542,9.96,8084,6,993,8389,8153,UDP_GREYLIST=8234 UDP_ENTROPY=155
2026-10-02 20:16:42,16301,10.45,8276,5,815,8657,7644,UDP_GREYLIST=8494 UDP_ENTROPY=163
2026-10-02 20:16:43,16137,10.57,8708,5,807,8596,7541,UDP_GREYLIST=8414 UDP_ENTROPY=182
2026-10-02 20:16:44,16111,10.52,8692,4,644,8451,7660,UDP_GREYLIST=8274 UDP_ENTROPY=177
2026-10-02 20:16:45,16120,9.89,8539,4,645,8308,7812,UDP_GREYLIST=8220 UDP_ENTROPY=88
2026-10-02 20:16:46,16391,10.6,8266,4,656,8262,8129,UDP_GREYLIST=8107 UDP_ENTROPY=154 WAR_REFLECTION=1
2026-10-02 20:16:47,16043,9.73,8007,4,642,8478,7565,UDP_GREYLIST=8331 UDP_ENTROPY=147
2026-10-02 20:16:48,15780,10.21,8143,7,1105,8356,7424,UDP_GREYLIST=8183 UDP_ENTROPY=173
2026-10-02 20:16:49,15739,10.33,8263,8,1259,8165,7574,UDP_GREYLIST=7976 UDP_ENTROPY=189
2026-10-02 20:16:50,15611,10.14,8505,6,937,8236,7375,UDP_GREYLIST=8099 UDP_ENTROPY=137
2026-10-02 20:16:51,15526,9.51,8425,4,621,8260,7266,UDP_GREYLIST=8162 UDP_ENTROPY=98
2026-10-02 20:16:52,15537,9.73,8035,4,621,8103,7434,UDP_GREYLIST=7955 UDP_ENTROPY=148
2026-10-02 20:16:53,14845,9.54,7076,11,1633,7578,7267,UDP_GREYLIST=7386 UDP_ENTROPY=192
2026-10-02 20:16:54,11892,7.96,6265,9,1070,6175,5717,UDP_GREYLIST=6035 UDP_ENTROPY=140
2026-10-02 20:16:55,11640,7.35,6761,4,466,6664,4976,UDP_GREYLIST=6564 UDP_ENTROPY=97 WAR_REFLECTION=3
2026-10-02 20:16:56,11247,6.59,6632,3,337,6328,4919,UDP_GREYLIST=6267 UDP_ENTROPY=59 WAR_REFLECTION=2
2026-10-02 20:16:57,11654,7.27,6590,2,233,6494,5160,UDP_GREYLIST=6398 UDP_ENTROPY=96
2026-10-02 20:16:58,11923,7.51,6556,1,119,6714,5209,UDP_GREYLIST=6641 UDP_ENTROPY=73
2026-10-02 20:16:59,2882,4.47,465,83,2392,349,2533,UDP_GREYLIST=331 UDP_ENTROPY=18
2026-10-02 20:17:00,2169,1.84,2,100,2169,27,2142,UDP_ENTROPY=26 L2_UDP_CLOSED_PORT=1
2026-10-02 20:17:01,2070,1.06,0,100,2070,28,2042,L0_BLACKLIST=21 UDP_ENTROPY=7
2026-10-02 20:17:02,2150,1.12,0,100,2150,33,2117,L0_BLACKLIST=33
2026-10-02 20:17:03,2093,1.05,1,100,2093,28,2065,L0_BLACKLIST=28
2026-10-02 20:17:04,2150,1.19,0,100,2150,31,2119,L0_BLACKLIST=31
2026-10-02 20:17:05,5047,4.23,1220,64,3230,547,4500,UDP_ENTROPY=528 L0_BLACKLIST=19
2026-10-02 20:17:06,14198,6.74,4330,37,5253,0,14198,
2026-10-02 20:17:07,26215,14.78,4094,39,10224,4754,21461,UDP_GREYLIST=4227 UDP_ENTROPY=526 WAR_REFLECTION=1
2026-10-02 20:17:08,19136,10.84,4491,25,4784,4466,14670,UDP_GREYLIST=4210 UDP_ENTROPY=256
2026-10-02 20:17:09,20246,12.39,3039,52,10528,3598,16648,UDP_GREYLIST=2968 UDP_ENTROPY=628 L0_BLACKLIST=2
2026-10-02 20:17:10,24693,14.72,3815,48,11853,4049,20644,UDP_GREYLIST=3403 UDP_ENTROPY=645 L1_BOGON_SRC=1
2026-10-02 20:17:11,18430,11.24,6172,11,2027,5438,12992,UDP_GREYLIST=5204 UDP_ENTROPY=233 L0_BLACKLIST=1
2026-10-02 20:17:12,17729,10.44,5931,8,1418,5262,12467,UDP_GREYLIST=5119 UDP_ENTROPY=143
2026-10-02 20:17:13,17091,10.48,5677,5,855,5375,11716,UDP_GREYLIST=5227 UDP_ENTROPY=148
2026-10-02 20:17:14,16864,9.6,5440,4,675,5570,11294,UDP_GREYLIST=5434 UDP_ENTROPY=136
2026-10-02 20:17:15,16188,9.88,5932,4,648,5717,10471,UDP_GREYLIST=5570 UDP_ENTROPY=147
2026-10-02 20:17:16,16600,10.27,6162,4,664,5553,11047,UDP_GREYLIST=5344 UDP_ENTROPY=209
2026-10-02 20:17:17,16660,10.29,6187,5,833,5573,11087,UDP_GREYLIST=5414 UDP_ENTROPY=158 L0_BLACKLIST=1
2026-10-02 20:17:18,16995,10.04,5960,4,680,5388,11607,UDP_GREYLIST=5247 UDP_ENTROPY=141
2026-10-02 20:17:19,17168,10.16,5567,4,687,5320,11848,UDP_GREYLIST=5178 UDP_ENTROPY=142
2026-10-02 20:17:20,17224,10.5,5565,3,517,5881,11343,UDP_GREYLIST=5699 UDP_ENTROPY=182
2026-10-02 20:17:21,17207,10.68,6189,3,516,5770,11437,UDP_GREYLIST=5620 UDP_ENTROPY=150
2026-10-02 20:17:22,17455,10.86,6488,3,524,5764,11691,UDP_GREYLIST=5592 UDP_ENTROPY=172
2026-10-02 20:17:23,17600,10.47,6345,3,528,5641,11959,UDP_GREYLIST=5512 UDP_ENTROPY=129
2026-10-02 20:17:24,17945,10.97,5882,4,718,5481,12464,UDP_GREYLIST=5285 UDP_ENTROPY=196
2026-10-02 20:17:25,17984,10.34,5363,7,1259,5404,12580,UDP_GREYLIST=5216 UDP_ENTROPY=188
2026-10-02 20:17:26,17632,10.76,5703,7,1234,5682,11950,UDP_GREYLIST=5480 UDP_ENTROPY=201 L0_BLACKLIST=1
2026-10-02 20:17:27,17568,11.03,6310,6,1054,5680,11888,UDP_GREYLIST=5494 UDP_ENTROPY=186
2026-10-02 20:17:28,17542,10.88,6301,5,877,5599,11943,UDP_GREYLIST=5413 UDP_ENTROPY=186
2026-10-02 20:17:29,17873,10.53,5774,8,1430,5214,12659,UDP_GREYLIST=5038 UDP_ENTROPY=175 L0_BLACKLIST=1
2026-10-02 20:17:30,18513,10.86,5207,10,1851,5071,13442,UDP_GREYLIST=4847 UDP_ENTROPY=223 L2_UDP_CLOSED_PORT=1
2026-10-02 20:17:31,18185,11.17,5400,8,1455,5734,12451,UDP_GREYLIST=5495 UDP_ENTROPY=238 L0_BLACKLIST=1
2026-10-02 20:17:32,18447,11.6,6406,3,553,5956,12491,UDP_GREYLIST=5741 UDP_ENTROPY=215
2026-10-02 20:17:33,18730,11.76,6547,3,562,5734,12996,UDP_GREYLIST=5505 UDP_ENTROPY=226 WAR_REFLECTION=3
2026-10-02 20:17:34,18870,11.23,6373,3,566,5652,13218,UDP_GREYLIST=5489 UDP_ENTROPY=163
2026-10-02 20:17:35,10593,6.38,3744,2,212,3162,7431,UDP_GREYLIST=3036 UDP_ENTROPY=124 L0_BLACKLIST=2
2026-10-02 20:17:36,505,1.9,1,100,505,0,505,hb
2026-10-02 20:17:42,2771,8.35,0,99,2743,54,2717,L0_BLACKLIST=27 UDP_ENTROPY=27
2026-10-02 20:17:43,15907,7.8,2294,54,8590,0,15907,
2026-10-02 20:17:44,21230,13.03,4495,37,7855,5122,16108,UDP_GREYLIST=4601 UDP_ENTROPY=521
2026-10-02 20:17:45,25865,14.61,4452,40,10346,4156,21709,UDP_GREYLIST=3704 UDP_ENTROPY=450 L0_BLACKLIST=2
2026-10-02 20:17:46,17453,10.75,4770,23,4014,4548,12905,UDP_GREYLIST=4139 UDP_ENTROPY=409
2026-10-02 20:17:47,24394,14.1,2440,61,14880,2940,21454,UDP_GREYLIST=2317 UDP_ENTROPY=623
2026-10-02 20:17:48,31652,18.47,3100,45,14243,3572,28080,UDP_GREYLIST=2849 UDP_ENTROPY=723
2026-10-02 20:17:49,23987,14.68,4538,24,5757,3664,20323,UDP_GREYLIST=3308 UDP_ENTROPY=356
2026-10-02 20:17:50,19545,13.21,5409,12,2345,4975,14570,UDP_GREYLIST=4402 UDP_ENTROPY=573
2026-10-02 20:17:51,20822,11.27,5119,17,3540,3798,17024,UDP_GREYLIST=3645 UDP_ENTROPY=153
2026-10-02 20:17:52,16842,10.63,6279,7,1179,5691,11151,UDP_GREYLIST=5493 UDP_ENTROPY=198
2026-10-02 20:17:53,17114,10.27,6129,6,1027,5476,11638,UDP_GREYLIST=5343 UDP_ENTROPY=133
2026-10-02 20:17:54,17764,10.9,5845,6,1066,5465,12299,UDP_GREYLIST=5277 UDP_ENTROPY=188
2026-10-02 20:17:55,17705,10.28,5512,5,885,5490,12215,UDP_GREYLIST=5302 UDP_ENTROPY=186 L0_BLACKLIST=2
2026-10-02 20:17:56,17400,10.83,5951,5,870,5891,11509,UDP_GREYLIST=5684 UDP_ENTROPY=207
2026-10-02 20:17:57,20052,12.86,5089,4,802,4593,15459,UDP_GREYLIST=4184 UDP_ENTROPY=409
2026-10-02 20:17:58,23505,14.78,4012,4,940,2768,20737,UDP_GREYLIST=2225 UDP_ENTROPY=543
2026-10-02 20:17:59,23205,15.55,3726,4,928,2988,20217,UDP_GREYLIST=2417 UDP_ENTROPY=571
2026-10-02 20:18:00,22078,15.54,3431,3,662,3876,18202,UDP_GREYLIST=3250 UDP_ENTROPY=623 L0_BLACKLIST=2 L2_UDP_CLOSED_PORT=1
2026-10-02 20:18:01,22624,14.62,3879,4,905,3160,19464,UDP_GREYLIST=2666 UDP_ENTROPY=494
2026-10-02 20:18:02,22677,15.0,4122,5,1134,3192,19485,UDP_GREYLIST=2386 UDP_ENTROPY=806
2026-10-02 20:18:03,23739,14.83,3895,16,3798,2867,20872,UDP_GREYLIST=2200 UDP_ENTROPY=667
2026-10-02 20:18:04,22578,15.1,4382,17,3838,3694,18884,UDP_GREYLIST=3280 UDP_ENTROPY=414
2026-10-02 20:18:05,22342,14.97,4013,13,2904,3668,18674,UDP_GREYLIST=2974 UDP_ENTROPY=694
2026-10-02 20:18:06,20415,11.24,5487,12,2450,4087,16328,UDP_GREYLIST=3969 UDP_ENTROPY=116 WAR_REFLECTION=2
2026-10-02 20:18:07,17946,11.11,6420,4,718,5983,11963,UDP_GREYLIST=5808 UDP_ENTROPY=174 WAR_REFLECTION=1
2026-10-02 20:18:08,18540,11.56,6462,6,1112,5780,12760,UDP_GREYLIST=5557 UDP_ENTROPY=223
2026-10-02 20:18:09,18959,11.29,6114,10,1896,5427,13532,UDP_GREYLIST=5252 UDP_ENTROPY=175
2026-10-02 20:18:10,19165,11.66,5694,10,1916,5358,13807,UDP_GREYLIST=5131 UDP_ENTROPY=227
2026-10-02 20:18:11,18841,10.99,5514,7,1319,5611,13230,UDP_GREYLIST=5425 UDP_ENTROPY=186
2026-10-02 20:18:12,18629,11.42,6096,6,1118,5948,12681,UDP_GREYLIST=5737 UDP_ENTROPY=211
2026-10-02 20:18:13,3635,3.45,1064,58,2108,131,3504,UDP_GREYLIST=122 UDP_ENTROPY=9
2026-10-02 20:18:14,1985,1.24,2,99,1965,12,1973,hb
2026-10-02 20:18:17,1993,1.53,0,99,1973,29,1964,L0_BLACKLIST=29
2026-10-02 20:18:18,1981,1.05,0,99,1961,30,1951,L0_BLACKLIST=30
2026-10-02 20:18:19,2091,1.08,0,99,2070,30,2061,L0_BLACKLIST=30
2026-10-02 20:18:20,2023,1.07,0,99,2003,29,1994,L0_BLACKLIST=29
2026-10-02 20:18:21,2068,1.87,0,99,2047,32,2036,L0_BLACKLIST=32
2026-10-02 20:18:22,1985,1.06,0,99,1965,29,1956,L0_BLACKLIST=29
2026-10-02 20:18:23,2034,0.99,1,99,2014,28,2006,L0_BLACKLIST=28
2026-10-02 20:18:24,2019,1.44,0,99,1999,30,1989,L0_BLACKLIST=30
2026-10-02 20:18:43,2057,1.03,0,99,2036,0,2057,hb
2026-10-02 20:18:44,2019,1.44,0,100,2019,4,2015,hb
2026-10-02 20:18:56,8737,4.45,883,66,5766,0,8737,
2026-10-02 20:18:57,22084,12.62,3608,45,9938,893,21191,UDP_ENTROPY=893
2026-10-02 20:18:58,32196,18.94,3878,43,13844,4732,27464,UDP_GREYLIST=3958 UDP_ENTROPY=774
2026-10-02 20:18:59,24259,14.79,5157,31,7520,5052,19207,UDP_GREYLIST=4544 UDP_ENTROPY=508
2026-10-02 20:19:00,23601,14.53,4021,49,11564,3776,19825,UDP_GREYLIST=3031 UDP_ENTROPY=744 L2_UDP_CLOSED_PORT=1
2026-10-02 20:19:01,31261,17.99,3090,62,19382,3451,27810,UDP_GREYLIST=2578 UDP_ENTROPY=872 L0_BLACKLIST=1
2026-10-02 20:19:02,23977,14.46,4793,30,7193,4631,19346,UDP_GREYLIST=4210 UDP_ENTROPY=421
2026-10-02 20:19:03,21634,12.46,4958,20,4327,5089,16545,UDP_GREYLIST=4733 UDP_ENTROPY=356
2026-10-02 20:19:04,20299,12.39,5926,10,2030,5956,14343,UDP_GREYLIST=5684 UDP_ENTROPY=270 L0_BLACKLIST=2
2026-10-02 20:19:05,20181,12.48,6414,9,1816,5887,14294,UDP_GREYLIST=5639 UDP_ENTROPY=247 L0_BLACKLIST=1
2026-10-02 20:19:06,20250,12.65,6396,10,2025,5648,14602,UDP_GREYLIST=5412 UDP_ENTROPY=236
2026-10-02 20:19:07,20347,11.96,6150,10,2035,5493,14854,UDP_GREYLIST=5275 UDP_ENTROPY=218
2026-10-02 20:19:08,20348,12.17,5720,8,1628,5417,14931,UDP_GREYLIST=5193 UDP_ENTROPY=224
2026-10-02 20:19:09,19957,11.85,5739,4,798,6034,13923,UDP_GREYLIST=5819 UDP_ENTROPY=215
2026-10-02 20:19:10,19840,12.18,6453,4,794,6121,13719,UDP_GREYLIST=5952 UDP_ENTROPY=168 L0_BLACKLIST=1
2026-10-02 20:19:11,19990,12.32,6329,8,1599,5561,14429,UDP_GREYLIST=5227 UDP_ENTROPY=334
2026-10-02 20:19:12,19997,12.19,4782,31,6199,4441,15556,UDP_GREYLIST=3963 UDP_ENTROPY=478
2026-10-02 20:19:13,20002,11.78,5140,21,4200,4825,15177,UDP_GREYLIST=4536 UDP_ENTROPY=288 L0_BLACKLIST=1
2026-10-02 20:19:14,19945,11.54,5449,7,1396,5313,14632,UDP_GREYLIST=5082 UDP_ENTROPY=230 L0_BLACKLIST=1
2026-10-02 20:19:15,19276,11.9,5479,9,1735,5869,13407,UDP_GREYLIST=5595 UDP_ENTROPY=273 L0_BLACKLIST=1
2026-10-02 20:19:16,19327,11.81,5869,14,2706,5485,13842,UDP_GREYLIST=5208 UDP_ENTROPY=277
2026-10-02 20:19:17,19363,11.91,6039,15,2904,5453,13910,UDP_GREYLIST=5160 UDP_ENTROPY=293
2026-10-02 20:19:18,19307,11.46,6041,13,2510,5412,13895,UDP_GREYLIST=5211 UDP_ENTROPY=201
2026-10-02 20:19:19,19298,11.66,5687,12,2316,5327,13971,UDP_GREYLIST=5057 UDP_ENTROPY=270
2026-10-02 20:19:20,19100,11.09,5557,7,1337,5507,13593,UDP_GREYLIST=5323 UDP_ENTROPY=183 L0_BLACKLIST=1
2026-10-02 20:19:21,18847,11.63,5853,5,942,5961,12886,UDP_GREYLIST=5766 UDP_ENTROPY=195
2026-10-02 20:19:22,18822,11.65,6515,5,941,5945,12877,UDP_GREYLIST=5773 UDP_ENTROPY=171 L1_BOGON_SRC=1
2026-10-02 20:19:23,18845,11.61,6729,4,754,5874,12971,UDP_GREYLIST=5698 UDP_ENTROPY=173 WAR_REFLECTION=3
2026-10-02 20:19:24,19018,11.2,6348,4,761,5582,13436,UDP_GREYLIST=5449 UDP_ENTROPY=131 WAR_REFLECTION=2
2026-10-02 20:19:25,19110,11.53,5941,4,764,5514,13596,UDP_GREYLIST=5312 UDP_ENTROPY=201 L0_BLACKLIST=1
2026-10-02 20:19:26,13949,9.96,4223,8,1116,4193,9756,UDP_GREYLIST=4076 UDP_ENTROPY=116 L0_BLACKLIST=1
2026-10-02 20:19:27,1979,2.04,4,99,1959,17,1962,hb
2026-10-02 20:19:28,1867,1.1,0,100,1867,20,1847,UDP_ENTROPY=15 L0_BLACKLIST=5
2026-10-02 20:19:29,1922,1.13,2,99,1903,21,1901,UDP_ENTROPY=14 L0_BLACKLIST=4 TCP_OUT_OF_STATE=3
2026-10-02 20:19:33,2028,1.42,0,99,2008,29,1999,L0_BLACKLIST=23 UDP_ENTROPY=5 TCP_OUT_OF_STATE=1
2026-10-02 20:19:34,15688,8.13,987,67,10511,0,15688,
2026-10-02 20:19:35,19676,10.54,3151,49,9641,605,19071,UDP_ENTROPY=597 L0_BLACKLIST=8
2026-10-02 20:19:36,32382,16.49,2462,52,16839,2496,29886,UDP_GREYLIST=2496
2026-10-02 20:19:37,36992,23.34,2619,52,19236,2941,34051,UDP_GREYLIST=1656 UDP_ENTROPY=1271 L0_BLACKLIST=14
2026-10-02 20:19:38,36208,20.38,2474,53,19190,2394,33814,UDP_GREYLIST=1501 UDP_ENTROPY=875 L0_BLACKLIST=18
2026-10-02 20:19:39,27093,15.39,2694,40,10837,2274,24819,UDP_GREYLIST=1806 UDP_ENTROPY=461 L0_BLACKLIST=7
2026-10-02 20:19:40,21642,15.39,3123,29,6276,3728,17914,UDP_GREYLIST=2979 UDP_ENTROPY=745 L0_BLACKLIST=4
2026-10-02 20:19:41,25366,11.74,2833,34,8624,1484,23882,UDP_GREYLIST=1484
2026-10-02 20:19:42,32750,18.36,1649,62,20305,1776,30974,UDP_ENTROPY=976 UDP_GREYLIST=794 L0_BLACKLIST=6
2026-10-02 20:19:43,32317,18.38,1501,64,20683,1747,30570,UDP_ENTROPY=887 UDP_GREYLIST=854 L0_BLACKLIST=6
2026-10-02 20:19:44,36490,24.39,1973,65,23718,3448,33042,UDP_ENTROPY=1759 UDP_GREYLIST=1687 L0_BLACKLIST=2
2026-10-02 20:19:45,28522,18.35,2618,43,12264,2852,25670,UDP_GREYLIST=1776 UDP_ENTROPY=1074 L0_BLACKLIST=2
2026-10-02 20:19:46,24477,14.09,3136,27,6609,2395,22082,UDP_GREYLIST=1867 UDP_ENTROPY=527 L0_BLACKLIST=1
2026-10-02 20:19:47,24577,14.47,3441,19,4670,2348,22229,UDP_GREYLIST=1891 UDP_ENTROPY=455 L0_BLACKLIST=2
2026-10-02 20:19:48,22465,15.85,3348,34,7638,3561,18904,UDP_GREYLIST=2710 UDP_ENTROPY=847 L0_BLACKLIST=4
2026-10-02 20:19:49,23075,15.5,3497,17,3923,3107,19968,UDP_GREYLIST=2335 UDP_ENTROPY=770 L0_BLACKLIST=2
2026-10-02 20:19:50,23127,13.43,3674,15,3469,2552,20575,UDP_GREYLIST=2088 UDP_ENTROPY=463 L0_BLACKLIST=1
2026-10-02 20:19:51,23275,13.69,3647,14,3258,2385,20890,UDP_GREYLIST=1972 UDP_ENTROPY=413
2026-10-02 20:19:52,21526,15.05,3898,14,3014,3621,17905,UDP_GREYLIST=3120 UDP_ENTROPY=501
2026-10-02 20:19:53,21954,15.01,3578,14,3074,3300,18654,UDP_GREYLIST=2503 UDP_ENTROPY=791 L0_BLACKLIST=6
2026-10-02 20:19:54,24032,14.35,3531,26,6248,2548,21484,UDP_GREYLIST=2094 UDP_ENTROPY=445 L0_BLACKLIST=9
2026-10-02 20:19:55,24432,14.59,3420,27,6597,2420,22012,UDP_GREYLIST=1973 UDP_ENTROPY=444 L0_BLACKLIST=3
2026-10-02 20:19:56,23133,15.45,3780,26,6015,3408,19725,UDP_GREYLIST=2894 UDP_ENTROPY=514
2026-10-02 20:19:57,23042,15.72,3515,25,5760,3415,19627,UDP_GREYLIST=2648 UDP_ENTROPY=766 L0_BLACKLIST=1
2026-10-02 20:19:58,24456,14.5,3589,25,6114,2625,21831,UDP_GREYLIST=2075 UDP_ENTROPY=549 L0_BLACKLIST=1
2026-10-02 20:19:59,25256,15.19,3440,27,6819,2486,22770,UDP_GREYLIST=2002 UDP_ENTROPY=482 L0_BLACKLIST=2
2026-10-02 20:20:00,24443,17.23,3992,24,5866,3725,20718,UDP_GREYLIST=3110 UDP_ENTROPY=612 L0_BLACKLIST=2 L2_UDP_CLOSED_PORT=1
2026-10-02 20:20:01,23949,16.11,3785,20,4790,3711,20238,UDP_GREYLIST=2915 UDP_ENTROPY=796
2026-10-02 20:20:02,25133,14.82,3734,22,5529,2614,22519,UDP_GREYLIST=2154 UDP_ENTROPY=458 L0_BLACKLIST=2
2026-10-02 20:20:03,25824,14.76,3579,24,6198,2526,23298,UDP_GREYLIST=2138 UDP_ENTROPY=387 L0_BLACKLIST=1
2026-10-02 20:20:04,5921,6.21,1811,32,1895,1926,3995,UDP_GREYLIST=1764 UDP_ENTROPY=154 L0_BLACKLIST=7 TCP_OUT_OF_STATE=1
2026-10-02 20:20:05,1995,2.64,4,99,1975,13,1982,hb
2026-10-02 20:20:35,1917,1.23,0,100,1917,7,1910,hb
2026-10-02 20:20:40,1850,0.93,0,99,1832,25,1825,L0_BLACKLIST=20 UDP_ENTROPY=5
2026-10-02 20:20:41,1799,0.9,1,99,1781,51,1748,L0_BLACKLIST=51
2026-10-02 20:20:42,1959,0.99,0,99,1939,55,1904,L0_BLACKLIST=55
2026-10-02 20:20:43,1974,0.94,0,99,1954,45,1929,L0_BLACKLIST=45
2026-10-02 20:20:44,2004,1.07,0,99,1984,55,1949,L0_BLACKLIST=55
2026-10-02 20:20:45,2007,1.38,0,100,2007,56,1951,L0_BLACKLIST=56
2026-10-02 20:20:46,1962,0.98,0,99,1942,56,1906,L0_BLACKLIST=56
2026-10-02 20:20:47,2568,4.27,343,86,2208,604,1964,UDP_ENTROPY=559 L0_BLACKLIST=45
2026-10-02 20:20:48,29701,21.98,1456,72,21385,2561,27140,UDP_ENTROPY=2548 L0_BLACKLIST=13
2026-10-02 20:20:49,26804,17.57,2474,54,14474,1478,25326,UDP_ENTROPY=1473 L0_BLACKLIST=5
2026-10-02 20:20:50,35457,17.53,1774,67,23756,1794,33663,UDP_GREYLIST=1794
2026-10-02 20:20:51,45349,26.41,1555,74,33558,2306,43043,UDP_ENTROPY=1348 UDP_GREYLIST=955 L0_BLACKLIST=3
2026-10-02 20:20:52,41960,28.21,1971,73,30631,3747,38213,UDP_ENTROPY=2166 UDP_GREYLIST=1577 L0_BLACKLIST=4
2026-10-02 20:20:53,35471,22.95,2141,66,23411,2967,32504,UDP_GREYLIST=1551 UDP_ENTROPY=1414 L0_BLACKLIST=2
2026-10-02 20:20:54,25975,14.82,2436,49,12728,2110,23865,UDP_GREYLIST=1447 UDP_ENTROPY=663
2026-10-02 20:20:55,26475,16.1,2803,41,10855,2376,24099,UDP_GREYLIST=1757 UDP_ENTROPY=619
2026-10-02 20:20:56,32458,23.01,2833,38,12334,4170,28288,UDP_GREYLIST=2703 UDP_ENTROPY=1467
2026-10-02 20:20:57,36018,24.49,2903,34,12246,3394,32624,UDP_GREYLIST=1761 UDP_ENTROPY=1630 L0_BLACKLIST=3
2026-10-02 20:20:58,40940,23.02,2561,44,18014,2267,38673,UDP_GREYLIST=1221 UDP_ENTROPY=1044 L0_BLACKLIST=2
2026-10-02 20:20:59,29707,20.66,3226,41,12180,4031,25676,UDP_GREYLIST=2730 UDP_ENTROPY=1300 L0_BLACKLIST=1
2026-10-02 20:21:00,25420,16.13,3837,25,6355,3167,22253,UDP_GREYLIST=2583 UDP_ENTROPY=580 L0_BLACKLIST=3 L2_UDP_CLOSED_PORT=1
2026-10-02 20:21:01,24816,15.21,3181,24,5956,3333,21483,UDP_GREYLIST=2552 UDP_ENTROPY=778 L0_BLACKLIST=3
2026-10-02 20:21:02,23899,16.27,4525,19,4541,4100,19799,UDP_GREYLIST=3457 UDP_ENTROPY=642 L0_BLACKLIST=1
2026-10-02 20:21:03,24189,13.58,3696,14,3386,2620,21569,UDP_GREYLIST=2256 UDP_ENTROPY=363 L0_BLACKLIST=1
2026-10-02 20:21:04,22794,15.82,4072,13,2963,4373,18421,UDP_GREYLIST=3713 UDP_ENTROPY=659 L0_BLACKLIST=1
2026-10-02 20:21:05,23175,14.74,4304,18,4172,3379,19796,UDP_GREYLIST=2761 UDP_ENTROPY=618
2026-10-02 20:21:06,23598,14.34,2535,42,9911,2507,21091,UDP_GREYLIST=1805 UDP_ENTROPY=702
2026-10-02 20:21:07,22647,15.73,3354,41,9285,3487,19160,UDP_GREYLIST=2536 UDP_ENTROPY=950 L0_BLACKLIST=1
2026-10-02 20:21:08,23514,14.58,3014,40,9406,2638,20876,UDP_GREYLIST=1939 UDP_ENTROPY=699
2026-10-02 20:21:09,23000,13.95,2632,39,8970,2885,20115,UDP_GREYLIST=2166 UDP_ENTROPY=717 L0_BLACKLIST=2
2026-10-02 20:21:10,22651,15.75,3559,40,9060,3478,19173,UDP_GREYLIST=2520 UDP_ENTROPY=957 L0_BLACKLIST=1
2026-10-02 20:21:11,23920,13.29,2734,37,8850,2123,21797,UDP_GREYLIST=1661 UDP_ENTROPY=462
2026-10-02 20:21:12,22226,15.36,2625,38,8446,3569,18657,UDP_GREYLIST=2626 UDP_ENTROPY=941 L0_BLACKLIST=2
2026-10-02 20:21:13,21315,12.77,4313,29,6181,3678,17637,UDP_GREYLIST=3271 UDP_ENTROPY=407
2026-10-02 20:21:14,19327,11.95,5597,7,1353,5880,13447,UDP_GREYLIST=5643 UDP_ENTROPY=235 L0_BLACKLIST=2
2026-10-02 20:21:15,19328,11.86,5007,27,5219,4657,14671,UDP_GREYLIST=4191 UDP_ENTROPY=466
2026-10-02 20:21:16,19216,11.78,5144,27,5188,4778,14438,UDP_GREYLIST=4427 UDP_ENTROPY=351
2026-10-02 20:21:17,14261,8.55,5013,8,1141,4110,10151,UDP_GREYLIST=3972 UDP_ENTROPY=134 L0_BLACKLIST=3 WAR_REFLECTION=1
2026-10-02 20:21:18,453,0.91,0,100,453,11,442,hb
2026-10-02 20:21:23,1940,3.02,0,100,1940,25,1915,UDP_ENTROPY=16 L0_BLACKLIST=9
2026-10-02 20:21:24,1985,1.18,1,100,1985,27,1958,UDP_ENTROPY=16 L0_BLACKLIST=11
2026-10-02 20:21:25,25028,13.96,552,84,21024,0,25028,
2026-10-02 20:21:26,29265,15.83,1097,80,23412,858,28407,UDP_ENTROPY=855 L0_BLACKLIST=3
2026-10-02 20:21:27,28183,13.87,1403,75,21137,0,28183,
2026-10-02 20:21:28,39909,21.3,985,84,33524,1137,38772,UDP_ENTROPY=1132 L0_BLACKLIST=5
2026-10-02 20:21:29,35407,17.28,1022,83,29388,0,35407,
2026-10-02 20:21:30,27933,17.01,1695,73,20391,1397,26536,UDP_ENTROPY=1395 L0_BLACKLIST=1 L2_UDP_CLOSED_PORT=1
2026-10-02 20:21:31,23011,13.82,2147,58,13346,1022,21989,UDP_ENTROPY=1022
2026-10-02 20:21:32,30124,19.05,3411,47,14158,4390,25734,UDP_GREYLIST=3484 UDP_ENTROPY=905 L0_BLACKLIST=1
2026-10-02 20:21:33,33715,20.27,2813,43,14497,2763,30952,UDP_GREYLIST=1764 UDP_ENTROPY=999
2026-10-02 20:21:34,28001,17.03,4141,49,13720,4132,23869,UDP_GREYLIST=3317 UDP_ENTROPY=814 L1_BOGON_SRC=1
2026-10-02 20:21:35,19766,11.59,5095,25,4942,4765,15001,UDP_GREYLIST=4449 UDP_ENTROPY=316
2026-10-02 20:21:36,19514,11.77,4887,24,4683,4754,14760,UDP_GREYLIST=4451 UDP_ENTROPY=302 L0_BLACKLIST=1
2026-10-02 20:21:37,18602,10.77,5346,10,1860,5443,13159,UDP_GREYLIST=5228 UDP_ENTROPY=215
2026-10-02 20:21:38,18260,11.1,4489,29,5295,4618,13642,UDP_GREYLIST=4208 UDP_ENTROPY=410
2026-10-02 20:21:39,18185,11.2,4217,38,6910,4132,14053,UDP_GREYLIST=3662 UDP_ENTROPY=470
2026-10-02 20:21:40,18012,11.01,4298,37,6664,4081,13931,UDP_GREYLIST=3628 UDP_ENTROPY=452 L0_BLACKLIST=1
2026-10-02 20:21:41,21337,12.75,4397,38,8108,4340,16997,UDP_GREYLIST=3852 UDP_ENTROPY=487 L0_BLACKLIST=1
2026-10-02 20:21:42,22478,14.04,4060,37,8317,4037,18441,UDP_GREYLIST=3470 UDP_ENTROPY=567
2026-10-02 20:21:43,22466,13.19,5464,9,2022,5697,16769,UDP_GREYLIST=5346 UDP_ENTROPY=351
2026-10-02 20:21:44,22417,13.91,5594,16,3587,5558,16859,UDP_GREYLIST=5092 UDP_ENTROPY=465 L0_BLACKLIST=1
2026-10-02 20:21:45,22606,15.18,5058,30,6782,5053,17553,UDP_GREYLIST=4261 UDP_ENTROPY=792
2026-10-02 20:21:46,23939,14.59,3464,16,3830,2678,21261,UDP_GREYLIST=2212 UDP_ENTROPY=463 L0_BLACKLIST=3
2026-10-02 20:21:47,23397,17.09,4654,7,1638,3924,19473,UDP_GREYLIST=3254 UDP_ENTROPY=658 WAR_REFLECTION=10 L0_BLACKLIST=2
2026-10-02 20:21:48,22649,13.84,3970,7,1585,3486,19163,UDP_GREYLIST=2953 UDP_ENTROPY=531 L0_BLACKLIST=2
2026-10-02 20:21:49,21925,14.95,5382,6,1316,4433,17492,UDP_GREYLIST=3920 UDP_ENTROPY=511 L0_BLACKLIST=2
2026-10-02 20:21:50,22725,13.94,4726,7,1591,3528,19197,UDP_GREYLIST=3181 UDP_ENTROPY=347
2026-10-02 20:21:51,22482,13.34,3721,12,2698,3477,19005,UDP_GREYLIST=3009 UDP_ENTROPY=465 L0_BLACKLIST=3
2026-10-02 20:21:52,22220,15.02,4526,22,4888,4197,18023,UDP_GREYLIST=3592 UDP_ENTROPY=604 L0_BLACKLIST=1
2026-10-02 20:21:53,22749,14.26,4677,23,5232,3696,19053,UDP_GREYLIST=3312 UDP_ENTROPY=383 L0_BLACKLIST=1
2026-10-02 20:21:54,22910,14.76,3590,24,5498,3068,19842,UDP_GREYLIST=2394 UDP_ENTROPY=673 L0_BLACKLIST=1
2026-10-02 20:21:55,2019,2.42,5,98,1979,30,1989,UDP_ENTROPY=19 L0_BLACKLIST=10 UDP_GREYLIST=1
2026-10-02 20:21:56,2034,2.62,2,98,1993,36,1998,L0_BLACKLIST=34 UDP_ENTROPY=2
2026-10-02 20:21:57,1910,1.36,1,98,1872,38,1872,L0_BLACKLIST=37 UDP_ENTROPY=1
2026-10-02 20:21:58,1815,1.0,2,99,1797,38,1777,L0_BLACKLIST=38
2026-10-02 20:21:59,1840,0.97,0,99,1822,36,1804,L0_BLACKLIST=36
2026-10-02 20:22:00,1846,0.92,1,100,1846,39,1807,L0_BLACKLIST=38 L2_UDP_CLOSED_PORT=1
2026-10-02 20:22:01,1848,1.4,0,99,1830,36,1812,L0_BLACKLIST=36
2026-10-02 20:22:02,1863,1.02,1,99,1844,41,1822,L0_BLACKLIST=41
2026-10-02 20:22:03,1843,0.98,1,99,1825,39,1804,L0_BLACKLIST=39
2026-10-02 20:22:04,1939,1.99,1,99,1920,38,1901,L0_BLACKLIST=38
2026-10-02 20:22:05,1872,0.95,0,100,1872,18,1854,hb
2026-10-02 20:22:25,1893,0.98,1,100,1893,0,1893,hb
2026-10-02 20:22:35,2019,1.44,1,99,1999,15,2004,hb
2026-10-02 20:22:55,2070,1.44,0,99,2049,0,2070,hb
2026-10-02 20:23:05,2108,1.01,0,100,2108,11,2097,hb
2026-10-02 20:23:25,2190,2.01,0,100,2190,0,2190,hb
2026-10-02 20:23:35,2039,0.95,0,99,2019,0,2039,hb
2026-10-02 20:23:55,2024,0.97,0,99,2004,0,2024,hb
2026-10-02 20:24:05,1996,0.95,0,99,1976,0,1996,hb
2026-10-02 20:24:25,1996,0.92,0,99,1976,0,1996,hb
2026-10-02 20:24:35,2106,1.03,0,99,2085,0,2106,hb
2026-10-02 20:24:55,2094,1.02,0,100,2094,0,2094,hb
2026-10-02 20:25:05,2236,2.54,0,99,2214,0,2236,hb
2026-10-02 20:25:25,2187,1.55,0,99,2165,0,2187,hb
2026-10-02 20:25:35,2198,1.06,0,99,2176,0,2198,hb
2026-10-02 20:25:44,18889,9.17,1291,77,14545,0,18889,
2026-10-02 20:25:45,21105,12.65,2278,70,14774,1059,20046,UDP_ENTROPY=1059
2026-10-02 20:25:46,21180,13.31,1683,75,15885,2603,18577,UDP_GREYLIST=1704 UDP_ENTROPY=899
2026-10-02 20:25:47,20543,12.18,2889,55,11299,3420,17123,UDP_GREYLIST=2847 UDP_ENTROPY=573
2026-10-02 20:25:48,20465,12.84,3903,43,8800,4189,16276,UDP_GREYLIST=3574 UDP_ENTROPY=615
2026-10-02 20:25:49,20421,12.85,5372,23,4697,5188,15233,UDP_GREYLIST=4792 UDP_ENTROPY=396
2026-10-02 20:25:50,20326,12.22,6027,12,2439,5379,14947,UDP_GREYLIST=5116 UDP_ENTROPY=263
2026-10-02 20:25:51,20523,12.63,5474,13,2668,5165,15358,UDP_GREYLIST=4844 UDP_ENTROPY=321
2026-10-02 20:25:52,20037,12.23,5459,10,2004,5798,14239,UDP_GREYLIST=5519 UDP_ENTROPY=279
2026-10-02 20:25:53,20047,12.58,6556,1,200,6193,13854,UDP_GREYLIST=5958 UDP_ENTROPY=235
2026-10-02 20:25:54,20139,12.85,6863,0,0,6074,14065,UDP_GREYLIST=5833 UDP_ENTROPY=241
2026-10-02 20:25:55,20283,12.24,6606,0,0,5742,14541,UDP_GREYLIST=5582 UDP_ENTROPY=160
2026-10-02 20:25:56,20254,12.07,6006,0,0,5617,14637,UDP_GREYLIST=5410 UDP_ENTROPY=207
2026-10-02 20:25:57,19859,12.41,5860,0,0,6192,13667,UDP_GREYLIST=5949 UDP_ENTROPY=243
2026-10-02 20:25:58,19718,12.41,6776,0,0,6214,13504,UDP_GREYLIST=5970 UDP_ENTROPY=243 L1_BOGON_SRC=1
2026-10-02 20:25:59,19794,12.59,6730,0,0,5933,13861,UDP_GREYLIST=5691 UDP_ENTROPY=242
2026-10-02 20:26:00,20103,12.06,6365,0,0,5589,14514,UDP_GREYLIST=5432 UDP_ENTROPY=156 L2_UDP_CLOSED_PORT=1
2026-10-02 20:26:01,20037,11.75,5838,0,0,5625,14412,UDP_GREYLIST=5406 UDP_ENTROPY=215 WAR_REFLECTION=4
2026-10-02 20:26:02,19362,12.13,6187,0,0,6328,13034,UDP_GREYLIST=6114 UDP_ENTROPY=214
2026-10-02 20:26:03,19357,12.43,6884,1,194,6180,13177,UDP_GREYLIST=5961 UDP_ENTROPY=219
2026-10-02 20:26:04,19525,12.2,5743,18,3514,4997,14528,UDP_GREYLIST=4624 UDP_ENTROPY=373
2026-10-02 20:26:05,19600,11.83,5007,25,4900,4681,14919,UDP_GREYLIST=4335 UDP_ENTROPY=346
2026-10-02 20:26:06,19329,11.41,5486,8,1546,5480,13849,UDP_GREYLIST=5286 UDP_ENTROPY=194
2026-10-02 20:26:07,18631,11.72,6158,2,373,6104,12527,UDP_GREYLIST=5912 UDP_ENTROPY=192
2026-10-02 20:26:08,18577,11.78,6647,3,557,6028,12549,UDP_GREYLIST=5810 UDP_ENTROPY=218
2026-10-02 20:26:09,18757,11.38,6552,2,375,5692,13065,UDP_GREYLIST=5551 UDP_ENTROPY=141
2026-10-02 20:26:10,18806,11.75,6035,3,564,5611,13195,UDP_GREYLIST=5385 UDP_ENTROPY=226
2026-10-02 20:26:11,18659,11.03,5759,2,373,5842,12817,UDP_GREYLIST=5627 UDP_ENTROPY=211 WAR_REFLECTION=4
2026-10-02 20:26:12,18883,11.88,6259,3,566,6052,12831,UDP_GREYLIST=5847 UDP_ENTROPY=205
2026-10-02 20:26:13,18824,11.9,6734,3,565,5987,12837,UDP_GREYLIST=5777 UDP_ENTROPY=210
2026-10-02 20:26:14,5698,5.13,1735,35,1994,518,5180,UDP_GREYLIST=514 UDP_ENTROPY=4
2026-10-02 20:26:15,2004,1.59,2,99,1984,3,2001,hb
2026-10-02 20:26:44,2166,1.18,0,99,2144,0,2166,hb
2026-10-02 20:26:45,2102,1.16,0,99,2081,0,2102,hb
2026-10-02 20:26:58,15106,7.33,2852,39,5891,0,15106,
2026-10-02 20:26:59,21077,13.05,5068,22,4637,5629,15448,UDP_GREYLIST=5265 UDP_ENTROPY=364
2026-10-02 20:27:00,20543,12.04,4837,20,4109,5115,15428,UDP_GREYLIST=4764 UDP_ENTROPY=350 L2_UDP_CLOSED_PORT=1
2026-10-02 20:27:01,20626,13.18,5456,20,4125,5428,15198,UDP_GREYLIST=5058 UDP_ENTROPY=370
2026-10-02 20:27:02,24890,15.55,3526,25,6222,2793,22097,UDP_GREYLIST=2110 UDP_ENTROPY=683
2026-10-02 20:27:03,25809,15.71,3276,29,7485,2552,23257,UDP_GREYLIST=1962 UDP_ENTROPY=590
2026-10-02 20:27:04,25517,16.55,3261,30,7655,2873,22644,UDP_GREYLIST=2290 UDP_ENTROPY=582 L1_BOGON_SRC=1
2026-10-02 20:27:05,24069,16.05,3417,23,5536,3843,20226,UDP_GREYLIST=3157 UDP_ENTROPY=686
2026-10-02 20:27:06,24721,17.71,3745,24,5933,3336,21385,UDP_GREYLIST=2392 UDP_ENTROPY=944
2026-10-02 20:27:07,25343,16.02,3712,23,5829,2769,22574,UDP_GREYLIST=2137 UDP_ENTROPY=632
2026-10-02 20:27:08,20370,13.25,6257,10,2037,5626,14744,UDP_GREYLIST=5246 UDP_ENTROPY=380
2026-10-02 20:27:09,20508,12.53,6211,9,1846,5455,15053,UDP_GREYLIST=5184 UDP_ENTROPY=271
2026-10-02 20:27:10,20646,12.42,5581,6,1239,5236,15410,UDP_GREYLIST=4939 UDP_ENTROPY=297
2026-10-02 20:27:11,19984,12.7,5906,0,0,6286,13698,UDP_GREYLIST=6043 UDP_ENTROPY=243
2026-10-02 20:27:12,20103,13.08,6694,0,0,6077,14026,UDP_GREYLIST=5821 UDP_ENTROPY=256
2026-10-02 20:27:13,20198,12.37,6774,0,0,5825,14373,UDP_GREYLIST=5682 UDP_ENTROPY=143
2026-10-02 20:27:14,20435,12.83,6164,0,0,5601,14834,UDP_GREYLIST=5352 UDP_ENTROPY=249
2026-10-02 20:27:15,20023,11.98,5861,0,0,5978,14045,UDP_GREYLIST=5755 UDP_ENTROPY=223
2026-10-02 20:27:16,19605,12.47,6637,0,0,6200,13405,UDP_GREYLIST=5967 UDP_ENTROPY=233
2026-10-02 20:27:17,19853,12.7,6838,0,0,5989,13864,UDP_GREYLIST=5742 UDP_ENTROPY=247
2026-10-02 20:27:18,20086,12.15,6358,0,0,5617,14469,UDP_GREYLIST=5448 UDP_ENTROPY=169
2026-10-02 20:27:19,19561,11.28,5851,0,0,5558,14003,UDP_GREYLIST=5376 UDP_ENTROPY=179 WAR_REFLECTION=3
2026-10-02 20:27:20,17480,10.31,6055,0,0,6173,11307,UDP_GREYLIST=6024 UDP_ENTROPY=149
2026-10-02 20:27:21,17543,10.65,6297,6,1053,5632,11911,UDP_GREYLIST=5424 UDP_ENTROPY=208
2026-10-02 20:27:22,17777,10.49,5968,10,1778,5240,12537,UDP_GREYLIST=5047 UDP_ENTROPY=193
2026-10-02 20:27:23,17962,10.58,5510,10,1796,5076,12886,UDP_GREYLIST=4827 UDP_ENTROPY=249
2026-10-02 20:27:24,17132,9.96,5338,8,1371,5437,11695,UDP_GREYLIST=5273 UDP_ENTROPY=164
2026-10-02 20:27:25,16868,9.98,5875,8,1349,5593,11275,UDP_GREYLIST=5396 UDP_ENTROPY=197
2026-10-02 20:27:26,17304,10.82,6058,10,1730,5491,11813,UDP_GREYLIST=5260 UDP_ENTROPY=231
2026-10-02 20:27:27,17176,9.84,5866,9,1546,5210,11966,UDP_GREYLIST=5049 UDP_ENTROPY=161
2026-10-02 20:27:28,5658,4.91,1677,32,1811,1176,4482,UDP_GREYLIST=1102 UDP_ENTROPY=74
2026-10-02 20:27:29,2012,2.72,1,100,2012,26,1986,UDP_ENTROPY=25 UDP_GREYLIST=1
2026-10-02 20:27:30,1961,1.49,3,99,1941,26,1935,UDP_ENTROPY=24 TCP_OUT_OF_STATE=1 L2_UDP_CLOSED_PORT=1
2026-10-02 20:27:31,1949,1.25,1,99,1930,23,1926,UDP_ENTROPY=23
2026-10-02 20:27:32,1861,1.2,1,100,1861,15,1846,hb
2026-10-02 20:27:33,1958,1.16,0,99,1938,34,1924,L0_BLACKLIST=20 UDP_ENTROPY=14
2026-10-02 20:27:34,2159,1.25,1,99,2137,47,2112,L0_BLACKLIST=38 UDP_ENTROPY=9
2026-10-02 20:27:35,10411,4.98,2234,48,4997,0,10411,
2026-10-02 20:27:36,14857,8.47,4109,29,4309,596,14261,UDP_ENTROPY=595 L0_BLACKLIST=1
2026-10-02 20:27:37,14780,9.07,4303,25,3695,4726,10054,UDP_GREYLIST=4413 UDP_ENTROPY=310 L0_BLACKLIST=3
2026-10-02 20:27:38,14141,8.74,4531,28,3959,4347,9794,UDP_GREYLIST=4052 UDP_ENTROPY=293 L0_BLACKLIST=2
2026-10-02 20:27:39,15677,9.44,3693,44,6898,3519,12158,UDP_GREYLIST=3124 UDP_ENTROPY=395
2026-10-02 20:27:40,15695,8.98,3580,43,6749,3419,12276,UDP_GREYLIST=3076 UDP_ENTROPY=343
2026-10-02 20:27:41,15857,9.37,4674,21,3330,4635,11222,UDP_GREYLIST=4417 UDP_ENTROPY=218
2026-10-02 20:27:42,15577,8.93,5047,10,1558,5124,10453,UDP_GREYLIST=4956 UDP_ENTROPY=167 L0_BLACKLIST=1
2026-10-02 20:27:43,15265,9.28,5479,9,1374,5520,9745,UDP_GREYLIST=5293 UDP_ENTROPY=227
2026-10-02 20:27:44,15558,9.51,6221,1,156,5723,9835,UDP_GREYLIST=5578 UDP_ENTROPY=145
2026-10-02 20:27:45,15663,9.39,6379,0,0,5683,9980,UDP_GREYLIST=5551 UDP_ENTROPY=132
2026-10-02 20:27:46,15755,9.03,6097,0,0,5516,10239,UDP_GREYLIST=5429 UDP_ENTROPY=87
2026-10-02 20:27:47,15854,9.1,5664,0,0,5428,10426,UDP_GREYLIST=5287 UDP_ENTROPY=139 L0_BLACKLIST=2
2026-10-02 20:27:48,15543,9.26,5545,0,0,5823,9720,UDP_GREYLIST=5713 UDP_ENTROPY=110
2026-10-02 20:27:49,15214,9.12,6186,0,0,5878,9336,UDP_GREYLIST=5742 UDP_ENTROPY=136
2026-10-02 20:27:50,15196,9.15,6334,0,0,5640,9556,UDP_GREYLIST=5499 UDP_ENTROPY=141
2026-10-02 20:27:51,15544,9.04,6141,0,0,5568,9976,UDP_GREYLIST=5469 UDP_ENTROPY=98 L0_BLACKLIST=1
2026-10-02 20:27:52,15790,9.43,5796,0,0,5381,10409,UDP_GREYLIST=5242 UDP_ENTROPY=137 WAR_REFLECTION=2
2026-10-02 20:27:53,15685,9.01,5618,0,0,5649,10036,UDP_GREYLIST=5504 UDP_ENTROPY=145
2026-10-02 20:27:54,15027,9.01,5589,5,751,5609,9418,UDP_GREYLIST=5459 UDP_ENTROPY=149 L0_BLACKLIST=1
2026-10-02 20:27:55,14772,8.93,5703,11,1625,5302,9470,UDP_GREYLIST=5124 UDP_ENTROPY=178
2026-10-02 20:27:56,15637,9.63,4127,14,2189,3354,12283,UDP_GREYLIST=3113 UDP_ENTROPY=239 L0_BLACKLIST=2
2026-10-02 20:27:57,15857,9.51,3709,14,2220,3442,12415,UDP_GREYLIST=3113 UDP_ENTROPY=323 L0_BLACKLIST=6
2026-10-02 20:27:58,16420,9.7,4065,17,2791,2856,13564,UDP_GREYLIST=2650 UDP_ENTROPY=204 L0_BLACKLIST=2
2026-10-02 20:27:59,16769,9.85,4150,16,2683,4011,12758,UDP_GREYLIST=3738 UDP_ENTROPY=272 L0_BLACKLIST=1
2026-10-02 20:28:00,16505,9.5,5018,14,2311,4795,11710,UDP_GREYLIST=4613 UDP_ENTROPY=181 L2_UDP_CLOSED_PORT=1
2026-10-02 20:28:01,16086,9.81,4947,15,2413,5276,10810,UDP_GREYLIST=5056 UDP_ENTROPY=220
2026-10-02 20:28:02,16049,9.86,5718,13,2086,5372,10677,UDP_GREYLIST=5158 UDP_ENTROPY=214
2026-10-02 20:28:03,16128,9.93,5813,10,1613,5230,10898,UDP_GREYLIST=5009 UDP_ENTROPY=221
2026-10-02 20:28:04,16552,9.67,5556,9,1490,5056,11496,UDP_GREYLIST=4902 UDP_ENTROPY=152 WAR_REFLECTION=2
2026-10-02 20:28:05,6972,5.7,2050,26,1813,1723,5249,UDP_GREYLIST=1646 UDP_ENTROPY=69 L0_BLACKLIST=8
2026-10-02 20:28:06,1667,1.31,0,100,1667,13,1654,hb
2026-10-02 20:28:13,2043,2.57,0,100,2043,27,2016,L0_BLACKLIST=23 UDP_ENTROPY=4
2026-10-02 20:28:14,1808,1.0,1,99,1790,32,1776,L0_BLACKLIST=32
2026-10-02 20:28:15,1802,0.97,0,100,1802,26,1776,L0_BLACKLIST=26
2026-10-02 20:28:16,1686,0.93,0,99,1669,25,1661,L0_BLACKLIST=25
2026-10-02 20:28:17,1850,0.87,1,100,1850,24,1826,L0_BLACKLIST=23 TCP_OUT_OF_STATE=1
2026-10-02 20:28:18,1857,1.96,1,100,1857,30,1827,L0_BLACKLIST=30
2026-10-02 20:28:19,1427,0.67,0,100,1427,28,1399,L0_BLACKLIST=28
2026-10-02 20:28:36,802,0.52,0,100,802,0,802,hb
2026-10-02 20:28:50,12489,6.41,1050,61,7618,0,12489,
2026-10-02 20:28:51,13940,8.47,2099,52,7249,702,13238,UDP_ENTROPY=702
2026-10-02 20:28:52,14069,8.56,2616,40,5628,3023,11046,UDP_GREYLIST=2663 UDP_ENTROPY=360
2026-10-02 20:28:53,13869,8.27,2748,38,5270,1955,11914,UDP_GREYLIST=1607 UDP_ENTROPY=348
2026-10-02 20:28:54,13727,8.28,2875,32,4393,1882,11845,UDP_GREYLIST=1628 UDP_ENTROPY=254
2026-10-02 20:28:55,13422,8.22,2966,29,3892,1940,11482,UDP_GREYLIST=1596 UDP_ENTROPY=344
2026-10-02 20:28:56,13474,8.32,2977,28,3773,2022,11452,UDP_GREYLIST=1652 UDP_ENTROPY=370
2026-10-02 20:28:57,13790,8.62,3040,26,3585,2016,11774,UDP_GREYLIST=1662 UDP_ENTROPY=354
2026-10-02 20:28:58,13410,8.41,3048,26,3487,2040,11370,UDP_GREYLIST=1666 UDP_ENTROPY=374
2026-10-02 20:28:59,13524,8.59,2797,32,4328,1817,11707,UDP_GREYLIST=1387 UDP_ENTROPY=430
2026-10-02 20:29:00,13759,8.61,2367,43,5916,1731,12028,UDP_GREYLIST=1220 UDP_ENTROPY=510 L2_UDP_CLOSED_PORT=1
2026-10-02 20:29:01,13278,8.11,2213,46,6108,1591,11687,UDP_GREYLIST=1224 UDP_ENTROPY=367
2026-10-02 20:29:02,13170,7.93,2200,45,5926,1628,11542,UDP_GREYLIST=1204 UDP_ENTROPY=424
2026-10-02 20:29:03,13447,7.6,2215,44,5917,1512,11935,UDP_GREYLIST=1270 UDP_ENTROPY=242
2026-10-02 20:29:04,13657,8.29,2268,43,5873,1688,11969,UDP_GREYLIST=1293 UDP_ENTROPY=395
2026-10-02 20:29:05,16752,9.57,4154,33,5528,3709,13043,UDP_GREYLIST=3469 UDP_ENTROPY=240
2026-10-02 20:29:06,16285,9.44,5020,10,1628,4956,11329,UDP_GREYLIST=4738 UDP_ENTROPY=218
2026-10-02 20:29:07,15805,9.52,5265,9,1422,5360,10445,UDP_GREYLIST=5146 UDP_ENTROPY=214
2026-10-02 20:29:08,16016,9.92,6041,5,801,5754,10262,UDP_GREYLIST=5507 UDP_ENTROPY=247
2026-10-02 20:29:09,16082,9.7,6113,1,161,5420,10662,UDP_GREYLIST=5330 UDP_ENTROPY=90
2026-10-02 20:29:10,16229,9.95,5744,1,162,5243,10986,UDP_GREYLIST=5142 UDP_ENTROPY=101
2026-10-02 20:29:11,16124,9.43,5540,0,0,5598,10526,UDP_GREYLIST=5411 UDP_ENTROPY=187
2026-10-02 20:29:12,15721,9.33,5888,1,157,5757,9964,UDP_GREYLIST=5632 UDP_ENTROPY=125
2026-10-02 20:29:13,15801,9.66,6238,0,0,5689,10112,UDP_GREYLIST=5587 UDP_ENTROPY=102
2026-10-02 20:29:14,15579,8.8,6045,0,0,5274,10305,UDP_GREYLIST=5227 UDP_ENTROPY=47
2026-10-02 20:29:15,15659,9.51,5619,0,0,5265,10394,UDP_GREYLIST=5110 UDP_ENTROPY=155
2026-10-02 20:29:16,15558,9.25,5433,1,156,5585,9973,UDP_GREYLIST=5350 UDP_ENTROPY=234 L1_BOGON_SRC=1
2026-10-02 20:29:17,15129,9.31,5921,0,0,5788,9341,UDP_GREYLIST=5623 UDP_ENTROPY=164 WAR_REFLECTION=1
2026-10-02 20:29:18,15343,9.36,6102,2,307,5548,9795,UDP_GREYLIST=5457 UDP_ENTROPY=91
2026-10-02 20:29:19,10411,6.1,3904,11,1145,3218,7193,UDP_GREYLIST=3108 UDP_ENTROPY=110
2026-10-02 20:29:20,235,0.16,1,99,233,0,235,hb
2026-10-02 20:29:49,1277,1.34,160,86,1098,165,1112,UDP_ENTROPY=165
2026-10-02 20:29:50,13430,7.93,2293,59,7924,532,12898,UDP_ENTROPY=532
2026-10-02 20:29:51,14566,8.28,3541,41,5972,3905,10661,UDP_GREYLIST=3639 UDP_ENTROPY=266
2026-10-02 20:29:52,14386,8.19,4120,28,4028,4044,10342,UDP_GREYLIST=3832 UDP_ENTROPY=212
2026-10-02 20:29:53,14137,7.99,3544,38,5372,3538,10599,UDP_GREYLIST=3288 UDP_ENTROPY=250
2026-10-02 20:29:54,13935,8.14,3192,45,6271,3344,10591,UDP_GREYLIST=3039 UDP_ENTROPY=305
2026-10-02 20:29:55,13827,7.96,3769,40,5531,3632,10195,UDP_GREYLIST=3392 UDP_ENTROPY=240
2026-10-02 20:29:56,14178,7.9,5128,12,1701,4769,9409,UDP_GREYLIST=4616 UDP_ENTROPY=153
2026-10-02 20:29:57,14286,8.28,5015,11,1571,4921,9365,UDP_GREYLIST=4763 UDP_ENTROPY=158
2026-10-02 20:29:58,14131,8.31,5240,8,1130,5234,8897,UDP_GREYLIST=5099 UDP_ENTROPY=135
2026-10-02 20:29:59,14048,8.3,5840,2,281,5473,8575,UDP_GREYLIST=5350 UDP_ENTROPY=123
2026-10-02 20:30:00,13878,8.02,5760,2,278,5199,8679,UDP_GREYLIST=5085 UDP_ENTROPY=113 L2_UDP_CLOSED_PORT=1
2026-10-02 20:30:01,13813,7.6,5567,2,276,5283,8530,UDP_GREYLIST=5205 UDP_ENTROPY=78
2026-10-02 20:30:02,13644,7.93,5598,1,136,5509,8135,UDP_GREYLIST=5408 UDP_ENTROPY=101
2026-10-02 20:30:03,14337,8.66,5924,12,1720,5720,8617,UDP_GREYLIST=5540 UDP_ENTROPY=180
2026-10-02 20:30:04,15804,8.75,6497,28,4425,6190,9614,UDP_GREYLIST=6015 UDP_ENTROPY=175
2026-10-02 20:30:05,15749,8.75,7106,19,2992,7220,8529,UDP_GREYLIST=7070 UDP_ENTROPY=150
2026-10-02 20:30:06,15398,8.9,7446,14,2156,7628,7770,UDP_GREYLIST=7486 UDP_ENTROPY=142
2026-10-02 20:30:07,15365,8.78,7141,21,3227,6904,8461,UDP_GREYLIST=6726 UDP_ENTROPY=177 WAR_REFLECTION=1
2026-10-02 20:30:08,15572,8.78,6770,23,3582,6728,8844,UDP_GREYLIST=6529 UDP_ENTROPY=199
2026-10-02 20:30:09,15194,8.55,6613,24,3647,6739,8455,UDP_GREYLIST=6560 UDP_ENTROPY=179
2026-10-02 20:30:10,15395,8.6,7548,15,2309,7562,7833,UDP_GREYLIST=7417 UDP_ENTROPY=145
2026-10-02 20:30:11,15647,8.75,7292,17,2660,7288,8359,UDP_GREYLIST=7150 UDP_ENTROPY=138
2026-10-02 20:30:12,15849,8.92,7331,17,2694,7379,8470,UDP_GREYLIST=7242 UDP_ENTROPY=137
2026-10-02 20:30:13,15536,8.8,7871,11,1709,7899,7637,UDP_GREYLIST=7781 UDP_ENTROPY=118
2026-10-02 20:30:14,15513,8.83,7716,11,1706,7686,7827,UDP_GREYLIST=7569 UDP_ENTROPY=117
2026-10-02 20:30:15,15601,8.96,7815,11,1716,7833,7768,UDP_GREYLIST=7716 UDP_ENTROPY=117
2026-10-02 20:30:16,15644,8.93,7929,9,1408,7987,7657,UDP_GREYLIST=7851 UDP_ENTROPY=136
2026-10-02 20:30:17,15648,8.86,8014,8,1252,7985,7663,UDP_GREYLIST=7867 UDP_ENTROPY=118
2026-10-02 20:30:18,14979,8.52,7981,7,1049,7919,7060,UDP_GREYLIST=7820 UDP_ENTROPY=99
2026-10-02 20:30:19,14847,8.58,7936,4,594,7844,7003,UDP_GREYLIST=7741 UDP_ENTROPY=103
2026-10-02 20:30:20,15503,8.84,6261,3,465,5817,9686,UDP_GREYLIST=5678 UDP_ENTROPY=139
2026-10-02 20:30:21,15666,8.91,5966,3,470,5256,10410,UDP_GREYLIST=5142 UDP_ENTROPY=113 WAR_REFLECTION=1
2026-10-02 20:30:22,15244,8.65,5616,3,457,5407,9837,UDP_GREYLIST=5266 UDP_ENTROPY=140 L1_BOGON_SRC=1
2026-10-02 20:30:23,15416,8.82,5393,9,1387,5456,9960,UDP_GREYLIST=5281 UDP_ENTROPY=175
2026-10-02 20:30:24,15646,9.01,5318,15,2347,4984,10662,UDP_GREYLIST=4810 UDP_ENTROPY=174
2026-10-02 20:30:25,15152,8.84,4720,24,3636,4318,10834,UDP_GREYLIST=4075 UDP_ENTROPY=243
2026-10-02 20:30:26,15533,8.92,4218,26,4039,4211,11322,UDP_GREYLIST=3945 UDP_ENTROPY=266
2026-10-02 20:30:27,15521,8.8,4669,19,2949,4728,10793,UDP_GREYLIST=4505 UDP_ENTROPY=223
2026-10-02 20:30:28,15435,8.94,4957,19,2933,4771,10664,UDP_GREYLIST=4535 UDP_ENTROPY=236
2026-10-02 20:30:29,15298,8.93,4998,20,3060,4627,10671,UDP_GREYLIST=4433 UDP_ENTROPY=194
2026-10-02 20:30:30,15322,8.63,4915,17,2605,4648,10674,UDP_GREYLIST=4469 UDP_ENTROPY=178 L2_UDP_CLOSED_PORT=1
2026-10-02 20:30:31,15071,8.83,4835,16,2411,4779,10292,UDP_GREYLIST=4574 UDP_ENTROPY=204 WAR_REFLECTION=1
2026-10-02 20:30:32,15314,9.25,5132,14,2144,5014,10300,UDP_GREYLIST=4806 UDP_ENTROPY=206 WAR_REFLECTION=2
2026-10-02 20:30:33,7234,4.6,2793,16,1157,2032,5202,UDP_GREYLIST=1968 UDP_ENTROPY=64
2026-10-02 20:30:34,723,1.24,1,99,716,1,722,hb
2026-10-02 20:30:39,632,0.57,0,100,632,20,612,L0_BLACKLIST=16 UDP_ENTROPY=4
2026-10-02 20:30:42,787,0.58,0,100,787,21,766,L0_BLACKLIST=19 UDP_ENTROPY=2
2026-10-02 20:31:04,704,0.39,0,100,704,0,704,hb
2026-10-02 20:31:17,4417,3.1,625,70,3092,312,4105,UDP_ENTROPY=311 L0_BLACKLIST=1
2026-10-02 20:31:18,15776,8.83,2765,54,8519,586,15190,UDP_ENTROPY=585 L0_BLACKLIST=1
2026-10-02 20:31:19,15600,9.05,3864,32,4992,4244,11356,UDP_GREYLIST=3982 UDP_ENTROPY=262
2026-10-02 20:31:20,15527,8.58,4562,23,3571,4568,10959,UDP_GREYLIST=4388 UDP_ENTROPY=180
2026-10-02 20:31:21,15359,8.79,3679,40,6144,3610,11749,UDP_GREYLIST=3321 UDP_ENTROPY=289
2026-10-02 20:31:22,15386,8.79,3511,43,6616,3468,11918,UDP_GREYLIST=3162 UDP_ENTROPY=306
2026-10-02 20:31:23,15467,8.92,4393,31,4795,4219,11248,UDP_GREYLIST=4032 UDP_ENTROPY=186 L0_BLACKLIST=1
2026-10-02 20:31:24,15260,8.34,5286,9,1373,4978,10282,UDP_GREYLIST=4856 UDP_ENTROPY=122
2026-10-02 20:31:25,14974,8.55,5106,9,1348,4971,10003,UDP_GREYLIST=4863 UDP_ENTROPY=108
2026-10-02 20:31:26,13982,7.83,4380,8,1119,4438,9544,UDP_GREYLIST=4292 UDP_ENTROPY=146
2026-10-02 20:31:27,12589,7.7,3581,9,1133,3323,9266,UDP_GREYLIST=3115 UDP_ENTROPY=208
2026-10-02 20:31:28,12566,7.21,3720,12,1508,2472,10094,UDP_GREYLIST=2290 UDP_ENTROPY=180 L1_BOGON_SRC=1 L0_BLACKLIST=1
2026-10-02 20:31:29,12515,6.98,3654,11,1377,2333,10182,UDP_GREYLIST=2154 UDP_ENTROPY=178 L0_BLACKLIST=1
2026-10-02 20:31:30,12704,7.38,3395,12,1524,2210,10494,UDP_GREYLIST=2026 UDP_ENTROPY=182 L0_BLACKLIST=1 L2_UDP_CLOSED_PORT=1
2026-10-02 20:31:31,12977,8.11,3778,11,1427,3203,9774,UDP_GREYLIST=3011 UDP_ENTROPY=192
2026-10-02 20:31:32,13367,8.04,3786,10,1337,3211,10156,UDP_GREYLIST=2980 UDP_ENTROPY=231
2026-10-02 20:31:33,13821,7.86,4332,9,1244,3125,10696,UDP_GREYLIST=2992 UDP_ENTROPY=133
2026-10-02 20:31:34,13733,7.98,3853,8,1099,3499,10234,UDP_GREYLIST=3244 UDP_ENTROPY=255
2026-10-02 20:31:35,13373,8.07,4533,9,1204,3513,9860,UDP_GREYLIST=3348 UDP_ENTROPY=164 L0_BLACKLIST=1
2026-10-02 20:31:36,13619,7.62,3904,7,953,3017,10602,UDP_GREYLIST=2841 UDP_ENTROPY=176
2026-10-02 20:31:37,13134,8.1,4463,7,919,3877,9257,UDP_GREYLIST=3699 UDP_ENTROPY=178
2026-10-02 20:31:38,13595,7.26,3908,6,816,2693,10902,UDP_GREYLIST=2581 UDP_ENTROPY=112
2026-10-02 20:31:39,12895,7.94,3930,7,903,4011,8884,UDP_GREYLIST=3801 UDP_ENTROPY=210
2026-10-02 20:31:40,13092,7.4,4041,10,1309,2833,10259,UDP_GREYLIST=2714 UDP_ENTROPY=119
2026-10-02 20:31:41,13521,7.99,3789,9,1217,3648,9873,UDP_GREYLIST=3390 UDP_ENTROPY=258
2026-10-02 20:31:42,13286,7.68,4468,9,1196,3368,9918,UDP_GREYLIST=3252 UDP_ENTROPY=115 WAR_REFLECTION=1
2026-10-02 20:31:43,13370,7.76,3861,9,1203,3132,10238,UDP_GREYLIST=2895 UDP_ENTROPY=234 WAR_REFLECTION=3
2026-10-02 20:31:44,14039,8.15,4731,8,1123,3938,10101,UDP_GREYLIST=3778 UDP_ENTROPY=160
2026-10-02 20:31:45,14014,8.17,4100,11,1542,4024,9990,UDP_GREYLIST=3820 UDP_ENTROPY=204
2026-10-02 20:31:46,12912,8.13,3800,13,1679,3762,9150,UDP_GREYLIST=3500 UDP_ENTROPY=262
2026-10-02 20:31:47,8869,5.42,3283,17,1508,2091,6778,UDP_GREYLIST=1929 UDP_ENTROPY=162
2026-10-02 20:31:48,748,1.11,0,100,748,5,743,hb
2026-10-02 20:31:59,733,0.51,0,100,733,25,708,L0_BLACKLIST=17 UDP_ENTROPY=8
2026-10-02 20:32:00,714,0.47,1,100,714,29,685,L0_BLACKLIST=24 UDP_ENTROPY=4 L2_UDP_CLOSED_PORT=1
2026-10-02 20:32:01,621,0.39,0,100,621,20,601,L0_BLACKLIST=18 TCP_OUT_OF_STATE=1 UDP_ENTROPY=1
2026-10-02 20:32:02,694,0.43,0,100,694,26,668,L0_BLACKLIST=23 UDP_ENTROPY=3
2026-10-02 20:32:03,642,0.4,1,99,636,26,616,L0_BLACKLIST=22 UDP_ENTROPY=4
2026-10-02 20:32:04,690,0.47,2,99,683,36,654,L0_BLACKLIST=31 UDP_ENTROPY=5
2026-10-02 20:32:05,672,0.39,2,99,665,30,642,L0_BLACKLIST=29 UDP_ENTROPY=1
2026-10-02 20:32:06,675,0.43,1,99,668,27,648,L0_BLACKLIST=24 UDP_ENTROPY=3
2026-10-02 20:32:07,676,0.42,1,99,669,34,642,L0_BLACKLIST=31 UDP_ENTROPY=2 TCP_OUT_OF_STATE=1
2026-10-02 20:32:08,665,0.39,0,100,665,21,644,L0_BLACKLIST=19 UDP_ENTROPY=2
2026-10-02 20:32:18,688,0.63,2,99,681,0,688,hb
2026-10-02 20:32:20,13844,6.57,1932,62,8583,0,13844,
2026-10-02 20:32:21,15551,8.97,3428,49,7620,625,14926,UDP_ENTROPY=623 L0_BLACKLIST=2
2026-10-02 20:32:22,15695,8.62,4526,24,3767,4854,10841,UDP_GREYLIST=4706 UDP_ENTROPY=146 L0_BLACKLIST=2
2026-10-02 20:32:23,15363,8.7,4507,21,3226,4515,10848,UDP_GREYLIST=4265 UDP_ENTROPY=250
2026-10-02 20:32:24,15002,8.66,4434,25,3750,4473,10529,UDP_GREYLIST=4257 UDP_ENTROPY=216
2026-10-02 20:32:25,15046,8.77,4931,21,3160,4700,10346,UDP_GREYLIST=4450 UDP_ENTROPY=249 L0_BLACKLIST=1
2026-10-02 20:32:26,14920,8.64,5027,16,2387,4658,10262,UDP_GREYLIST=4475 UDP_ENTROPY=182 L0_BLACKLIST=1
2026-10-02 20:32:27,15100,8.49,5060,14,2114,4739,10361,UDP_GREYLIST=4611 UDP_ENTROPY=127 L0_BLACKLIST=1
2026-10-02 20:32:28,14779,8.52,5013,13,1921,5006,9773,UDP_GREYLIST=4806 UDP_ENTROPY=198 L0_BLACKLIST=2
2026-10-02 20:32:29,14727,8.56,5053,17,2504,4893,9834,UDP_GREYLIST=4747 UDP_ENTROPY=145 L0_BLACKLIST=1
2026-10-02 20:32:30,14481,8.31,4827,21,3041,4442,10039,UDP_GREYLIST=4241 UDP_ENTROPY=199 L0_BLACKLIST=1 L2_UDP_CLOSED_PORT=1
2026-10-02 20:32:31,14875,8.58,4861,19,2826,4536,10339,UDP_GREYLIST=4298 UDP_ENTROPY=236 L0_BLACKLIST=2
2026-10-02 20:32:32,14867,8.52,4718,17,2527,4611,10256,UDP_GREYLIST=4463 UDP_ENTROPY=148
2026-10-02 20:32:33,14635,8.56,4755,16,2342,4964,9671,UDP_GREYLIST=4727 UDP_ENTROPY=237
2026-10-02 20:32:34,14433,8.86,5364,13,1876,5172,9261,UDP_GREYLIST=4898 UDP_ENTROPY=272 L1_BOGON_SRC=1 L0_BLACKLIST=1
2026-10-02 20:32:35,14142,8.07,5304,14,1980,4725,9417,UDP_GREYLIST=4620 UDP_ENTROPY=104 L0_BLACKLIST=1
2026-10-02 20:32:36,14116,7.95,4843,16,2259,4423,9693,UDP_GREYLIST=4299 UDP_ENTROPY=124
2026-10-02 20:32:37,13895,7.95,4529,17,2362,4540,9355,UDP_GREYLIST=4320 UDP_ENTROPY=215 WAR_REFLECTION=5
2026-10-02 20:32:38,13680,8.1,4832,14,1915,4995,8685,UDP_GREYLIST=4863 UDP_ENTROPY=132
2026-10-02 20:32:39,13679,8.33,4979,17,2325,4793,8886,UDP_GREYLIST=4577 UDP_ENTROPY=215 L0_BLACKLIST=1
2026-10-02 20:32:40,13949,8.47,4958,18,2511,4616,9333,UDP_GREYLIST=4415 UDP_ENTROPY=200 L0_BLACKLIST=1
2026-10-02 20:32:41,14271,8.03,4702,21,2997,4325,9946,UDP_GREYLIST=4124 UDP_ENTROPY=201
2026-10-02 20:32:42,14253,8.11,4185,24,3421,4095,10158,UDP_GREYLIST=3934 UDP_ENTROPY=161
2026-10-02 20:32:43,13516,8.11,4698,15,2027,5026,8490,UDP_GREYLIST=4798 UDP_ENTROPY=227 L0_BLACKLIST=1
2026-10-02 20:32:44,13982,8.06,5020,15,2097,4710,9272,UDP_GREYLIST=4581 UDP_ENTROPY=129
2026-10-02 20:32:45,13820,8.13,5075,15,2073,4686,9134,UDP_GREYLIST=4528 UDP_ENTROPY=157 L0_BLACKLIST=1
2026-10-02 20:32:46,13921,7.77,4970,14,1949,4591,9330,UDP_GREYLIST=4460 UDP_ENTROPY=129 L0_BLACKLIST=2
2026-10-02 20:32:47,13804,7.72,4632,14,1933,4569,9235,UDP_GREYLIST=4449 UDP_ENTROPY=115 WAR_REFLECTION=3 L0_BLACKLIST=2
2026-10-02 20:32:48,13421,7.97,4818,12,1611,4991,8430,UDP_GREYLIST=4814 UDP_ENTROPY=176 L0_BLACKLIST=1
2026-10-02 20:32:49,13413,7.67,5536,4,537,5180,8233,UDP_GREYLIST=5090 UDP_ENTROPY=90
2026-10-02 20:32:50,2700,1.92,1039,23,621,442,2258,UDP_GREYLIST=436 L0_BLACKLIST=4 UDP_ENTROPY=2
2026-10-02 20:32:51,641,0.8,1,99,635,8,633,hb
2026-10-02 20:32:53,691,0.61,1,99,684,24,667,L0_BLACKLIST=21 TCP_OUT_OF_STATE=2 UDP_ENTROPY=1
2026-10-02 20:32:55,610,0.51,0,100,610,21,589,L0_BLACKLIST=21
2026-10-02 20:32:56,678,0.57,0,100,678,20,658,L0_BLACKLIST=20
2026-10-02 20:32:59,686,0.45,2,100,686,20,666,L0_BLACKLIST=20
2026-10-02 20:33:08,2244,2.13,522,69,1548,343,1901,UDP_ENTROPY=340 L0_BLACKLIST=3
2026-10-02 20:33:09,4934,3.58,788,67,3306,265,4669,UDP_ENTROPY=263 L0_BLACKLIST=2
2026-10-02 20:33:10,8062,3.79,1338,67,5402,0,8062,
2026-10-02 20:33:11,12171,6.89,2646,53,6451,409,11762,UDP_ENTROPY=409
2026-10-02 20:33:12,12866,7.4,4147,27,3474,4477,8389,UDP_GREYLIST=4263 UDP_ENTROPY=214
2026-10-02 20:33:13,12972,7.54,4710,21,2724,4382,8590,UDP_GREYLIST=4222 UDP_ENTROPY=160
2026-10-02 20:33:14,12979,7.54,4243,26,3375,3992,8987,UDP_GREYLIST=3770 UDP_ENTROPY=221 L0_BLACKLIST=1
2026-10-02 20:33:15,13690,7.65,4175,24,3286,4119,9571,UDP_GREYLIST=3934 UDP_ENTROPY=185
2026-10-02 20:33:16,13829,8.06,4502,19,2628,4583,9246,UDP_GREYLIST=4413 UDP_ENTROPY=170
2026-10-02 20:33:17,13334,7.91,4813,16,2133,4748,8586,UDP_GREYLIST=4590 UDP_ENTROPY=158
2026-10-02 20:33:18,13793,7.89,5130,16,2207,4817,8976,UDP_GREYLIST=4688 UDP_ENTROPY=127 L0_BLACKLIST=2
2026-10-02 20:33:19,13707,8.34,4796,20,2741,4522,9185,UDP_GREYLIST=4244 UDP_ENTROPY=276 L0_BLACKLIST=2
2026-10-02 20:33:20,14189,7.99,4450,24,3405,4332,9857,UDP_GREYLIST=4120 UDP_ENTROPY=211 L0_BLACKLIST=1
2026-10-02 20:33:21,14505,7.91,4238,22,3191,4256,10249,UDP_GREYLIST=4137 UDP_ENTROPY=118 L0_BLACKLIST=1
2026-10-02 20:33:22,14338,8.47,4660,20,2868,4790,9548,UDP_GREYLIST=4552 UDP_ENTROPY=237 L0_BLACKLIST=1
2026-10-02 20:33:23,14404,8.57,4958,20,2881,4704,9700,UDP_GREYLIST=4506 UDP_ENTROPY=198
2026-10-02 20:33:24,14690,8.8,5111,18,2644,4776,9914,UDP_GREYLIST=4532 UDP_ENTROPY=244
2026-10-02 20:33:25,14408,8.14,4798,18,2593,4440,9968,UDP_GREYLIST=4332 UDP_ENTROPY=108
2026-10-02 20:33:26,14508,8.42,4414,19,2757,4477,10031,UDP_GREYLIST=4237 UDP_ENTROPY=240
2026-10-02 20:33:27,14362,8.4,4525,21,3016,4657,9705,UDP_GREYLIST=4468 UDP_ENTROPY=187 WAR_REFLECTION=2
2026-10-02 20:33:28,14248,8.77,5186,17,2422,5015,9233,UDP_GREYLIST=4772 UDP_ENTROPY=242 WAR_REFLECTION=1
2026-10-02 20:33:29,14519,8.55,5122,18,2613,4627,9892,UDP_GREYLIST=4443 UDP_ENTROPY=184
2026-10-02 20:33:30,14812,8.59,4806,19,2814,4503,10309,UDP_GREYLIST=4300 UDP_ENTROPY=202 L2_UDP_CLOSED_PORT=1
2026-10-02 20:33:31,14682,8.32,4796,15,2202,4702,9980,UDP_GREYLIST=4550 UDP_ENTROPY=151 L0_BLACKLIST=1
2026-10-02 20:33:32,14749,8.76,4776,16,2360,5014,9735,UDP_GREYLIST=4770 UDP_ENTROPY=244
2026-10-02 20:33:33,14251,8.54,5179,15,2138,4907,9344,UDP_GREYLIST=4726 UDP_ENTROPY=180 L0_BLACKLIST=1
2026-10-02 20:33:34,14255,8.56,5188,14,1996,4811,9444,UDP_GREYLIST=4613 UDP_ENTROPY=197 L0_BLACKLIST=1
2026-10-02 20:33:35,14530,8.27,4982,15,2180,4665,9865,UDP_GREYLIST=4486 UDP_ENTROPY=179
2026-10-02 20:33:36,14377,8.26,4765,14,2013,4552,9825,UDP_GREYLIST=4425 UDP_ENTROPY=127
2026-10-02 20:33:37,13888,8.49,4707,14,1944,5042,8846,UDP_GREYLIST=4816 UDP_ENTROPY=224 WAR_REFLECTION=2
2026-10-02 20:33:38,7343,4.56,2842,17,1248,2397,4946,UDP_GREYLIST=2335 UDP_ENTROPY=60 L0_BLACKLIST=2
2026-10-02 20:33:39,687,0.98,1,100,687,1,686,hb
2026-10-02 20:33:45,8462,4.37,1015,73,6177,0,8462,
2026-10-02 20:33:46,12618,7.63,2370,59,7445,539,12079,UDP_ENTROPY=538 L0_BLACKLIST=1
2026-10-02 20:33:47,13103,7.91,3967,32,4193,4344,8759,UDP_GREYLIST=4084 UDP_ENTROPY=259 L0_BLACKLIST=1
2026-10-02 20:33:48,12812,7.28,4472,24,3075,4168,8644,UDP_GREYLIST=4020 UDP_ENTROPY=148
2026-10-02 20:33:49,13355,7.88,3982,28,3739,3922,9433,UDP_GREYLIST=3666 UDP_ENTROPY=256
2026-10-02 20:33:50,13232,7.38,3876,28,3705,3985,9247,UDP_GREYLIST=3816 UDP_ENTROPY=169
2026-10-02 20:33:51,13559,8.15,4371,24,3254,4414,9145,UDP_GREYLIST=4167 UDP_ENTROPY=247
2026-10-02 20:33:52,13090,7.44,4719,20,2618,4387,8703,UDP_GREYLIST=4255 UDP_ENTROPY=132
2026-10-02 20:33:53,13360,7.5,4740,19,2538,4392,8968,UDP_GREYLIST=4258 UDP_ENTROPY=134
2026-10-02 20:33:54,13269,7.44,4296,22,2919,4256,9013,UDP_GREYLIST=4085 UDP_ENTROPY=171
2026-10-02 20:33:55,13543,7.94,4066,27,3657,4114,9429,UDP_GREYLIST=3883 UDP_ENTROPY=230 L0_BLACKLIST=1
2026-10-02 20:33:56,13421,7.82,4206,27,3624,4146,9275,UDP_GREYLIST=3945 UDP_ENTROPY=201
2026-10-02 20:33:57,13489,7.8,4504,23,3102,4325,9164,UDP_GREYLIST=4124 UDP_ENTROPY=201
2026-10-02 20:33:58,13638,7.89,4423,24,3273,4145,9493,UDP_GREYLIST=3951 UDP_ENTROPY=193 L0_BLACKLIST=1
2026-10-02 20:33:59,13507,7.83,4350,22,2972,4349,9158,UDP_GREYLIST=4170 UDP_ENTROPY=179
2026-10-02 20:34:00,13251,7.49,4433,20,2650,4439,8812,UDP_GREYLIST=4260 UDP_ENTROPY=178 L2_UDP_CLOSED_PORT=1
2026-10-02 20:34:01,13405,7.75,4450,22,2949,4376,9029,UDP_GREYLIST=4195 UDP_ENTROPY=180 L0_BLACKLIST=1
2026-10-02 20:34:02,13640,7.92,4549,23,3137,4245,9395,UDP_GREYLIST=4056 UDP_ENTROPY=189
2026-10-02 20:34:03,13696,7.89,4538,22,3013,4278,9418,UDP_GREYLIST=4093 UDP_ENTROPY=184 WAR_REFLECTION=1
2026-10-02 20:34:04,13453,7.45,4532,20,2691,4415,9038,UDP_GREYLIST=4264 UDP_ENTROPY=149 L0_BLACKLIST=2
2026-10-02 20:34:05,13564,7.79,4172,24,3255,4247,9317,UDP_GREYLIST=4038 UDP_ENTROPY=209
2026-10-02 20:34:06,13401,7.83,4658,19,2546,4595,8806,UDP_GREYLIST=4430 UDP_ENTROPY=165
2026-10-02 20:34:07,13168,7.65,4768,19,2502,4479,8689,UDP_GREYLIST=4316 UDP_ENTROPY=163
2026-10-02 20:34:08,13457,7.97,4751,18,2422,4473,8984,UDP_GREYLIST=4293 UDP_ENTROPY=180
2026-10-02 20:34:09,13852,7.65,4657,17,2355,4487,9365,UDP_GREYLIST=4367 UDP_ENTROPY=120
2026-10-02 20:34:10,14095,8.1,4497,19,2678,4457,9638,UDP_GREYLIST=4268 UDP_ENTROPY=189
2026-10-02 20:34:11,13890,8.18,4786,17,2361,4756,9134,UDP_GREYLIST=4610 UDP_ENTROPY=146
2026-10-02 20:34:12,14126,8.2,5003,16,2260,4689,9437,UDP_GREYLIST=4516 UDP_ENTROPY=172 WAR_REFLECTION=1
2026-10-02 20:34:13,13997,7.88,4875,16,2240,4538,9459,UDP_GREYLIST=4413 UDP_ENTROPY=124 WAR_REFLECTION=1
2026-10-02 20:34:14,14142,8.07,5073,10,1414,4824,9318,UDP_GREYLIST=4687 UDP_ENTROPY=137
2026-10-02 20:34:15,5457,3.39,1809,15,819,1562,3895,UDP_GREYLIST=1517 UDP_ENTROPY=43 L0_BLACKLIST=2
2026-10-02 20:34:16,656,1.11,0,99,649,4,652,hb
2026-10-02 20:34:46,676,0.43,1,100,676,0,676,hb
2026-10-02 20:35:16,612,0.32,0,100,612,6,606,hb
2026-10-02 20:35:28,3764,3.16,698,64,2409,385,3379,UDP_ENTROPY=384 L0_BLACKLIST=1
2026-10-02 20:35:29,16635,9.04,2989,52,8650,486,16149,UDP_ENTROPY=486
2026-10-02 20:35:30,16096,9.43,3973,30,4829,4343,11753,UDP_GREYLIST=4085 UDP_ENTROPY=257 L2_UDP_CLOSED_PORT=1
2026-10-02 20:35:31,15533,9.07,4705,21,3262,4606,10927,UDP_GREYLIST=4395 UDP_ENTROPY=211
2026-10-02 20:35:32,15604,9.31,4655,25,3901,4470,11134,UDP_GREYLIST=4195 UDP_ENTROPY=275
2026-10-02 20:35:33,15580,8.96,4718,23,3583,4411,11169,UDP_GREYLIST=4187 UDP_ENTROPY=224
2026-10-02 20:35:34,15703,9.24,4537,24,3769,4346,11357,UDP_GREYLIST=4101 UDP_ENTROPY=245
2026-10-02 20:35:35,15337,8.79,4596,20,3067,4543,10794,UDP_GREYLIST=4353 UDP_ENTROPY=190
2026-10-02 20:35:36,17051,10.16,5430,35,5968,5695,11356,UDP_GREYLIST=5370 UDP_ENTROPY=325
2026-10-02 20:35:37,17319,10.07,6343,31,5369,6577,10742,UDP_GREYLIST=6301 UDP_ENTROPY=276
2026-10-02 20:35:38,17221,10.05,6582,26,4477,6550,10671,UDP_GREYLIST=6321 UDP_ENTROPY=229
2026-10-02 20:35:39,16541,9.34,5803,26,4301,5583,10958,UDP_GREYLIST=5357 UDP_ENTROPY=226
2026-10-02 20:35:40,16385,9.54,5876,24,3932,5521,10864,UDP_GREYLIST=5281 UDP_ENTROPY=240
2026-10-02 20:35:41,16481,9.31,5894,25,4120,5631,10850,UDP_GREYLIST=5409 UDP_ENTROPY=222
2026-10-02 20:35:42,16171,9.12,5866,25,4043,5489,10682,UDP_GREYLIST=5279 UDP_ENTROPY=210
2026-10-02 20:35:43,16031,9.23,5943,23,3687,5615,10416,UDP_GREYLIST=5411 UDP_ENTROPY=204
2026-10-02 20:35:44,15679,9.04,5852,24,3763,5638,10041,UDP_GREYLIST=5429 UDP_ENTROPY=209
2026-10-02 20:35:45,15690,9.1,5857,24,3766,5708,9982,UDP_GREYLIST=5489 UDP_ENTROPY=219
2026-10-02 20:35:46,15878,8.79,5989,22,3493,5592,10286,UDP_GREYLIST=5400 UDP_ENTROPY=190 WAR_REFLECTION=2
2026-10-02 20:35:47,15596,8.87,6055,21,3275,5819,9777,UDP_GREYLIST=5652 UDP_ENTROPY=167
2026-10-02 20:35:48,15569,8.86,5862,23,3581,5575,9994,UDP_GREYLIST=5393 UDP_ENTROPY=182
2026-10-02 20:35:49,15852,9.32,6275,18,2853,6113,9739,UDP_GREYLIST=5920 UDP_ENTROPY=193
2026-10-02 20:35:50,15855,9.0,6340,17,2695,6186,9669,UDP_GREYLIST=6037 UDP_ENTROPY=149
2026-10-02 20:35:51,15256,8.95,6009,17,2594,5576,9680,UDP_GREYLIST=5413 UDP_ENTROPY=163
2026-10-02 20:35:52,15647,9.02,6209,16,2504,6139,9508,UDP_GREYLIST=5979 UDP_ENTROPY=159 L1_BOGON_SRC=1
2026-10-02 20:35:53,16051,9.01,6997,20,3210,6909,9142,UDP_GREYLIST=6745 UDP_ENTROPY=164
2026-10-02 20:35:54,15947,9.05,6926,22,3508,6997,8950,UDP_GREYLIST=6822 UDP_ENTROPY=175
2026-10-02 20:35:55,16105,9.34,7031,21,3382,7059,9046,UDP_GREYLIST=6860 UDP_ENTROPY=199
2026-10-02 20:35:56,16281,9.45,6491,22,3582,6169,10112,UDP_GREYLIST=5940 UDP_ENTROPY=229
2026-10-02 20:35:57,16453,9.31,6546,21,3455,5923,10530,UDP_GREYLIST=5745 UDP_ENTROPY=178
2026-10-02 20:35:58,16549,9.18,5816,22,3641,5730,10819,UDP_GREYLIST=5535 UDP_ENTROPY=195
2026-10-02 20:35:59,16238,9.67,4486,25,4060,4529,11709,UDP_GREYLIST=4226 UDP_ENTROPY=303
2026-10-02 20:36:00,16485,9.96,4707,25,4121,4538,11947,UDP_GREYLIST=4251 UDP_ENTROPY=286 L2_UDP_CLOSED_PORT=1
2026-10-02 20:36:01,16183,9.4,4611,26,4208,4277,11906,UDP_GREYLIST=4024 UDP_ENTROPY=253
2026-10-02 20:36:02,16358,9.33,4432,24,3926,4208,12150,UDP_GREYLIST=3943 UDP_ENTROPY=264 WAR_REFLECTION=1
2026-10-02 20:36:03,16261,9.65,4506,22,3577,4682,11579,UDP_GREYLIST=4465 UDP_ENTROPY=217
2026-10-02 20:36:04,16128,9.77,4507,26,4193,4557,11571,UDP_GREYLIST=4260 UDP_ENTROPY=297
2026-10-02 20:36:05,15639,9.15,4847,19,2971,4458,11181,UDP_GREYLIST=4270 UDP_ENTROPY=188
2026-10-02 20:36:06,663,1.06,0,99,656,2,661,hb
2026-10-02 20:36:36,616,0.35,1,100,616,1,615,hb
2026-10-02 20:36:40,15136,7.38,2184,58,8779,0,15136,
2026-10-02 20:36:41,15884,9.28,3706,43,6830,655,15229,UDP_ENTROPY=655
2026-10-02 20:36:42,15513,8.97,4618,25,3878,5012,10501,UDP_GREYLIST=4781 UDP_ENTROPY=231
2026-10-02 20:36:43,15838,8.81,4366,26,4118,4273,11565,UDP_GREYLIST=4045 UDP_ENTROPY=228
2026-10-02 20:36:44,15688,8.87,4296,25,3922,4369,11319,UDP_GREYLIST=4145 UDP_ENTROPY=224
2026-10-02 20:36:45,15442,9.27,4672,24,3706,4582,10860,UDP_GREYLIST=4318 UDP_ENTROPY=264
2026-10-02 20:36:46,15552,9.02,4866,22,3421,4573,10979,UDP_GREYLIST=4304 UDP_ENTROPY=269
2026-10-02 20:36:47,14864,8.58,4518,23,3419,4201,10663,UDP_GREYLIST=3989 UDP_ENTROPY=212
2026-10-02 20:36:48,13909,7.71,3596,20,2782,3522,10387,UDP_GREYLIST=3293 UDP_ENTROPY=229
2026-10-02 20:36:49,14084,8.02,3720,19,2676,3667,10417,UDP_GREYLIST=3457 UDP_ENTROPY=210
2026-10-02 20:36:50,13677,8.16,3846,22,3009,3546,10131,UDP_GREYLIST=3316 UDP_ENTROPY=230
2026-10-02 20:36:51,13363,7.74,3629,23,3073,2709,10654,UDP_GREYLIST=2486 UDP_ENTROPY=223
2026-10-02 20:36:52,12092,6.61,3038,24,2902,2678,9414,UDP_GREYLIST=2515 UDP_ENTROPY=163
2026-10-02 20:36:53,12871,7.44,3660,24,3089,2857,10014,UDP_GREYLIST=2659 UDP_ENTROPY=198
2026-10-02 20:36:54,13329,7.59,3193,24,3199,2782,10547,UDP_GREYLIST=2540 UDP_ENTROPY=242
2026-10-02 20:36:55,13555,7.71,3191,24,3253,2245,11310,UDP_GREYLIST=2066 UDP_ENTROPY=179
2026-10-02 20:36:56,12353,7.36,2608,24,2965,2621,9732,UDP_GREYLIST=2418 UDP_ENTROPY=203
2026-10-02 20:36:57,12218,7.4,2873,25,3054,2424,9794,UDP_GREYLIST=2163 UDP_ENTROPY=261
2026-10-02 20:36:58,12467,7.61,3086,27,3366,2290,10177,UDP_GREYLIST=1992 UDP_ENTROPY=297 L1_BOGON_SRC=1
2026-10-02 20:36:59,12507,6.9,3179,26,3252,2076,10431,UDP_GREYLIST=1890 UDP_ENTROPY=186
2026-10-02 20:37:00,12327,6.85,3097,26,3205,1999,10328,UDP_GREYLIST=1805 UDP_ENTROPY=193 L2_UDP_CLOSED_PORT=1
2026-10-02 20:37:01,12343,7.04,2883,27,3333,1939,10404,UDP_GREYLIST=1743 UDP_ENTROPY=196
2026-10-02 20:37:02,12370,7.19,2598,28,3464,1983,10387,UDP_GREYLIST=1770 UDP_ENTROPY=213
2026-10-02 20:37:03,12267,7.61,2476,27,3312,2532,9735,UDP_GREYLIST=2263 UDP_ENTROPY=269
2026-10-02 20:37:04,12167,7.16,2685,27,3285,2409,9758,UDP_GREYLIST=2153 UDP_ENTROPY=256
2026-10-02 20:37:05,12540,8.05,2928,28,3511,2356,10184,UDP_GREYLIST=1999 UDP_ENTROPY=357
2026-10-02 20:37:06,12343,6.98,2992,28,3456,2002,10341,UDP_GREYLIST=1763 UDP_ENTROPY=239
2026-10-02 20:37:07,12586,7.17,3090,27,3398,2058,10528,UDP_GREYLIST=1832 UDP_ENTROPY=226
2026-10-02 20:37:08,12695,7.52,2956,27,3428,2003,10692,UDP_GREYLIST=1764 UDP_ENTROPY=236 WAR_REFLECTION=3
2026-10-02 20:37:09,10709,6.62,2616,28,2999,1941,8768,UDP_GREYLIST=1707 UDP_ENTROPY=232 WAR_REFLECTION=2
2026-10-02 20:37:10,600,0.64,1,98,588,1,599,hb
2026-10-02 20:37:26,11407,5.37,1845,64,7300,0,11407,
2026-10-02 20:37:27,14617,8.69,3750,42,6139,619,13998,UDP_ENTROPY=619
2026-10-02 20:37:28,14444,8.0,4503,25,3611,4808,9636,UDP_GREYLIST=4659 UDP_ENTROPY=149
2026-10-02 20:37:29,14732,8.15,4390,26,3830,4210,10522,UDP_GREYLIST=4008 UDP_ENTROPY=202
2026-10-02 20:37:30,13879,8.23,4058,26,3609,4204,9675,UDP_GREYLIST=3932 UDP_ENTROPY=271 L2_UDP_CLOSED_PORT=1
2026-10-02 20:37:31,12579,7.28,3037,28,3522,2110,10469,UDP_GREYLIST=1863 UDP_ENTROPY=247
2026-10-02 20:37:32,12868,7.32,2927,29,3732,1962,10906,UDP_GREYLIST=1708 UDP_ENTROPY=254
2026-10-02 20:37:33,12495,7.46,2694,30,3748,1914,10581,UDP_GREYLIST=1675 UDP_ENTROPY=239
2026-10-02 20:37:34,12595,7.16,2406,27,3401,2017,10578,UDP_GREYLIST=1774 UDP_ENTROPY=243
2026-10-02 20:37:35,11352,7.43,2244,26,2952,2499,8853,UDP_GREYLIST=2190 UDP_ENTROPY=309
2026-10-02 20:37:36,13702,7.54,2833,29,3974,2624,11078,UDP_GREYLIST=2448 UDP_ENTROPY=176
2026-10-02 20:37:37,14588,8.33,4799,24,3501,4495,10093,UDP_GREYLIST=4316 UDP_ENTROPY=179
2026-10-02 20:37:38,14312,7.94,4796,23,3292,4378,9934,UDP_GREYLIST=4225 UDP_ENTROPY=153
2026-10-02 20:37:39,14639,8.1,4335,26,3806,4065,10574,UDP_GREYLIST=3845 UDP_ENTROPY=220
2026-10-02 20:37:40,14896,8.37,4034,26,3873,4032,10864,UDP_GREYLIST=3854 UDP_ENTROPY=178
2026-10-02 20:37:41,14549,8.34,4182,28,4074,4347,10202,UDP_GREYLIST=4096 UDP_ENTROPY=251
2026-10-02 20:37:42,14777,8.44,4264,31,4581,4001,10776,UDP_GREYLIST=3745 UDP_ENTROPY=256
2026-10-02 20:37:43,15015,8.62,4247,32,4805,4001,11014,UDP_GREYLIST=3767 UDP_ENTROPY=234
2026-10-02 20:37:44,15165,8.3,3974,32,4853,3794,11371,UDP_GREYLIST=3594 UDP_ENTROPY=200
2026-10-02 20:37:45,15037,8.47,3678,34,5113,3753,11284,UDP_GREYLIST=3504 UDP_ENTROPY=249
2026-10-02 20:37:46,12393,7.57,2843,35,4338,2950,9443,UDP_GREYLIST=2654 UDP_ENTROPY=296
2026-10-02 20:37:47,13765,7.1,2868,35,4818,2070,11695,UDP_GREYLIST=1875 UDP_ENTROPY=194 WAR_REFLECTION=1
2026-10-02 20:37:48,14870,8.42,4087,29,4312,4237,10633,UDP_GREYLIST=4043 UDP_ENTROPY=193 WAR_REFLECTION=1
2026-10-02 20:37:49,14419,7.91,4773,19,2740,4700,9719,UDP_GREYLIST=4559 UDP_ENTROPY=141
2026-10-02 20:37:50,14741,8.44,4822,22,3243,4565,10176,UDP_GREYLIST=4394 UDP_ENTROPY=171
2026-10-02 20:37:51,14820,8.18,5004,19,2816,4626,10194,UDP_GREYLIST=4471 UDP_ENTROPY=155
2026-10-02 20:37:52,14530,8.17,5009,14,2034,4685,9845,UDP_GREYLIST=4556 UDP_ENTROPY=129
2026-10-02 20:37:53,14592,8.21,4789,15,2189,4798,9794,UDP_GREYLIST=4647 UDP_ENTROPY=151
2026-10-02 20:37:54,14188,7.74,4915,14,1986,4944,9244,UDP_GREYLIST=4786 UDP_ENTROPY=158
2026-10-02 20:37:55,13692,7.59,5027,15,2054,4819,8873,UDP_GREYLIST=4685 UDP_ENTROPY=134
2026-10-02 20:37:56,3520,2.1,1765,24,845,1062,2458,UDP_GREYLIST=1058 UDP_ENTROPY=4
2026-10-02 20:37:57,599,0.55,0,99,593,2,597,hb
2026-10-02 20:38:08,11257,5.38,1953,57,6416,0,11257,
2026-10-02 20:38:09,13626,7.96,3381,46,6268,602,13024,UDP_ENTROPY=602
2026-10-02 20:38:10,13577,7.93,4153,27,3666,4431,9146,UDP_GREYLIST=4281 UDP_ENTROPY=150
2026-10-02 20:38:11,13834,7.73,4057,26,3597,3967,9867,UDP_GREYLIST=3799 UDP_ENTROPY=168
2026-10-02 20:38:12,13625,8.07,3815,29,3951,4117,9508,UDP_GREYLIST=3869 UDP_ENTROPY=248
2026-10-02 20:38:13,13201,7.72,3722,36,4752,3738,9463,UDP_GREYLIST=3456 UDP_ENTROPY=282
2026-10-02 20:38:14,13826,8.4,3840,35,4839,3791,10035,UDP_GREYLIST=3492 UDP_ENTROPY=299
2026-10-02 20:38:15,13719,8.15,4292,28,3841,4094,9625,UDP_GREYLIST=3860 UDP_ENTROPY=234
2026-10-02 20:38:16,13634,8.05,4235,26,3545,4107,9527,UDP_GREYLIST=3882 UDP_ENTROPY=225
2026-10-02 20:38:17,13826,7.87,4043,25,3456,4067,9759,UDP_GREYLIST=3876 UDP_ENTROPY=191
2026-10-02 20:38:18,13346,7.7,3876,28,3737,4087,9259,UDP_GREYLIST=3887 UDP_ENTROPY=200
2026-10-02 20:38:19,13651,7.93,4238,26,3549,4135,9516,UDP_GREYLIST=3898 UDP_ENTROPY=237
2026-10-02 20:38:20,13671,8.05,4203,31,4238,3928,9743,UDP_GREYLIST=3700 UDP_ENTROPY=228
2026-10-02 20:38:21,14692,8.18,4140,32,4701,3864,10828,UDP_GREYLIST=3651 UDP_ENTROPY=213
2026-10-02 20:38:22,14781,8.17,3904,33,4878,3778,11003,UDP_GREYLIST=3537 UDP_ENTROPY=241
2026-10-02 20:38:23,14794,8.27,3751,34,5030,3822,10972,UDP_GREYLIST=3599 UDP_ENTROPY=223
2026-10-02 20:38:24,14627,8.49,3742,37,5412,3739,10888,UDP_GREYLIST=3483 UDP_ENTROPY=256
2026-10-02 20:38:25,14555,8.46,4034,35,5094,3924,10631,UDP_GREYLIST=3647 UDP_ENTROPY=273 WAR_REFLECTION=4
2026-10-02 20:38:26,14797,8.36,4596,25,3699,4354,10443,UDP_GREYLIST=4160 UDP_ENTROPY=194
2026-10-02 20:38:27,15247,8.34,4634,21,3202,4402,10845,UDP_GREYLIST=4244 UDP_ENTROPY=158
2026-10-02 20:38:28,15466,8.95,4526,21,3248,4559,10907,UDP_GREYLIST=4358 UDP_ENTROPY=201
2026-10-02 20:38:29,15181,8.59,4795,17,2581,4756,10425,UDP_GREYLIST=4603 UDP_ENTROPY=153
2026-10-02 20:38:30,15203,8.89,5230,14,2128,5061,10142,UDP_GREYLIST=4886 UDP_ENTROPY=174 L2_UDP_CLOSED_PORT=1
2026-10-02 20:38:31,15252,8.82,5252,16,2440,4842,10410,UDP_GREYLIST=4699 UDP_ENTROPY=143
2026-10-02 20:38:32,15280,8.82,5167,15,2292,4796,10484,UDP_GREYLIST=4639 UDP_ENTROPY=157
2026-10-02 20:38:33,15264,8.49,5075,13,1984,4764,10500,UDP_GREYLIST=4634 UDP_ENTROPY=130
2026-10-02 20:38:34,15325,8.81,4987,13,1992,4971,10354,UDP_GREYLIST=4794 UDP_ENTROPY=177
2026-10-02 20:38:35,15193,8.71,4971,14,2127,4950,10243,UDP_GREYLIST=4768 UDP_ENTROPY=179 WAR_REFLECTION=3
2026-10-02 20:38:36,15026,8.76,5472,10,1503,5259,9767,UDP_GREYLIST=5095 UDP_ENTROPY=164
2026-10-02 20:38:37,14744,8.41,5786,6,885,5267,9477,UDP_GREYLIST=5169 UDP_ENTROPY=98
2026-10-02 20:38:38,2970,1.76,1257,17,505,642,2328,UDP_GREYLIST=626 UDP_ENTROPY=15 L0_BLACKLIST=1
2026-10-02 20:38:39,449,0.5,1,99,445,10,439,hb
2026-10-02 20:39:08,681,0.48,2,99,674,0,681,hb
2026-10-02 20:39:09,517,0.56,1,99,512,2,515,hb
2026-10-02 20:39:17,3160,3.05,689,61,1928,482,2678,UDP_ENTROPY=481 L0_BLACKLIST=1
2026-10-02 20:39:18,18397,10.34,2900,55,10118,614,17783,UDP_ENTROPY=613 L0_BLACKLIST=1
2026-10-02 20:39:19,16809,10.09,4113,36,6051,4564,12245,UDP_GREYLIST=4228 UDP_ENTROPY=336
2026-10-02 20:39:20,17074,10.2,4918,26,4439,4672,12402,UDP_GREYLIST=4368 UDP_ENTROPY=304
2026-10-02 20:39:21,18430,10.58,5155,27,4976,4719,13711,UDP_GREYLIST=4404 UDP_ENTROPY=315
2026-10-02 20:39:22,16914,9.33,4257,32,5412,3759,13155,UDP_GREYLIST=3506 UDP_ENTROPY=253
2026-10-02 20:39:23,16924,9.53,3982,33,5585,3999,12925,UDP_GREYLIST=3705 UDP_ENTROPY=294
2026-10-02 20:39:24,17257,9.77,4181,31,5350,4235,13022,UDP_GREYLIST=3949 UDP_ENTROPY=286
2026-10-02 20:39:25,16742,9.8,4866,22,3683,4849,11893,UDP_GREYLIST=4549 UDP_ENTROPY=300
2026-10-02 20:39:26,16610,9.47,4965,22,3654,4581,12029,UDP_GREYLIST=4373 UDP_ENTROPY=208
2026-10-02 20:39:27,16593,9.49,4684,26,4314,4327,12266,UDP_GREYLIST=4081 UDP_ENTROPY=246
2026-10-02 20:39:28,16755,9.37,4336,26,4356,4187,12568,UDP_GREYLIST=3938 UDP_ENTROPY=249
2026-10-02 20:39:29,16416,9.54,4203,29,4761,4214,12202,UDP_GREYLIST=3965 UDP_ENTROPY=249
2026-10-02 20:39:30,16336,9.23,4066,32,5228,4119,12217,UDP_GREYLIST=3851 UDP_ENTROPY=267 L2_UDP_CLOSED_PORT=1
2026-10-02 20:39:31,16381,9.67,4350,32,5242,4244,12137,UDP_GREYLIST=3919 UDP_ENTROPY=325
2026-10-02 20:39:32,16444,9.51,4257,33,5427,4005,12439,UDP_GREYLIST=3699 UDP_ENTROPY=305 L0_BLACKLIST=1
2026-10-02 20:39:33,16499,9.58,3991,35,5775,3812,12687,UDP_GREYLIST=3488 UDP_ENTROPY=324
2026-10-02 20:39:34,16201,9.06,3784,37,5994,3772,12429,UDP_GREYLIST=3487 UDP_ENTROPY=285
2026-10-02 20:39:35,16066,9.18,4177,29,4659,4217,11849,UDP_GREYLIST=3971 UDP_ENTROPY=242 WAR_REFLECTION=4
2026-10-02 20:39:36,15841,9.3,4774,22,3485,4824,11017,UDP_GREYLIST=4584 UDP_ENTROPY=240
2026-10-02 20:39:37,16020,9.37,5019,23,3685,4695,11325,UDP_GREYLIST=4467 UDP_ENTROPY=228
2026-10-02 20:39:38,15914,8.98,5012,22,3501,4600,11314,UDP_GREYLIST=4394 UDP_ENTROPY=206
2026-10-02 20:39:39,15701,8.75,5080,15,2355,4735,10966,UDP_GREYLIST=4584 UDP_ENTROPY=151
2026-10-02 20:39:40,15428,9.02,4869,16,2468,4884,10544,UDP_GREYLIST=4704 UDP_ENTROPY=180
2026-10-02 20:39:41,15561,8.75,4984,15,2334,4935,10626,UDP_GREYLIST=4796 UDP_ENTROPY=139
2026-10-02 20:39:42,15466,8.99,5295,14,2165,5069,10397,UDP_GREYLIST=4885 UDP_ENTROPY=183 L0_BLACKLIST=1
2026-10-02 20:39:43,15247,8.77,5677,10,1525,5211,10036,UDP_GREYLIST=5062 UDP_ENTROPY=149
2026-10-02 20:39:44,15579,8.94,5682,10,1558,5182,10397,UDP_GREYLIST=5028 UDP_ENTROPY=154
2026-10-02 20:39:45,15535,8.6,5238,11,1709,4965,10570,UDP_GREYLIST=4828 UDP_ENTROPY=134 WAR_REFLECTION=3
2026-10-02 20:39:46,15061,8.73,5229,7,1054,5132,9929,UDP_GREYLIST=4992 UDP_ENTROPY=140
2026-10-02 20:39:47,11534,6.55,4027,7,807,3887,7647,UDP_GREYLIST=3803 UDP_ENTROPY=84
2026-10-02 20:39:48,455,0.6,2,98,446,4,451,hb
2026-10-02 20:39:54,8409,4.14,1395,60,5045,0,8409,
2026-10-02 20:39:55,14071,8.28,3196,49,6895,576,13495,UDP_ENTROPY=575 L0_BLACKLIST=1
2026-10-02 20:39:56,14104,7.93,4314,30,4231,4648,9456,UDP_GREYLIST=4446 UDP_ENTROPY=202
2026-10-02 20:39:57,14567,8.45,4489,26,3787,4234,10333,UDP_GREYLIST=4011 UDP_ENTROPY=223
2026-10-02 20:39:58,14761,8.19,4071,29,4281,3947,10814,UDP_GREYLIST=3750 UDP_ENTROPY=197
2026-10-02 20:39:59,14990,8.47,3767,35,5246,3833,11157,UDP_GREYLIST=3585 UDP_ENTROPY=248
2026-10-02 20:40:00,14943,8.64,3946,34,5081,4032,10911,UDP_GREYLIST=3766 UDP_ENTROPY=265 L2_UDP_CLOSED_PORT=1
2026-10-02 20:40:01,14605,8.49,4544,26,3797,4345,10260,UDP_GREYLIST=4123 UDP_ENTROPY=221 L0_BLACKLIST=1
2026-10-02 20:40:02,14616,8.29,4817,22,3216,4445,10171,UDP_GREYLIST=4282 UDP_ENTROPY=162 L0_BLACKLIST=1
2026-10-02 20:40:03,14437,8.02,4547,22,3176,4303,10134,UDP_GREYLIST=4151 UDP_ENTROPY=150 L0_BLACKLIST=2
2026-10-02 20:40:04,14589,8.47,4261,25,3647,4288,10301,UDP_GREYLIST=4065 UDP_ENTROPY=223
2026-10-02 20:40:05,14539,8.3,4239,27,3926,4239,10300,UDP_GREYLIST=4043 UDP_ENTROPY=195 L0_BLACKLIST=1
2026-10-02 20:40:06,14519,8.35,4293,30,4356,4180,10339,UDP_GREYLIST=3937 UDP_ENTROPY=243
2026-10-02 20:40:07,14425,8.19,4271,31,4472,4031,10394,UDP_GREYLIST=3795 UDP_ENTROPY=236
2026-10-02 20:40:08,14678,8.56,4201,30,4403,4001,10677,UDP_GREYLIST=3751 UDP_ENTROPY=250
2026-10-02 20:40:09,14799,8.29,3963,32,4736,3915,10884,UDP_GREYLIST=3666 UDP_ENTROPY=249
2026-10-02 20:40:10,14682,8.36,3748,35,5139,3760,10922,UDP_GREYLIST=3523 UDP_ENTROPY=237
2026-10-02 20:40:11,14339,8.38,3817,34,4875,3940,10399,UDP_GREYLIST=3674 UDP_ENTROPY=262 WAR_REFLECTION=4
2026-10-02 20:40:12,14652,8.51,4485,28,4103,4318,10334,UDP_GREYLIST=4100 UDP_ENTROPY=218
2026-10-02 20:40:13,14509,8.23,4746,23,3337,4368,10141,UDP_GREYLIST=4202 UDP_ENTROPY=166
2026-10-02 20:40:14,14826,8.36,4581,23,3410,4334,10492,UDP_GREYLIST=4173 UDP_ENTROPY=161
2026-10-02 20:40:15,14753,8.51,4559,21,3098,4560,10193,UDP_GREYLIST=4376 UDP_ENTROPY=184
2026-10-02 20:40:16,14196,7.99,4689,18,2555,4657,9539,UDP_GREYLIST=4483 UDP_ENTROPY=173 L1_BOGON_SRC=1
2026-10-02 20:40:17,13907,8.17,4798,18,2503,4709,9198,UDP_GREYLIST=4524 UDP_ENTROPY=185
2026-10-02 20:40:18,14286,8.28,5062,17,2429,4690,9596,UDP_GREYLIST=4536 UDP_ENTROPY=154
2026-10-02 20:40:19,14782,8.47,5016,17,2513,4677,10105,UDP_GREYLIST=4492 UDP_ENTROPY=185
2026-10-02 20:40:20,14809,8.21,5134,13,1925,4927,9882,UDP_GREYLIST=4781 UDP_ENTROPY=146
2026-10-02 20:40:21,14562,8.3,4920,12,1747,4787,9775,UDP_GREYLIST=4649 UDP_ENTROPY=137 WAR_REFLECTION=1
2026-10-02 20:40:22,15393,8.37,5354,13,2001,5184,10209,UDP_GREYLIST=5054 UDP_ENTROPY=130
2026-10-02 20:40:23,15308,8.85,5560,11,1684,5370,9938,UDP_GREYLIST=5209 UDP_ENTROPY=161
2026-10-02 20:40:24,7229,4.33,2894,14,1012,2067,5162,UDP_GREYLIST=2003 UDP_ENTROPY=63 L0_BLACKLIST=1
2026-10-02 20:40:25,440,0.42,1,98,431,3,437,hb
2026-10-02 20:40:55,143,0.11,0,100,143,2,141,hb
2026-10-02 20:41:09,12886,6.59,1899,52,6701,0,12886,
2026-10-02 20:41:10,17182,10.64,3251,47,8076,924,16258,UDP_ENTROPY=923 L0_BLACKLIST=1
2026-10-02 20:41:11,16872,10.58,4495,30,5062,5041,11831,UDP_GREYLIST=4657 UDP_ENTROPY=384
2026-10-02 20:41:12,16902,10.14,4880,27,4564,4488,12414,UDP_GREYLIST=4155 UDP_ENTROPY=333
2026-10-02 20:41:13,17635,10.19,4396,28,4938,4097,13538,UDP_GREYLIST=3740 UDP_ENTROPY=356 L0_BLACKLIST=1
2026-10-02 20:41:14,14875,9.08,3582,35,5206,3802,11073,UDP_GREYLIST=3406 UDP_ENTROPY=395 L0_BLACKLIST=1
2026-10-02 20:41:15,17167,10.51,4177,35,6008,4317,12850,UDP_GREYLIST=3899 UDP_ENTROPY=418
2026-10-02 20:41:16,17032,10.33,4905,27,4599,4617,12415,UDP_GREYLIST=4270 UDP_ENTROPY=346 L0_BLACKLIST=1
2026-10-02 20:41:17,17026,9.75,5076,22,3746,4569,12457,UDP_GREYLIST=4335 UDP_ENTROPY=234
2026-10-02 20:41:18,17326,9.96,4424,24,4158,4314,13012,UDP_GREYLIST=3991 UDP_ENTROPY=323
2026-10-02 20:41:19,16692,9.94,4214,26,4340,4578,12114,UDP_GREYLIST=4294 UDP_ENTROPY=284
2026-10-02 20:41:20,16830,10.17,4819,26,4376,4637,12193,UDP_GREYLIST=4306 UDP_ENTROPY=331
2026-10-02 20:41:21,16902,10.24,4811,28,4733,4430,12472,UDP_GREYLIST=4084 UDP_ENTROPY=340 L2_UDP_CLOSED_PORT=6
2026-10-02 20:41:22,16873,9.58,4261,31,5231,11914,4959,L2_UDP_CLOSED_PORT=11676 UDP_ENTROPY=237 L1_BOGON_SRC=1
2026-10-02 20:41:23,16912,9.68,4094,30,5074,12039,4873,L2_UDP_CLOSED_PORT=11842 UDP_ENTROPY=197
2026-10-02 20:41:24,16566,9.74,4259,31,5135,11634,4932,L2_UDP_CLOSED_PORT=11411 UDP_ENTROPY=223
2026-10-02 20:41:25,16753,10.09,4419,34,5696,11423,5330,L2_UDP_CLOSED_PORT=11134 UDP_ENTROPY=289
2026-10-02 20:41:26,16865,9.55,4254,34,5734,11343,5522,L2_UDP_CLOSED_PORT=11095 UDP_ENTROPY=248
2026-10-02 20:41:27,16766,9.76,4371,26,4359,12556,4210,L2_UDP_CLOSED_PORT=12382 UDP_ENTROPY=174
2026-10-02 20:41:28,16311,9.26,4579,21,3425,12932,3379,L2_UDP_CLOSED_PORT=12829 UDP_ENTROPY=103
2026-10-02 20:41:29,16358,9.63,5018,21,3435,13129,3229,L2_UDP_CLOSED_PORT=12961 UDP_ENTROPY=168
2026-10-02 20:41:30,16275,9.85,5184,22,3580,12945,3330,L2_UDP_CLOSED_PORT=12758 UDP_ENTROPY=187
2026-10-02 20:41:31,16135,9.05,5066,19,3066,13251,2884,L2_UDP_CLOSED_PORT=13133 UDP_ENTROPY=118
2026-10-02 20:41:32,16194,9.09,4638,19,3077,13153,3041,L2_UDP_CLOSED_PORT=13046 UDP_ENTROPY=107
2026-10-02 20:41:33,15661,9.38,4613,19,2976,12817,2844,L2_UDP_CLOSED_PORT=12672 UDP_ENTROPY=145
2026-10-02 20:41:34,15784,9.4,5124,20,3157,12828,2956,L2_UDP_CLOSED_PORT=12678 UDP_ENTROPY=150
2026-10-02 20:41:35,15788,9.26,5390,16,2526,13412,2376,L2_UDP_CLOSED_PORT=13314 UDP_ENTROPY=98
2026-10-02 20:41:36,15935,8.79,5119,15,2390,13703,2232,L2_UDP_CLOSED_PORT=13622 UDP_ENTROPY=81
2026-10-02 20:41:37,16029,9.2,4742,15,2404,13669,2360,L2_UDP_CLOSED_PORT=13580 UDP_ENTROPY=89
2026-10-02 20:41:38,15605,9.08,5457,14,2185,13548,2057,L2_UDP_CLOSED_PORT=13455 UDP_ENTROPY=93
2026-10-02 20:41:39,200,0.24,84,66,132,73,127,L2_UDP_CLOSED_PORT=69 UDP_ENTROPY=4
2026-10-02 20:41:45,102,0.11,1,78,80,21,81,TCP_OUT_OF_STATE=21
2026-10-02 20:41:55,85,0.25,0,100,85,0,85,hb
2026-10-02 20:42:16,15668,10.1,2680,49,7677,8361,7307,L2_UDP_CLOSED_PORT=7933 UDP_ENTROPY=428
2026-10-02 20:42:17,17893,10.66,3996,35,6263,11818,6075,L2_UDP_CLOSED_PORT=11556 UDP_ENTROPY=262
2026-10-02 20:42:18,16710,9.83,4419,23,3843,13100,3610,L2_UDP_CLOSED_PORT=12944 UDP_ENTROPY=156
2026-10-02 20:42:19,17161,10.54,4738,26,4462,12957,4204,L2_UDP_CLOSED_PORT=12784 UDP_ENTROPY=173
2026-10-02 20:42:20,18049,10.48,4712,29,5234,13010,5039,L2_UDP_CLOSED_PORT=12799 UDP_ENTROPY=211
2026-10-02 20:42:21,17885,10.29,4475,32,5723,12360,5525,L2_UDP_CLOSED_PORT=12131 UDP_ENTROPY=229
2026-10-02 20:42:22,17068,9.17,4526,28,4779,12366,4702,L2_UDP_CLOSED_PORT=12239 UDP_ENTROPY=127
2026-10-02 20:42:23,18326,10.49,5762,30,5498,13054,5272,L2_UDP_CLOSED_PORT=12843 UDP_ENTROPY=211
2026-10-02 20:42:24,18031,10.19,6652,27,4868,13299,4732,L2_UDP_CLOSED_PORT=13131 UDP_ENTROPY=168
2026-10-02 20:42:25,17936,10.22,7443,20,3587,14413,3523,L2_UDP_CLOSED_PORT=14266 UDP_ENTROPY=147
2026-10-02 20:42:26,17995,10.21,7586,21,3779,14306,3689,L2_UDP_CLOSED_PORT=14167 UDP_ENTROPY=139
2026-10-02 20:42:27,17997,9.96,7302,23,4139,14011,3986,L2_UDP_CLOSED_PORT=13872 UDP_ENTROPY=138 L1_BOGON_SRC=1
2026-10-02 20:42:28,16238,9.43,6524,26,4222,12113,4125,L2_UDP_CLOSED_PORT=11977 UDP_ENTROPY=136
2026-10-02 20:42:29,18217,10.43,6881,26,4736,13708,4509,L2_UDP_CLOSED_PORT=13549 UDP_ENTROPY=159
2026-10-02 20:42:30,17554,10.15,7416,19,3335,14296,3258,L2_UDP_CLOSED_PORT=14160 UDP_ENTROPY=136
2026-10-02 20:42:31,17657,10.05,7649,18,3178,14629,3028,L2_UDP_CLOSED_PORT=14497 UDP_ENTROPY=132
2026-10-02 20:42:32,17445,9.95,7367,21,3663,13886,3559,L2_UDP_CLOSED_PORT=13757 UDP_ENTROPY=129
2026-10-02 20:42:33,15944,8.93,7182,19,3029,13049,2895,L2_UDP_CLOSED_PORT=12967 UDP_ENTROPY=82
2026-10-02 20:42:34,10274,5.83,4525,20,2055,8290,1984,L2_UDP_CLOSED_PORT=8223 UDP_ENTROPY=67
2026-10-02 20:42:35,7267,4.2,3216,23,1671,5664,1603,L2_UDP_CLOSED_PORT=5620 UDP_ENTROPY=44
2026-10-02 20:42:36,7702,4.5,3307,22,1694,6077,1625,L2_UDP_CLOSED_PORT=6013 UDP_ENTROPY=64
2026-10-02 20:42:37,7135,4.07,2981,22,1570,5656,1479,L2_UDP_CLOSED_PORT=5602 UDP_ENTROPY=54
2026-10-02 20:42:38,7005,4.17,2996,20,1401,5637,1368,L2_UDP_CLOSED_PORT=5587 UDP_ENTROPY=50
2026-10-02 20:42:39,6703,4.08,2894,26,1743,5047,1656,L2_UDP_CLOSED_PORT=4981 UDP_ENTROPY=66
2026-10-02 20:42:40,6960,4.18,3010,25,1740,5300,1660,L2_UDP_CLOSED_PORT=5242 UDP_ENTROPY=58
2026-10-02 20:42:41,4475,2.38,1946,24,1074,3412,1063,L2_UDP_CLOSED_PORT=3386 UDP_ENTROPY=26
2026-10-02 20:42:42,1047,0.74,290,46,482,581,466,L2_UDP_CLOSED_PORT=566 UDP_ENTROPY=15
2026-10-02 20:42:43,1143,0.75,336,48,549,618,525,L2_UDP_CLOSED_PORT=599 UDP_ENTROPY=19
2026-10-02 20:42:44,711,0.5,225,40,284,434,277,L2_UDP_CLOSED_PORT=426 UDP_ENTROPY=8
2026-10-02 20:42:45,509,0.43,142,53,270,243,266,L2_UDP_CLOSED_PORT=239 UDP_ENTROPY=4
2026-10-02 20:42:46,609,0.46,142,36,219,394,215,L2_UDP_CLOSED_PORT=388 UDP_ENTROPY=6
2026-10-02 20:42:47,636,0.49,105,47,299,343,293,L2_UDP_CLOSED_PORT=336 UDP_ENTROPY=7
2026-10-02 20:42:48,477,0.41,105,45,215,270,207,L2_UDP_CLOSED_PORT=263 UDP_ENTROPY=7
2026-10-02 20:42:49,439,0.33,83,47,206,235,204,L2_UDP_CLOSED_PORT=234 UDP_ENTROPY=1
2026-10-02 20:42:50,323,0.22,91,38,123,202,121,L2_UDP_CLOSED_PORT=199 UDP_ENTROPY=3
2026-10-02 20:42:51,291,0.24,70,31,90,201,90,L2_UDP_CLOSED_PORT=201
2026-10-02 20:42:52,49,0.15,7,55,27,22,27,L2_UDP_CLOSED_PORT=22
2026-10-02 20:42:53,14,0.09,0,100,14,0,14,hb
2026-10-02 20:43:23,49,0.17,0,100,49,0,49,hb
2026-10-02 20:43:31,5038,56.61,46,1,50,4982,56,L2_UDP_CLOSED_PORT=4982
2026-10-02 20:43:32,19027,215.6,52,0,0,18975,52,L2_UDP_CLOSED_PORT=18975
2026-10-02 20:43:33,17970,203.14,54,0,0,17891,79,L2_UDP_CLOSED_PORT=17890 L1_BOGON_SRC=1
2026-10-02 20:43:34,19186,217.31,54,0,0,19144,42,L2_UDP_CLOSED_PORT=19144
2026-10-02 20:43:35,19486,220.61,56,0,0,19428,58,L2_UDP_CLOSED_PORT=19428
2026-10-02 20:43:36,19228,217.85,52,0,0,19202,26,L2_UDP_CLOSED_PORT=19202
2026-10-02 20:43:37,19588,221.63,54,0,0,19505,83,L2_UDP_CLOSED_PORT=19505
2026-10-02 20:43:38,19095,216.47,52,0,0,19054,41,L2_UDP_CLOSED_PORT=19054
2026-10-02 20:43:39,19551,221.49,52,0,0,19505,46,L2_UDP_CLOSED_PORT=19505
2026-10-02 20:43:40,18844,213.69,52,0,0,18820,24,L2_UDP_CLOSED_PORT=18820
2026-10-02 20:43:41,19421,220.38,54,0,0,19407,14,L2_UDP_CLOSED_PORT=19407
2026-10-02 20:43:42,19112,216.23,50,0,0,19032,80,L2_UDP_CLOSED_PORT=19032
2026-10-02 20:43:43,19776,223.86,53,0,0,19700,76,L2_UDP_CLOSED_PORT=19700
2026-10-02 20:43:44,19134,216.42,49,1,191,19043,91,L2_UDP_CLOSED_PORT=19043
2026-10-02 20:43:45,19528,220.79,52,0,0,19447,81,L2_UDP_CLOSED_PORT=19447
2026-10-02 20:43:46,18313,207.18,53,0,0,18283,30,L2_UDP_CLOSED_PORT=18283
2026-10-02 20:43:47,10245,115.07,45,1,102,10125,120,L2_UDP_CLOSED_PORT=10125
2026-10-02 20:43:48,9632,107.98,40,1,96,9517,115,L2_UDP_CLOSED_PORT=9517
2026-10-02 20:43:49,8501,94.95,37,1,85,8393,108,L2_UDP_CLOSED_PORT=8393
2026-10-02 20:43:50,9547,107.26,37,1,95,9445,102,L2_UDP_CLOSED_PORT=9445
2026-10-02 20:43:51,8063,90.06,37,1,81,7965,98,L2_UDP_CLOSED_PORT=7964 TCP_OUT_OF_STATE=1
2026-10-02 20:43:52,9124,102.03,38,1,91,9033,91,L2_UDP_CLOSED_PORT=9033
2026-10-02 20:43:53,8581,96.05,39,2,172,8432,149,L2_UDP_CLOSED_PORT=8432
2026-10-02 20:43:54,8943,100.26,37,1,89,8865,78,L2_UDP_CLOSED_PORT=8865
2026-10-02 20:43:55,8833,98.71,38,2,177,8630,203,L2_UDP_CLOSED_PORT=8630
2026-10-02 20:43:56,9519,50.57,604,25,2380,7379,2140,L2_UDP_CLOSED_PORT=7183 UDP_ENTROPY=196
2026-10-02 20:43:57,5366,14.47,799,27,1449,3992,1374,L2_UDP_CLOSED_PORT=3932 UDP_ENTROPY=60
2026-10-02 20:43:58,3838,14.1,537,19,729,3132,706,L2_UDP_CLOSED_PORT=3117 UDP_ENTROPY=15
2026-10-02 20:43:59,4140,14.28,517,21,869,3304,836,L2_UDP_CLOSED_PORT=3277 UDP_ENTROPY=27
2026-10-02 20:44:00,5005,19.31,461,19,951,4089,916,L2_UDP_CLOSED_PORT=4053 UDP_ENTROPY=36
2026-10-02 20:44:01,5820,26.12,399,18,1048,4846,974,L2_UDP_CLOSED_PORT=4791 UDP_ENTROPY=55
2026-10-02 20:44:02,4874,23.65,351,16,780,4141,733,L2_UDP_CLOSED_PORT=4077 UDP_ENTROPY=64
2026-10-02 20:44:03,4432,17.16,359,19,842,3640,792,L2_UDP_CLOSED_PORT=3597 UDP_ENTROPY=43
2026-10-02 20:44:04,5118,18.45,413,23,1177,4045,1073,L2_UDP_CLOSED_PORT=3925 UDP_ENTROPY=120
2026-10-02 20:44:05,6333,20.8,410,30,1900,4506,1827,L2_UDP_CLOSED_PORT=4453 UDP_ENTROPY=53
2026-10-02 20:44:06,4525,19.66,350,18,814,3742,783,L2_UDP_CLOSED_PORT=3722 UDP_ENTROPY=20
2026-10-02 20:44:07,4120,17.81,380,8,330,3805,315,L2_UDP_CLOSED_PORT=3792 UDP_ENTROPY=13
2026-10-02 20:44:08,3808,16.93,341,9,343,3504,304,L2_UDP_CLOSED_PORT=3486 UDP_ENTROPY=18
2026-10-02 20:44:09,3271,17.96,250,12,393,2902,369,L2_UDP_CLOSED_PORT=2890 UDP_ENTROPY=12
2026-10-02 20:44:10,3039,17.3,238,7,213,2852,187,L2_UDP_CLOSED_PORT=2835 UDP_ENTROPY=17
2026-10-02 20:44:11,2850,16.73,207,8,228,2632,218,L2_UDP_CLOSED_PORT=2626 UDP_ENTROPY=6
2026-10-02 20:44:12,2037,12.04,232,5,102,1930,107,L2_UDP_CLOSED_PORT=1925 UDP_ENTROPY=5
2026-10-02 20:44:13,3056,12.54,499,20,611,2530,526,L2_UDP_CLOSED_PORT=2449 UDP_ENTROPY=81
2026-10-02 20:44:14,4503,10.91,756,32,1441,3120,1383,L2_UDP_CLOSED_PORT=3079 UDP_ENTROPY=41
2026-10-02 20:44:15,3342,8.87,686,25,836,2562,780,L2_UDP_CLOSED_PORT=2514 UDP_ENTROPY=48
2026-10-02 20:44:16,3174,8.7,635,22,698,2484,690,L2_UDP_CLOSED_PORT=2461 UDP_ENTROPY=23
2026-10-02 20:44:17,2632,9.26,491,18,474,2169,463,L2_UDP_CLOSED_PORT=2153 UDP_ENTROPY=16
2026-10-02 20:44:18,2346,8.04,442,18,422,1930,416,L2_UDP_CLOSED_PORT=1921 UDP_ENTROPY=9
2026-10-02 20:44:19,2702,9.66,472,18,486,2241,461,L2_UDP_CLOSED_PORT=2218 UDP_ENTROPY=23
2026-10-02 20:44:20,2367,7.41,508,22,521,1877,490,L2_UDP_CLOSED_PORT=1856 UDP_ENTROPY=21
2026-10-02 20:44:21,2479,5.13,686,21,521,1977,502,L2_UDP_CLOSED_PORT=1953 UDP_ENTROPY=24
2026-10-02 20:44:22,2606,6.13,681,21,547,2071,535,L2_UDP_CLOSED_PORT=2051 UDP_ENTROPY=20
2026-10-02 20:44:23,2666,4.92,712,30,800,1893,773,L2_UDP_CLOSED_PORT=1862 UDP_ENTROPY=31
2026-10-02 20:44:24,2265,5.2,687,13,294,1970,295,L2_UDP_CLOSED_PORT=1966 UDP_ENTROPY=4
2026-10-02 20:44:25,1729,5.19,515,16,277,1466,263,L2_UDP_CLOSED_PORT=1461 UDP_ENTROPY=5
2026-10-02 20:44:26,1764,6.08,368,14,247,1532,232,L2_UDP_CLOSED_PORT=1525 UDP_ENTROPY=7
2026-10-02 20:44:27,1883,6.28,307,16,301,1594,289,L2_UDP_CLOSED_PORT=1591 UDP_ENTROPY=3
2026-10-02 20:44:28,1776,5.36,372,12,213,1569,207,L2_UDP_CLOSED_PORT=1561 UDP_ENTROPY=8
2026-10-02 20:44:29,1921,5.89,414,13,250,1686,235,L2_UDP_CLOSED_PORT=1680 UDP_ENTROPY=6
2026-10-02 20:44:30,1947,6.0,412,12,234,1730,217,L2_UDP_CLOSED_PORT=1719 UDP_ENTROPY=11
2026-10-02 20:44:31,1785,6.38,328,12,214,1573,212,L2_UDP_CLOSED_PORT=1564 UDP_ENTROPY=9
2026-10-02 20:44:32,2017,7.24,338,13,262,1753,264,L2_UDP_CLOSED_PORT=1746 UDP_ENTROPY=7
2026-10-02 20:44:33,2194,6.5,405,12,263,1941,253,L2_UDP_CLOSED_PORT=1935 UDP_ENTROPY=6
2026-10-02 20:44:34,2292,7.07,435,14,321,1981,311,L2_UDP_CLOSED_PORT=1975 UDP_ENTROPY=6
2026-10-02 20:44:35,2054,6.36,406,17,349,1713,341,L2_UDP_CLOSED_PORT=1704 UDP_ENTROPY=9
2026-10-02 20:44:36,2232,7.15,408,20,446,1808,424,L2_UDP_CLOSED_PORT=1792 UDP_ENTROPY=16
2026-10-02 20:44:37,2525,6.66,480,21,530,2006,519,L2_UDP_CLOSED_PORT=1983 UDP_ENTROPY=23
2026-10-02 20:44:38,2050,6.05,355,18,369,1690,360,L2_UDP_CLOSED_PORT=1674 UDP_ENTROPY=16
2026-10-02 20:44:39,1261,5.87,170,13,164,1101,160,L2_UDP_CLOSED_PORT=1097 UDP_ENTROPY=3 L1_BOGON_SRC=1
2026-10-02 20:44:40,1270,6.16,176,13,165,1109,161,L2_UDP_CLOSED_PORT=1102 UDP_ENTROPY=7
2026-10-02 20:44:41,1078,5.72,158,13,140,945,133,L2_UDP_CLOSED_PORT=935 UDP_ENTROPY=10
2026-10-02 20:44:42,1075,5.89,150,12,129,950,125,L2_UDP_CLOSED_PORT=949 UDP_ENTROPY=1
2026-10-02 20:44:43,3552,37.98,68,2,71,3483,69,L2_UDP_CLOSED_PORT=3481 UDP_ENTROPY=2
2026-10-02 20:44:44,4929,54.47,11,2,99,4813,116,L2_UDP_CLOSED_PORT=4808 TCP_OUT_OF_STATE=5
2026-10-02 20:44:45,731,7.71,11,7,51,674,57,L2_UDP_CLOSED_PORT=673 TCP_OUT_OF_STATE=1
2026-10-02 20:44:46,43,0.15,0,98,42,0,43,hb
2026-10-02 20:44:50,1763,19.28,10,4,71,1698,65,L2_UDP_CLOSED_PORT=1698
2026-10-02 20:44:51,4736,53.19,11,1,47,4703,33,L2_UDP_CLOSED_PORT=4703
2026-10-02 20:44:52,4583,51.06,11,2,92,4513,70,L2_UDP_CLOSED_PORT=4509 TCP_OUT_OF_STATE=4
2026-10-02 20:44:53,3977,44.53,11,3,119,3844,133,L2_UDP_CLOSED_PORT=3843 TCP_OUT_OF_STATE=1
2026-10-02 20:44:54,3460,38.81,11,1,35,3436,24,L2_UDP_CLOSED_PORT=3435 TCP_OUT_OF_STATE=1
2026-10-02 20:44:55,4024,45.08,11,1,40,3987,37,L2_UDP_CLOSED_PORT=3986 TCP_OUT_OF_STATE=1
2026-10-02 20:44:56,4697,52.29,11,2,94,4619,78,L2_UDP_CLOSED_PORT=4614 TCP_OUT_OF_STATE=5
2026-10-02 20:44:57,4366,49.08,11,1,44,4306,60,L2_UDP_CLOSED_PORT=4304 TCP_OUT_OF_STATE=2
2026-10-02 20:44:58,4612,51.94,11,0,0,4602,10,L2_UDP_CLOSED_PORT=4601 TCP_OUT_OF_STATE=1
2026-10-02 20:44:59,5364,60.14,11,1,54,5325,39,L2_UDP_CLOSED_PORT=5325
2026-10-02 20:45:00,5843,65.23,12,1,58,5789,54,L2_UDP_CLOSED_PORT=5787 TCP_OUT_OF_STATE=2
2026-10-02 20:45:01,5417,60.56,11,1,54,5361,56,L2_UDP_CLOSED_PORT=5360 TCP_OUT_OF_STATE=1
2026-10-02 20:45:02,5081,56.65,11,1,51,5016,65,L2_UDP_CLOSED_PORT=5016
2026-10-02 20:45:03,5355,59.98,11,1,54,5284,71,L2_UDP_CLOSED_PORT=5284
2026-10-02 20:45:04,4878,54.69,11,3,146,4730,148,L2_UDP_CLOSED_PORT=4730
2026-10-02 20:45:05,4580,50.64,11,2,92,4479,101,L2_UDP_CLOSED_PORT=4477 TCP_OUT_OF_STATE=2
2026-10-02 20:45:06,5124,57.44,11,1,51,5091,33,L2_UDP_CLOSED_PORT=5091
2026-10-02 20:45:07,4925,54.83,11,2,98,4855,70,L2_UDP_CLOSED_PORT=4855
2026-10-02 20:45:08,3942,44.27,11,1,39,3921,21,L2_UDP_CLOSED_PORT=3921
2026-10-02 20:45:09,4404,49.06,11,1,44,4339,65,L2_UDP_CLOSED_PORT=4339
2026-10-02 20:45:10,5193,57.7,11,2,104,5064,129,L2_UDP_CLOSED_PORT=5064
2026-10-02 20:45:11,5195,57.98,11,1,52,5130,65,L2_UDP_CLOSED_PORT=5130
2026-10-02 20:45:12,4866,54.45,11,1,49,4823,43,L2_UDP_CLOSED_PORT=4823
2026-10-02 20:45:13,5071,56.58,11,1,51,5006,65,L2_UDP_CLOSED_PORT=5006
2026-10-02 20:45:14,4965,55.77,11,0,0,4941,24,L2_UDP_CLOSED_PORT=4941
2026-10-02 20:45:15,5785,64.69,11,3,174,5638,147,L2_UDP_CLOSED_PORT=5638
2026-10-02 20:45:16,4880,54.53,11,1,49,4833,47,L2_UDP_CLOSED_PORT=4833
2026-10-02 20:45:17,4316,48.3,11,2,86,4231,85,L2_UDP_CLOSED_PORT=4231
2026-10-02 20:45:18,4886,54.37,11,2,98,4813,73,L2_UDP_CLOSED_PORT=4813
2026-10-02 20:45:19,5440,60.88,11,1,54,5391,49,L2_UDP_CLOSED_PORT=5391
2026-10-02 20:45:20,5463,61.26,11,1,55,5427,36,L2_UDP_CLOSED_PORT=5427
2026-10-02 20:45:21,3832,43.07,11,1,38,3810,22,L2_UDP_CLOSED_PORT=3810
2026-10-02 20:45:22,228,2.49,5,3,7,220,8,L2_UDP_CLOSED_PORT=220
2026-10-02 20:45:23,235,2.38,2,15,35,199,36,L2_UDP_CLOSED_PORT=199
2026-10-02 20:45:24,187,1.74,2,44,82,103,84,L2_UDP_CLOSED_PORT=103
2026-10-02 20:45:25,148,1.35,1,36,53,95,53,L2_UDP_CLOSED_PORT=95
2026-10-02 20:45:26,144,1.54,1,30,43,101,43,L2_UDP_CLOSED_PORT=101
2026-10-02 20:45:27,4641,6.08,618,2,93,4550,91,L2_UDP_CLOSED_PORT=4550
2026-10-02 20:45:28,7187,3.71,994,0,0,7175,12,L2_UDP_CLOSED_PORT=7175
2026-10-02 20:45:29,3555,2.52,844,1,36,3537,18,L2_UDP_CLOSED_PORT=3537
2026-10-02 20:45:30,2461,1.78,720,1,25,2445,16,L2_UDP_CLOSED_PORT=2445
2026-10-02 20:45:31,2710,1.92,834,1,27,2678,32,L2_UDP_CLOSED_PORT=2678
2026-10-02 20:45:32,3042,1.88,859,0,0,3028,14,L2_UDP_CLOSED_PORT=3028
2026-10-02 20:45:33,2632,1.7,667,1,26,2607,25,L2_UDP_CLOSED_PORT=2607
2026-10-02 20:45:34,3189,2.01,801,1,32,3154,35,L2_UDP_CLOSED_PORT=3154
2026-10-02 20:45:35,2134,1.41,461,2,43,2091,43,L2_UDP_CLOSED_PORT=2091
2026-10-02 20:45:36,1686,1.11,269,2,34,1652,34,L2_UDP_CLOSED_PORT=1652
2026-10-02 20:45:37,1625,1.26,254,3,49,1570,55,L2_UDP_CLOSED_PORT=1570
2026-10-02 20:45:38,1364,1.45,206,5,68,1302,62,L2_UDP_CLOSED_PORT=1302
2026-10-02 20:45:39,1740,3.98,245,4,70,1679,61,L2_UDP_CLOSED_PORT=1679
2026-10-02 20:45:40,1702,3.33,428,1,17,1679,23,L2_UDP_CLOSED_PORT=1679
2026-10-02 20:45:41,1927,3.67,504,3,58,1877,50,L2_UDP_CLOSED_PORT=1877
2026-10-02 20:45:42,1942,3.97,495,2,39,1898,44,L2_UDP_CLOSED_PORT=1898
2026-10-02 20:45:43,2007,3.31,469,3,60,1949,58,L2_UDP_CLOSED_PORT=1949
2026-10-02 20:45:44,1792,3.75,374,4,72,1729,63,L2_UDP_CLOSED_PORT=1729
2026-10-02 20:45:45,1793,3.36,436,4,72,1724,69,L2_UDP_CLOSED_PORT=1723 L1_BOGON_SRC=1
2026-10-02 20:45:46,2290,3.65,557,1,23,2259,31,L2_UDP_CLOSED_PORT=2259
2026-10-02 20:45:47,2028,3.42,520,2,41,1996,32,L2_UDP_CLOSED_PORT=1996
2026-10-02 20:45:48,2129,3.96,485,2,43,2079,50,L2_UDP_CLOSED_PORT=2079
2026-10-02 20:45:49,1954,3.18,432,4,78,1880,74,L2_UDP_CLOSED_PORT=1880
2026-10-02 20:45:50,2415,3.56,584,4,97,2312,103,L2_UDP_CLOSED_PORT=2312
2026-10-02 20:45:51,2236,3.23,566,5,112,2132,104,L2_UDP_CLOSED_PORT=2132
2026-10-02 20:45:52,1113,2.47,283,6,67,1046,67,L2_UDP_CLOSED_PORT=1046
2026-10-02 20:45:53,1019,2.64,229,4,41,976,43,L2_UDP_CLOSED_PORT=976
2026-10-02 20:45:54,978,2.7,187,5,49,925,53,L2_UDP_CLOSED_PORT=925
2026-10-02 20:45:55,833,2.76,182,2,17,816,17,L2_UDP_CLOSED_PORT=816
2026-10-02 20:45:56,652,2.46,133,3,20,630,22,L2_UDP_CLOSED_PORT=630
2026-10-02 20:45:57,1130,12.08,23,7,79,1052,78,L2_UDP_CLOSED_PORT=1052
2026-10-02 20:45:58,1764,19.65,25,8,141,1628,136,L2_UDP_CLOSED_PORT=1628
2026-10-02 20:45:59,2071,23.0,22,3,62,2012,59,L2_UDP_CLOSED_PORT=2012
2026-10-02 20:46:00,1724,18.78,25,5,86,1639,85,L2_UDP_CLOSED_PORT=1639
2026-10-02 20:46:01,2039,22.61,22,3,61,1986,53,L2_UDP_CLOSED_PORT=1986
2026-10-02 20:46:02,1787,19.2,24,6,107,1671,116,L2_UDP_CLOSED_PORT=1671
2026-10-02 20:46:03,1634,17.32,22,7,114,1516,118,L2_UDP_CLOSED_PORT=1516
2026-10-02 20:46:04,4226,16.74,638,1,42,4202,24,L2_UDP_CLOSED_PORT=4202
2026-10-02 20:46:05,8149,10.63,996,0,0,8123,26,L2_UDP_CLOSED_PORT=8123
2026-10-02 20:46:06,6122,8.6,734,1,61,6040,82,L2_UDP_CLOSED_PORT=6040
2026-10-02 20:46:07,4657,6.99,694,1,47,4628,29,L2_UDP_CLOSED_PORT=4628
2026-10-02 20:46:08,3715,7.18,440,1,37,3686,29,L2_UDP_CLOSED_PORT=3686
2026-10-02 20:46:09,3404,5.97,427,1,34,3367,37,L2_UDP_CLOSED_PORT=3367
2026-10-02 20:46:10,3503,5.84,423,2,70,3439,64,L2_UDP_CLOSED_PORT=3439
2026-10-02 20:46:11,3736,6.09,449,2,75,3667,69,L2_UDP_CLOSED_PORT=3667
2026-10-02 20:46:12,3909,6.18,599,1,39,3853,56,L2_UDP_CLOSED_PORT=3853
2026-10-02 20:46:13,4281,6.55,527,1,43,4235,46,L2_UDP_CLOSED_PORT=4235
2026-10-02 20:46:14,4532,7.71,548,1,45,4499,33,L2_UDP_CLOSED_PORT=4499
2026-10-02 20:46:15,4176,6.95,510,1,42,4144,32,L2_UDP_CLOSED_PORT=4144
2026-10-02 20:46:16,3747,6.69,463,1,37,3707,40,L2_UDP_CLOSED_PORT=3707
2026-10-02 20:46:17,3827,7.02,634,3,115,3731,96,L2_UDP_CLOSED_PORT=3731
2026-10-02 20:46:18,5875,7.12,635,1,59,5834,41,L2_UDP_CLOSED_PORT=5834
2026-10-02 20:46:19,3816,6.2,456,2,76,3749,67,L2_UDP_CLOSED_PORT=3749
2026-10-02 20:46:20,3220,5.89,409,2,64,3171,49,L2_UDP_CLOSED_PORT=3171
2026-10-02 20:46:21,2745,5.42,364,1,27,2720,25,L2_UDP_CLOSED_PORT=2720
2026-10-02 20:46:22,2534,9.8,346,1,25,2509,25,L2_UDP_CLOSED_PORT=2509
2026-10-02 20:46:23,2219,6.0,301,2,44,2187,32,L2_UDP_CLOSED_PORT=2187
2026-10-02 20:46:24,1984,5.3,253,2,40,1942,42,L2_UDP_CLOSED_PORT=1942
2026-10-02 20:46:25,2110,5.53,249,1,21,2090,20,L2_UDP_CLOSED_PORT=2090
2026-10-02 20:46:26,1943,5.45,242,4,78,1871,72,L2_UDP_CLOSED_PORT=1871
2026-10-02 20:46:27,2124,4.76,286,2,42,2082,42,L2_UDP_CLOSED_PORT=2082
2026-10-02 20:46:28,2386,4.27,291,3,72,2322,64,L2_UDP_CLOSED_PORT=2322
2026-10-02 20:46:29,2225,4.28,277,3,67,2157,68,L2_UDP_CLOSED_PORT=2157
2026-10-02 20:46:30,2050,4.17,332,3,62,1999,51,L2_UDP_CLOSED_PORT=1999
2026-10-02 20:46:31,2442,4.59,281,2,49,2399,43,L2_UDP_CLOSED_PORT=2399
2026-10-02 20:46:32,5362,45.88,403,0,0,5339,23,L2_UDP_CLOSED_PORT=5339
2026-10-02 20:46:33,6365,56.93,348,0,0,6348,17,L2_UDP_CLOSED_PORT=6348
2026-10-02 20:46:34,13773,147.94,312,0,0,13739,34,L2_UDP_CLOSED_PORT=13739
2026-10-02 20:46:35,22200,249.63,59,0,0,22159,41,L2_UDP_CLOSED_PORT=22159
2026-10-02 20:46:36,21891,246.13,60,0,0,21839,52,L2_UDP_CLOSED_PORT=21839
2026-10-02 20:46:37,21652,243.51,49,0,0,21610,42,L2_UDP_CLOSED_PORT=21610
2026-10-02 20:46:38,22011,247.15,46,1,220,21915,96,L2_UDP_CLOSED_PORT=21915
2026-10-02 20:46:39,21596,242.83,50,0,0,21548,48,L2_UDP_CLOSED_PORT=21548
2026-10-02 20:46:40,21845,245.33,46,0,0,21762,83,L2_UDP_CLOSED_PORT=21762
2026-10-02 20:46:41,22109,248.66,46,0,0,22060,49,L2_UDP_CLOSED_PORT=22060
2026-10-02 20:46:42,22205,249.66,45,0,0,22155,50,L2_UDP_CLOSED_PORT=22155
2026-10-02 20:46:43,21967,246.4,46,1,220,21858,109,L2_UDP_CLOSED_PORT=21858
2026-10-02 20:46:44,21700,243.76,45,0,0,21650,50,L2_UDP_CLOSED_PORT=21650
2026-10-02 20:46:45,22128,248.94,42,0,0,22077,51,L2_UDP_CLOSED_PORT=22077
2026-10-02 20:46:46,21686,243.89,44,0,0,21634,52,L2_UDP_CLOSED_PORT=21634
2026-10-02 20:46:47,21438,240.94,44,0,0,21373,65,L2_UDP_CLOSED_PORT=21373
2026-10-02 20:46:48,22233,250.37,45,0,0,22214,19,L2_UDP_CLOSED_PORT=22214
2026-10-02 20:46:49,21937,246.99,44,0,0,21935,2,L2_UDP_CLOSED_PORT=21935
2026-10-02 20:46:50,21825,245.83,42,0,0,21817,8,L2_UDP_CLOSED_PORT=21817
2026-10-02 20:46:51,21945,246.92,40,0,0,21896,49,L2_UDP_CLOSED_PORT=21895 L1_BOGON_SRC=1
2026-10-02 20:46:52,21783,245.3,44,0,0,21765,18,L2_UDP_CLOSED_PORT=21765
2026-10-02 20:46:53,21711,244.4,41,0,0,21682,29,L2_UDP_CLOSED_PORT=21682
2026-10-02 20:46:54,21606,243.09,42,0,0,21586,20,L2_UDP_CLOSED_PORT=21586
2026-10-02 20:46:55,22147,249.35,43,0,0,22115,32,L2_UDP_CLOSED_PORT=22115
2026-10-02 20:46:56,21578,242.28,42,0,0,21481,97,L2_UDP_CLOSED_PORT=21481
2026-10-02 20:46:57,20691,232.84,43,0,0,20650,41,L2_UDP_CLOSED_PORT=20650
2026-10-02 20:46:58,22421,252.46,43,0,0,22399,22,L2_UDP_CLOSED_PORT=22399
2026-10-02 20:46:59,21809,245.21,44,0,0,21774,35,L2_UDP_CLOSED_PORT=21774
2026-10-02 20:47:00,21511,242.05,43,0,0,21473,38,L2_UDP_CLOSED_PORT=21473
2026-10-02 20:47:01,22396,250.37,43,1,224,22110,286,L2_UDP_CLOSED_PORT=22110
2026-10-02 20:47:02,22265,249.39,43,1,223,22119,146,L2_UDP_CLOSED_PORT=22119
2026-10-02 20:47:03,22158,248.46,44,1,222,22032,126,L2_UDP_CLOSED_PORT=22032
2026-10-02 20:47:04,22120,248.7,43,0,0,22062,58,L2_UDP_CLOSED_PORT=22062
2026-10-02 20:47:05,22326,250.55,42,0,0,22218,108,L2_UDP_CLOSED_PORT=22218
2026-10-02 20:47:06,22339,251.33,42,0,0,22276,63,L2_UDP_CLOSED_PORT=22276
2026-10-02 20:47:07,21534,241.99,41,0,0,21447,87,L2_UDP_CLOSED_PORT=21447
2026-10-02 20:47:08,22378,251.51,41,0,0,22323,55,L2_UDP_CLOSED_PORT=22323
2026-10-02 20:47:09,21751,244.95,37,0,0,21741,10,L2_UDP_CLOSED_PORT=21710 UDP_ENTROPY=31
2026-10-02 20:47:10,21647,243.76,40,0,0,21622,25,L0_BLACKLIST=20479 UDP_ENTROPY=1143
2026-10-02 20:47:11,22343,251.35,38,0,0,22238,105,L0_BLACKLIST=21967 UDP_ENTROPY=271
2026-10-02 20:47:12,21636,243.71,38,0,0,21630,6,L0_BLACKLIST=21506 UDP_ENTROPY=124
2026-10-02 20:47:13,20888,234.76,38,0,0,20817,71,L0_BLACKLIST=20721 UDP_ENTROPY=96
2026-10-02 20:47:14,22313,250.97,38,0,0,22275,38,L0_BLACKLIST=22193 UDP_ENTROPY=82
2026-10-02 20:47:15,22290,251.01,37,0,0,22273,17,L0_BLACKLIST=22206 UDP_ENTROPY=67
2026-10-02 20:47:16,21975,247.48,36,0,0,21959,16,L0_BLACKLIST=21910 UDP_ENTROPY=49
2026-10-02 20:47:17,21001,236.54,36,0,0,20982,19,L0_BLACKLIST=20908 UDP_ENTROPY=74
2026-10-02 20:47:18,20090,213.06,585,1,201,18981,1109,L0_BLACKLIST=18770 UDP_ENTROPY=210 UDP_BLACKLISTED=1
2026-10-02 20:47:19,8490,37.96,1282,11,934,3283,5207,L0_BLACKLIST=3101 UDP_ENTROPY=182
2026-10-02 20:47:20,5781,35.3,721,6,347,3100,2681,L0_BLACKLIST=2991 UDP_ENTROPY=109
2026-10-02 20:47:21,5363,35.19,730,6,322,3100,2263,L0_BLACKLIST=2897 UDP_ENTROPY=203
2026-10-02 20:47:22,6010,36.88,926,7,421,3259,2751,L0_BLACKLIST=2948 UDP_ENTROPY=311
2026-10-02 20:47:23,5934,36.02,860,7,415,3156,2778,L0_BLACKLIST=2937 UDP_ENTROPY=219
2026-10-02 20:47:24,5986,31.57,900,8,479,2762,3224,L0_BLACKLIST=2557 UDP_ENTROPY=205
2026-10-02 20:47:25,5378,34.33,653,7,376,2999,2379,L0_BLACKLIST=2853 UDP_ENTROPY=146
2026-10-02 20:47:26,4479,33.86,498,5,224,2991,1488,L0_BLACKLIST=2825 UDP_ENTROPY=166
2026-10-02 20:47:27,4240,34.19,457,5,212,2997,1243,L0_BLACKLIST=2783 UDP_ENTROPY=214
2026-10-02 20:47:28,4335,34.46,456,5,217,3040,1295,L0_BLACKLIST=2871 UDP_ENTROPY=169
2026-10-02 20:47:29,4588,35.98,459,5,229,3172,1416,L0_BLACKLIST=2980 UDP_ENTROPY=192
2026-10-02 20:47:30,1821,5.1,400,10,182,394,1427,L0_BLACKLIST=365 UDP_ENTROPY=29
2026-10-02 20:47:31,4201,31.02,522,4,168,2749,1452,L0_BLACKLIST=2264 UDP_ENTROPY=484 L2_UDP_CLOSED_PORT=1
2026-10-02 20:47:32,4415,32.57,492,6,265,2857,1558,L0_BLACKLIST=2616 UDP_ENTROPY=241
2026-10-02 20:47:33,2290,8.85,396,15,344,766,1524,L0_BLACKLIST=449 UDP_ENTROPY=317
2026-10-02 20:47:34,2109,4.6,414,14,295,383,1726,UDP_ENTROPY=367 L0_BLACKLIST=16
2026-10-02 20:47:35,2562,5.46,286,27,692,462,2100,UDP_ENTROPY=332 L0_BLACKLIST=130
2026-10-02 20:47:36,2615,5.89,352,21,549,541,2074,UDP_ENTROPY=311 L0_BLACKLIST=230
2026-10-02 20:47:37,2506,5.8,281,24,601,487,2019,L0_BLACKLIST=296 UDP_ENTROPY=191
2026-10-02 20:47:38,2438,6.33,347,25,610,568,1870,L0_BLACKLIST=311 UDP_ENTROPY=257
2026-10-02 20:47:39,2291,4.5,418,19,435,390,1901,L0_BLACKLIST=223 UDP_ENTROPY=167
2026-10-02 20:47:40,2086,4.21,476,15,313,355,1731,L0_BLACKLIST=237 UDP_ENTROPY=118
2026-10-02 20:47:41,2556,4.08,511,15,383,329,2227,L0_BLACKLIST=205 UDP_ENTROPY=124
2026-10-02 20:47:42,2576,4.19,568,15,386,358,2218,L0_BLACKLIST=221 UDP_ENTROPY=137
2026-10-02 20:47:43,1366,3.44,332,13,178,298,1068,L0_BLACKLIST=218 UDP_ENTROPY=80
2026-10-02 20:47:44,1148,3.78,239,14,161,323,825,L0_BLACKLIST=259 UDP_ENTROPY=64
2026-10-02 20:47:45,1099,3.43,200,12,132,289,810,L0_BLACKLIST=233 UDP_ENTROPY=56
2026-10-02 20:47:46,917,2.83,164,16,147,239,678,L0_BLACKLIST=194 UDP_ENTROPY=45
2026-10-02 20:47:47,860,3.1,165,11,95,261,599,L0_BLACKLIST=224 UDP_ENTROPY=37
2026-10-02 20:47:48,285,2.62,41,8,23,217,68,L0_BLACKLIST=213 UDP_ENTROPY=4
2026-10-02 20:47:49,891,9.95,26,3,27,866,25,L0_BLACKLIST=775 UDP_ENTROPY=91
2026-10-02 20:47:50,1523,16.97,29,3,46,1479,44,L0_BLACKLIST=1354 UDP_ENTROPY=125
2026-10-02 20:47:51,1783,20.06,28,1,18,1757,26,L0_BLACKLIST=1731 UDP_ENTROPY=26
2026-10-02 20:47:52,2302,25.95,29,9,207,2098,204,L0_BLACKLIST=2039 UDP_ENTROPY=59
2026-10-02 20:47:53,2478,28.02,24,16,396,2075,403,L0_BLACKLIST=2073 UDP_ENTROPY=2
2026-10-02 20:47:54,2060,23.24,26,1,21,2042,18,L0_BLACKLIST=2036 UDP_ENTROPY=6
2026-10-02 20:47:55,2084,23.55,27,1,21,2064,20,L0_BLACKLIST=2055 UDP_ENTROPY=9
2026-10-02 20:47:56,2005,22.58,30,1,20,1978,27,L0_BLACKLIST=1967 UDP_ENTROPY=11
2026-10-02 20:47:57,2071,23.4,27,1,21,2055,16,L0_BLACKLIST=2039 UDP_ENTROPY=16
2026-10-02 20:47:58,2014,22.74,25,1,20,1992,22,L0_BLACKLIST=1983 UDP_ENTROPY=8 L1_BOGON_SRC=1
2026-10-02 20:47:59,2008,22.52,28,2,40,1976,32,L0_BLACKLIST=1969 UDP_ENTROPY=7
2026-10-02 20:48:00,2047,23.01,26,2,41,2016,31,L0_BLACKLIST=2007 UDP_ENTROPY=9
2026-10-02 20:48:01,1933,21.68,28,2,39,1895,38,L0_BLACKLIST=1844 UDP_ENTROPY=50 L2_UDP_CLOSED_PORT=1
2026-10-02 20:48:02,2110,23.76,26,1,21,2082,28,L0_BLACKLIST=2068 UDP_ENTROPY=14
2026-10-02 20:48:03,2099,23.26,28,3,63,2039,60,L0_BLACKLIST=2033 UDP_ENTROPY=6
2026-10-02 20:48:04,2061,22.44,28,5,103,1957,104,L0_BLACKLIST=1945 UDP_ENTROPY=12
2026-10-02 20:48:05,2089,22.98,30,4,84,2013,76,L0_BLACKLIST=1993 UDP_ENTROPY=20
2026-10-02 20:48:06,2126,23.45,26,7,149,1982,144,L0_BLACKLIST=1951 UDP_ENTROPY=31
2026-10-02 20:48:07,2155,23.44,27,8,172,1992,163,L0_BLACKLIST=1989 UDP_ENTROPY=3
2026-10-02 20:48:08,2089,22.82,26,4,84,1997,92,L0_BLACKLIST=1996 UDP_ENTROPY=1
2026-10-02 20:48:09,2064,22.38,28,5,103,1959,105,L0_BLACKLIST=1955 UDP_ENTROPY=4
2026-10-02 20:48:10,2098,22.44,28,7,147,1958,140,L0_BLACKLIST=1927 UDP_ENTROPY=31
2026-10-02 20:48:11,1951,21.13,27,9,176,1780,171,L0_BLACKLIST=1759 UDP_ENTROPY=21
2026-10-02 20:48:12,2136,23.2,28,6,128,2012,124,L0_BLACKLIST=2009 UDP_ENTROPY=3
2026-10-02 20:48:13,2277,24.38,30,12,273,2003,274,L0_BLACKLIST=1996 UDP_ENTROPY=6 TCP_OUT_OF_STATE=1
2026-10-02 20:48:14,2033,21.4,28,9,183,1846,187,L0_BLACKLIST=1838 UDP_ENTROPY=8
2026-10-02 20:48:15,2107,22.01,30,9,190,1918,189,L0_BLACKLIST=1877 UDP_ENTROPY=41
2026-10-02 20:48:16,2270,23.83,28,9,204,2074,196,L0_BLACKLIST=2074
2026-10-02 20:48:17,2109,22.5,29,7,148,1969,140,L0_BLACKLIST=1956 UDP_ENTROPY=13
2026-10-02 20:48:18,2204,23.91,27,5,110,2095,109,L0_BLACKLIST=2095
2026-10-02 20:48:19,2173,22.99,30,8,174,2002,171,L0_BLACKLIST=2000 UDP_ENTROPY=2
2026-10-02 20:48:20,2091,21.95,29,10,209,1883,208,L0_BLACKLIST=1880 UDP_ENTROPY=3
2026-10-02 20:48:21,1972,21.26,27,6,118,1859,113,L0_BLACKLIST=1859
2026-10-02 20:48:22,2774,29.78,85,9,250,2511,263,L0_BLACKLIST=2125 UDP_ENTROPY=386
2026-10-02 20:48:23,2394,25.79,169,6,144,2242,152,UDP_ENTROPY=1197 L0_BLACKLIST=1045
2026-10-02 20:48:24,1840,18.96,45,10,184,1653,187,L0_BLACKLIST=1250 UDP_ENTROPY=403
2026-10-02 20:48:25,1358,14.14,36,9,122,1229,129,L0_BLACKLIST=1095 UDP_ENTROPY=134
2026-10-02 20:48:26,1693,17.89,29,8,135,1563,130,L0_BLACKLIST=1508 UDP_ENTROPY=55
2026-10-02 20:48:27,2169,23.3,26,12,260,1909,260,L0_BLACKLIST=1883 UDP_ENTROPY=26
2026-10-02 20:48:28,1616,17.05,25,8,129,1486,130,L0_BLACKLIST=1484 UDP_ENTROPY=2
2026-10-02 20:48:29,4037,44.41,202,3,121,3924,113,L0_BLACKLIST=2197 UDP_ENTROPY=1727
2026-10-02 20:48:30,3753,41.0,103,6,225,3519,234,L0_BLACKLIST=2247 UDP_ENTROPY=1272
2026-10-02 20:48:31,2462,26.31,77,7,172,2302,160,L0_BLACKLIST=1185 UDP_ENTROPY=1116 L2_UDP_CLOSED_PORT=1
2026-10-02 20:48:32,2538,26.95,67,7,178,2372,166,L0_BLACKLIST=1824 UDP_ENTROPY=548
2026-10-02 20:48:33,7480,10.65,1274,19,1421,960,6520,UDP_ENTROPY=560 L0_BLACKLIST=400
2026-10-02 20:48:34,4248,5.48,919,15,637,438,3810,UDP_ENTROPY=219 L0_BLACKLIST=219
2026-10-02 20:48:35,3305,5.35,666,14,463,424,2881,L0_BLACKLIST=241 UDP_ENTROPY=183
2026-10-02 20:48:36,3630,5.31,818,15,544,447,3183,L0_BLACKLIST=246 UDP_ENTROPY=201
2026-10-02 20:48:37,3918,5.3,909,15,588,432,3486,L0_BLACKLIST=239 UDP_ENTROPY=193
2026-10-02 20:48:38,3668,5.29,936,15,550,454,3214,L0_BLACKLIST=244 UDP_ENTROPY=210
2026-10-02 20:48:39,4010,5.5,883,15,602,437,3573,L0_BLACKLIST=259 UDP_ENTROPY=178
2026-10-02 20:48:40,2457,4.81,511,15,369,385,2072,L0_BLACKLIST=270 UDP_ENTROPY=115
2026-10-02 20:48:41,1942,3.81,390,15,291,318,1624,L0_BLACKLIST=200 UDP_ENTROPY=118
2026-10-02 20:48:42,1771,3.94,427,12,213,340,1431,L0_BLACKLIST=225 UDP_ENTROPY=115
2026-10-02 20:48:43,2223,4.35,495,15,333,366,1857,L0_BLACKLIST=255 UDP_ENTROPY=111
2026-10-02 20:48:44,2178,4.31,392,25,544,357,1821,L0_BLACKLIST=259 UDP_ENTROPY=98
2026-10-02 20:48:45,2079,4.08,338,30,624,354,1725,L0_BLACKLIST=229 UDP_ENTROPY=125
2026-10-02 20:48:46,1944,3.78,333,36,700,321,1623,L0_BLACKLIST=221 UDP_ENTROPY=100
2026-10-02 20:48:47,1975,4.21,348,36,711,367,1608,L0_BLACKLIST=250 UDP_ENTROPY=117
2026-10-02 20:48:48,2321,4.48,288,45,1044,388,1933,L0_BLACKLIST=254 UDP_ENTROPY=134
2026-10-02 20:48:49,2338,4.83,248,47,1099,394,1944,L0_BLACKLIST=277 UDP_ENTROPY=117
2026-10-02 20:48:50,2266,4.56,303,41,929,396,1870,L0_BLACKLIST=266 UDP_ENTROPY=130
2026-10-02 20:48:51,2031,3.96,365,30,609,352,1679,L0_BLACKLIST=221 UDP_ENTROPY=131
2026-10-02 20:48:52,2444,4.29,385,31,758,372,2072,L0_BLACKLIST=249 UDP_ENTROPY=123
2026-10-02 20:48:53,2547,4.21,383,29,739,353,2194,L0_BLACKLIST=228 UDP_ENTROPY=125
2026-10-02 20:48:54,1827,4.19,261,28,512,372,1455,L0_BLACKLIST=268 UDP_ENTROPY=104
2026-10-02 20:48:55,1129,3.34,179,29,327,284,845,L0_BLACKLIST=225 UDP_ENTROPY=59
2026-10-02 20:48:56,1076,3.71,184,23,247,318,758,L0_BLACKLIST=275 UDP_ENTROPY=43
2026-10-02 20:48:57,980,3.38,140,28,274,288,692,L0_BLACKLIST=243 UDP_ENTROPY=45
2026-10-02 20:48:58,947,3.39,123,25,237,290,657,L0_BLACKLIST=227 UDP_ENTROPY=63
2026-10-02 20:48:59,448,2.86,75,14,63,238,210,L0_BLACKLIST=212 UDP_ENTROPY=26
2026-10-02 20:49:00,271,2.88,33,9,24,247,24,L0_BLACKLIST=243 UDP_ENTROPY=4
2026-10-02 20:49:01,286,3.1,33,8,23,263,23,L0_BLACKLIST=254 UDP_ENTROPY=8 L2_UDP_CLOSED_PORT=1
2026-10-02 20:49:02,319,3.49,34,4,13,306,13,L0_BLACKLIST=298 UDP_ENTROPY=8
2026-10-02 20:49:03,1722,18.85,35,4,69,1644,78,L0_BLACKLIST=1633 UDP_ENTROPY=11
2026-10-02 20:49:04,2078,22.89,38,5,104,1976,102,L0_BLACKLIST=1948 UDP_ENTROPY=27 L1_BOGON_SRC=1
2026-10-02 20:49:05,1885,20.8,33,3,57,1824,61,L0_BLACKLIST=1778 UDP_ENTROPY=46
2026-10-02 20:49:06,1939,21.33,39,3,58,1874,65,L0_BLACKLIST=1827 UDP_ENTROPY=47
2026-10-02 20:49:07,2104,23.32,32,3,63,2044,60,L0_BLACKLIST=2027 UDP_ENTROPY=17
2026-10-02 20:49:08,2049,20.25,30,14,287,1720,329,L0_BLACKLIST=1708 UDP_ENTROPY=12
2026-10-02 20:49:09,2031,20.65,30,12,244,1785,246,L0_BLACKLIST=1779 UDP_ENTROPY=6
2026-10-02 20:49:10,1987,20.38,31,16,318,1668,319,L0_BLACKLIST=1647 UDP_ENTROPY=21
2026-10-02 20:49:11,2054,20.87,31,12,246,1802,252,L0_BLACKLIST=1733 UDP_ENTROPY=69
2026-10-02 20:49:12,2073,21.48,29,9,187,1878,195,L0_BLACKLIST=1871 UDP_ENTROPY=7
2026-10-02 20:49:13,2332,24.17,30,9,210,2112,220,L0_BLACKLIST=2104 UDP_ENTROPY=8
2026-10-02 20:49:14,2365,24.32,28,15,355,2015,350,L0_BLACKLIST=2009 UDP_ENTROPY=6
2026-10-02 20:49:15,2082,20.81,27,13,271,1805,277,L0_BLACKLIST=1799 UDP_ENTROPY=6
2026-10-02 20:49:16,2209,22.84,28,9,199,1999,210,L0_BLACKLIST=1989 UDP_ENTROPY=10
2026-10-02 20:49:17,2113,21.81,27,11,232,1868,245,L0_BLACKLIST=1862 UDP_ENTROPY=6
2026-10-02 20:49:18,2292,23.26,31,11,252,2026,266,L0_BLACKLIST=2013 UDP_ENTROPY=13
2026-10-02 20:49:19,2333,23.85,27,11,257,2078,255,L0_BLACKLIST=2073 UDP_ENTROPY=5
2026-10-02 20:49:20,2353,24.42,29,13,306,2046,307,L0_BLACKLIST=2039 UDP_ENTROPY=7
2026-10-02 20:49:21,2042,20.5,29,12,245,1785,257,L0_BLACKLIST=1752 UDP_ENTROPY=33
2026-10-02 20:49:22,2132,20.73,25,15,320,1806,326,L0_BLACKLIST=1805 UDP_ENTROPY=1
2026-10-02 20:49:23,2258,22.17,34,15,339,1919,339,L0_BLACKLIST=1630 UDP_ENTROPY=289
2026-10-02 20:49:24,3345,34.61,175,11,368,2981,364,L0_BLACKLIST=1703 UDP_ENTROPY=1278
2026-10-02 20:49:25,2137,21.34,53,17,363,1760,377,L0_BLACKLIST=1249 UDP_ENTROPY=511
2026-10-02 20:49:26,2077,21.0,40,12,249,1828,249,L0_BLACKLIST=1544 UDP_ENTROPY=284
2026-10-02 20:49:27,3400,35.35,178,9,306,3105,295,UDP_ENTROPY=1638 L0_BLACKLIST=1467
2026-10-02 20:49:28,3109,31.2,92,12,373,2730,379,L0_BLACKLIST=1749 UDP_ENTROPY=981
2026-10-02 20:49:29,2502,24.97,66,13,325,2182,320,L0_BLACKLIST=1804 UDP_ENTROPY=378
2026-10-02 20:49:30,2763,26.68,54,21,580,2188,575,L0_BLACKLIST=1884 UDP_ENTROPY=303 UDP_BLACKLISTED=1
2026-10-02 20:49:31,2252,22.21,48,16,360,1898,354,L0_BLACKLIST=1721 UDP_ENTROPY=176 L2_UDP_CLOSED_PORT=1
2026-10-02 20:49:32,1973,19.01,36,16,316,1657,316,L0_BLACKLIST=1629 UDP_ENTROPY=28
2026-10-02 20:49:33,2329,22.7,36,15,349,1982,347,L0_BLACKLIST=1965 UDP_ENTROPY=17
2026-10-02 20:49:34,2450,24.14,33,14,343,2102,348,L0_BLACKLIST=2081 UDP_ENTROPY=21
2026-10-02 20:49:35,2251,22.67,30,12,270,1986,265,L0_BLACKLIST=1959 UDP_ENTROPY=27
2026-10-02 20:49:36,2421,24.59,29,15,363,2052,369,L0_BLACKLIST=2039 UDP_ENTROPY=13
2026-10-02 20:49:37,2202,21.94,29,13,286,1907,295,L0_BLACKLIST=1885 UDP_ENTROPY=22
2026-10-02 20:49:38,2166,21.46,25,15,325,1848,318,L0_BLACKLIST=1848
2026-10-02 20:49:39,2048,19.9,25,15,307,1728,320,L0_BLACKLIST=1708 UDP_ENTROPY=20
2026-10-02 20:49:40,2064,20.51,25,13,268,1787,277,L0_BLACKLIST=1787
2026-10-02 20:49:41,2283,22.9,23,14,320,1964,319,L0_BLACKLIST=1964
2026-10-02 20:49:42,2398,24.3,26,14,336,2069,329,L0_BLACKLIST=2060 UDP_ENTROPY=9
2026-10-02 20:49:43,2215,22.06,25,13,288,1922,293,L0_BLACKLIST=1881 UDP_ENTROPY=41
2026-10-02 20:49:44,2542,25.18,27,14,356,2170,372,L0_BLACKLIST=2169 TCP_OUT_OF_STATE=1
2026-10-02 20:49:45,2412,23.26,27,16,386,2018,394,L0_BLACKLIST=2017 TCP_OUT_OF_STATE=1
2026-10-02 20:49:46,2384,23.16,25,15,358,2016,368,L0_BLACKLIST=2016
2026-10-02 20:49:47,2453,24.0,26,18,442,1999,454,L0_BLACKLIST=1998 TCP_OUT_OF_STATE=1
2026-10-02 20:49:48,2316,21.76,25,18,417,1890,426,L0_BLACKLIST=1890
2026-10-02 20:49:49,2197,20.04,23,21,461,1731,466,L0_BLACKLIST=1731
2026-10-02 20:49:50,2285,20.89,25,21,480,1808,477,L0_BLACKLIST=1758 UDP_ENTROPY=50
2026-10-02 20:49:51,2327,21.06,23,23,535,1790,537,L0_BLACKLIST=1789 TCP_OUT_OF_STATE=1
2026-10-02 20:49:52,2577,23.48,23,24,618,1944,633,L0_BLACKLIST=1944
2026-10-02 20:49:53,2611,24.29,24,19,496,2100,511,L0_BLACKLIST=2100
2026-10-02 20:49:54,2494,23.15,23,19,474,2008,486,L0_BLACKLIST=2008
2026-10-02 20:49:55,2455,22.96,23,19,466,1994,461,L0_BLACKLIST=1994
2026-10-02 20:49:56,2471,22.99,24,19,469,1995,476,L0_BLACKLIST=1995
2026-10-02 20:49:57,2367,21.65,25,20,473,1883,484,L0_BLACKLIST=1883
2026-10-02 20:49:58,2493,23.06,24,25,623,1869,624,L0_BLACKLIST=1869
2026-10-02 20:49:59,2453,22.92,24,19,466,1991,462,L0_BLACKLIST=1991
2026-10-02 20:50:00,2238,20.73,23,20,448,1795,443,L0_BLACKLIST=1794 TCP_OUT_OF_STATE=1
2026-10-02 20:50:01,2243,20.77,23,23,516,1715,528,L0_BLACKLIST=1714 L2_UDP_CLOSED_PORT=1
2026-10-02 20:50:02,2360,22.26,23,18,425,1929,431,L0_BLACKLIST=1929
2026-10-02 20:50:03,2367,22.42,24,18,426,1947,420,L0_BLACKLIST=1947
2026-10-02 20:50:04,2447,22.8,23,19,465,1975,472,L0_BLACKLIST=1975
2026-10-02 20:50:05,2532,23.87,22,19,481,2042,490,L0_BLACKLIST=2042
2026-10-02 20:50:06,2309,21.76,21,18,416,1886,423,L0_BLACKLIST=1886
2026-10-02 20:50:07,2447,23.28,23,17,416,2024,423,L0_BLACKLIST=2024
2026-10-02 20:50:08,2492,23.43,23,18,449,2027,465,L0_BLACKLIST=2027
2026-10-02 20:50:09,2629,24.18,23,24,631,2001,628,L0_BLACKLIST=2001
2026-10-02 20:50:10,2592,23.86,23,23,596,1983,609,L0_BLACKLIST=1982 L1_BOGON_SRC=1
2026-10-02 20:50:11,2513,23.41,24,20,503,2009,504,L0_BLACKLIST=2009
2026-10-02 20:50:12,2539,23.23,23,21,533,2000,539,L0_BLACKLIST=1998 UDP_ENTROPY=2
2026-10-02 20:50:13,2576,23.18,23,22,567,2002,574,L0_BLACKLIST=2002
2026-10-02 20:50:14,2646,23.46,25,23,609,2025,621,L0_BLACKLIST=1975 UDP_ENTROPY=50
2026-10-02 20:50:15,2545,22.29,23,24,611,1929,616,L0_BLACKLIST=1929
2026-10-02 20:50:16,2537,21.62,21,27,685,1858,679,L0_BLACKLIST=1858
2026-10-02 20:50:17,2499,21.36,22,26,650,1844,655,L0_BLACKLIST=1844
2026-10-02 20:50:18,2617,22.47,21,27,707,1894,723,L0_BLACKLIST=1894
2026-10-02 20:50:19,2439,21.44,21,24,585,1851,588,L0_BLACKLIST=1851
2026-10-02 20:50:20,2756,24.98,22,27,744,2011,745,L0_BLACKLIST=2011
2026-10-02 20:50:21,2648,23.79,20,23,609,2030,618,L0_BLACKLIST=2030
2026-10-02 20:50:22,2628,23.38,21,23,604,2021,607,L0_BLACKLIST=1971 UDP_ENTROPY=50
2026-10-02 20:50:23,2526,21.98,24,25,632,1897,629,L0_BLACKLIST=1849 UDP_ENTROPY=48
2026-10-02 20:50:24,2617,23.16,21,24,628,1996,621,L0_BLACKLIST=1937 UDP_ENTROPY=59
2026-10-02 20:50:25,6584,14.8,594,46,3029,1396,5188,L0_BLACKLIST=894 UDP_ENTROPY=502
2026-10-02 20:50:26,6174,8.76,468,52,3210,762,5412,L0_BLACKLIST=397 UDP_ENTROPY=365
2026-10-02 20:50:27,5798,8.06,396,55,3189,744,5054,UDP_ENTROPY=387 L0_BLACKLIST=357
2026-10-02 20:50:28,3519,5.77,560,39,1372,461,3058,UDP_ENTROPY=291 L0_BLACKLIST=170
2026-10-02 20:50:29,4154,18.21,527,28,1163,1575,2579,L0_BLACKLIST=1080 UDP_ENTROPY=495
2026-10-02 20:50:30,5028,21.82,319,34,1710,1883,3145,L0_BLACKLIST=1422 UDP_ENTROPY=461
2026-10-02 20:50:31,5152,22.45,406,37,1906,1931,3221,L0_BLACKLIST=1437 UDP_ENTROPY=493 L2_UDP_CLOSED_PORT=1
2026-10-02 20:50:32,5714,23.07,365,36,2057,2026,3688,L0_BLACKLIST=1539 UDP_ENTROPY=487
2026-10-02 20:50:33,5148,22.42,296,35,1802,1938,3210,L0_BLACKLIST=1657 UDP_ENTROPY=281
2026-10-02 20:50:34,5046,24.44,357,33,1665,2209,2837,L0_BLACKLIST=1830 UDP_ENTROPY=379
2026-10-02 20:50:35,5966,24.59,404,33,1969,2214,3752,L0_BLACKLIST=1855 UDP_ENTROPY=359
2026-10-02 20:50:36,6031,25.5,393,34,2051,2196,3835,L0_BLACKLIST=1977 UDP_ENTROPY=219
2026-10-02 20:50:37,4671,26.25,323,26,1214,2354,2317,L0_BLACKLIST=2138 UDP_ENTROPY=216
2026-10-02 20:50:38,4029,20.31,246,25,1007,1811,2218,L0_BLACKLIST=1591 UDP_ENTROPY=220
2026-10-02 20:50:39,3353,18.63,209,18,604,1627,1726,L0_BLACKLIST=1503 UDP_ENTROPY=124
2026-10-02 20:50:40,3242,18.61,253,16,519,1665,1577,L0_BLACKLIST=1504 UDP_ENTROPY=161
2026-10-02 20:50:41,3124,20.0,169,17,531,1751,1373,L0_BLACKLIST=1652 UDP_ENTROPY=99
2026-10-02 20:50:42,2904,15.77,182,17,494,1386,1518,L0_BLACKLIST=1295 UDP_ENTROPY=91
2026-10-02 20:50:43,2939,17.96,224,16,470,1620,1319,L0_BLACKLIST=1482 UDP_ENTROPY=138
2026-10-02 20:50:44,3339,19.48,211,15,501,1722,1617,L0_BLACKLIST=1578 UDP_ENTROPY=144
2026-10-02 20:50:45,3734,20.74,211,26,971,1813,1921,L0_BLACKLIST=1674 UDP_ENTROPY=139
2026-10-02 20:50:46,3694,22.68,168,28,1034,1980,1714,L0_BLACKLIST=1896 UDP_ENTROPY=84
2026-10-02 20:50:47,3485,20.27,176,29,1011,1810,1675,L0_BLACKLIST=1677 UDP_ENTROPY=133
2026-10-02 20:50:48,2786,12.92,221,37,1031,1108,1678,L0_BLACKLIST=1045 UDP_ENTROPY=63
2026-10-02 20:50:49,2749,13.82,245,34,935,1203,1546,L0_BLACKLIST=1127 UDP_ENTROPY=76
2026-10-02 20:50:50,2321,10.24,234,37,859,897,1424,L0_BLACKLIST=811 UDP_ENTROPY=86
2026-10-02 20:50:51,2718,13.1,229,39,1060,1143,1575,L0_BLACKLIST=1062 UDP_ENTROPY=81
2026-10-02 20:50:52,3113,15.53,192,41,1276,1349,1764,L0_BLACKLIST=1273 UDP_ENTROPY=76
2026-10-02 20:50:53,3110,15.22,212,38,1182,1314,1796,L0_BLACKLIST=1243 UDP_ENTROPY=71
2026-10-02 20:50:54,2781,13.65,287,26,723,1189,1592,L0_BLACKLIST=1107 UDP_ENTROPY=82
2026-10-02 20:50:55,6497,63.45,144,12,780,5540,957,L0_BLACKLIST=5498 UDP_ENTROPY=42
2026-10-02 20:50:56,7633,79.13,25,9,687,6911,722,L0_BLACKLIST=6895 UDP_ENTROPY=16
2026-10-02 20:50:57,7395,76.26,23,10,740,6642,753,L0_BLACKLIST=6613 UDP_ENTROPY=29
2026-10-02 20:50:58,7724,79.9,23,9,695,7040,684,L0_BLACKLIST=7022 UDP_ENTROPY=18
2026-10-02 20:50:59,8338,86.98,24,8,667,7673,665,L0_BLACKLIST=7655 UDP_ENTROPY=18
2026-10-02 20:51:00,7985,82.62,25,9,719,7277,708,L0_BLACKLIST=7232 UDP_ENTROPY=45
2026-10-02 20:51:01,8895,92.93,26,8,712,8179,716,L0_BLACKLIST=8178 L2_UDP_CLOSED_PORT=1
2026-10-02 20:51:02,8641,90.35,25,8,691,7956,685,L0_BLACKLIST=7956
2026-10-02 20:51:03,9451,98.97,24,8,756,8731,720,L0_BLACKLIST=8731
2026-10-02 20:51:04,8459,87.98,23,8,677,7759,700,L0_BLACKLIST=7759
2026-10-02 20:51:05,8763,91.43,25,8,701,8067,696,L0_BLACKLIST=8067
2026-10-02 20:51:06,8312,86.25,22,8,665,7607,705,L0_BLACKLIST=7607
2026-10-02 20:51:07,6856,70.15,22,11,754,6087,769,L0_BLACKLIST=6087
2026-10-02 20:51:08,7931,81.94,24,11,872,7103,828,L0_BLACKLIST=7086 UDP_ENTROPY=17
2026-10-02 20:51:09,8260,85.97,24,8,661,7585,675,L0_BLACKLIST=7585
2026-10-02 20:51:10,8497,88.08,25,9,765,7764,733,L0_BLACKLIST=7731 UDP_ENTROPY=33
2026-10-02 20:51:11,9215,95.77,22,8,737,8457,758,L0_BLACKLIST=8457
2026-10-02 20:51:12,9001,93.8,24,8,720,8276,725,L0_BLACKLIST=8276
2026-10-02 20:51:13,8206,84.56,23,9,739,7458,748,L0_BLACKLIST=7458
2026-10-02 20:51:14,8662,90.02,24,8,693,7941,721,L0_BLACKLIST=7941
2026-10-02 20:51:15,8980,93.03,23,10,898,8072,908,L0_BLACKLIST=8072
2026-10-02 20:51:16,8905,92.17,24,9,801,8126,779,L0_BLACKLIST=8125 L1_BOGON_SRC=1
2026-10-02 20:51:17,9062,93.97,24,8,725,8289,773,L0_BLACKLIST=8289
2026-10-02 20:51:18,8247,84.39,25,10,825,7410,837,L0_BLACKLIST=7410
2026-10-02 20:51:19,8704,89.61,24,10,870,7835,869,L0_BLACKLIST=7835
2026-10-02 20:51:20,8025,81.75,23,10,802,7190,835,L0_BLACKLIST=7190
2026-10-02 20:51:21,8974,92.54,23,9,808,8164,810,L0_BLACKLIST=8164
2026-10-02 20:51:22,8814,91.12,24,9,793,7995,819,L0_BLACKLIST=7995
2026-10-02 20:51:23,9313,96.58,106,9,838,8507,806,L0_BLACKLIST=7671 UDP_ENTROPY=836
2026-10-02 20:51:24,7552,76.31,34,11,831,6726,826,L0_BLACKLIST=6495 UDP_ENTROPY=231
2026-10-02 20:51:25,6584,65.83,33,12,790,5781,803,L0_BLACKLIST=5574 UDP_ENTROPY=207
2026-10-02 20:51:26,5325,52.63,31,13,692,4615,710,L0_BLACKLIST=4521 UDP_ENTROPY=93 UDP_BLACKLISTED=1
2026-10-02 20:51:27,6701,68.06,31,12,804,5889,812,L0_BLACKLIST=5858 UDP_ENTROPY=31
2026-10-02 20:51:28,6945,70.5,29,11,764,6161,784,L0_BLACKLIST=6156 UDP_ENTROPY=5
2026-10-02 20:51:29,2398,19.38,23,30,719,1664,734,L0_BLACKLIST=1658 UDP_ENTROPY=6
2026-10-02 20:51:30,5129,50.06,234,16,821,4295,834,L0_BLACKLIST=2719 UDP_ENTROPY=1575 UDP_BLACKLISTED=1
2026-10-02 20:51:31,4885,47.24,85,15,733,4144,741,L0_BLACKLIST=3354 UDP_ENTROPY=789 L2_UDP_CLOSED_PORT=1
2026-10-02 20:51:32,4968,48.09,56,15,745,4212,756,L0_BLACKLIST=3627 UDP_ENTROPY=585
2026-10-02 20:51:33,4909,47.57,51,15,736,4165,744,L0_BLACKLIST=3872 UDP_ENTROPY=293
2026-10-02 20:51:34,5018,48.69,41,15,753,4266,752,L0_BLACKLIST=4074 UDP_ENTROPY=192
2026-10-02 20:51:35,4755,45.33,42,17,808,3922,833,L0_BLACKLIST=3762 UDP_ENTROPY=160
2026-10-02 20:51:36,4956,47.77,40,16,793,4187,769,L0_BLACKLIST=4172 UDP_ENTROPY=15
2026-10-02 20:51:37,5080,48.95,41,17,864,4189,891,L0_BLACKLIST=4174 UDP_ENTROPY=15
2026-10-02 20:51:38,5032,47.75,42,17,855,4176,856,L0_BLACKLIST=4155 UDP_ENTROPY=21
2026-10-02 20:51:39,8199,16.22,423,64,5247,1476,6723,L0_BLACKLIST=1011 UDP_ENTROPY=465
2026-10-02 20:51:40,4774,10.88,330,58,2769,906,3868,L0_BLACKLIST=736 UDP_ENTROPY=170
2026-10-02 20:51:41,3448,8.43,330,49,1690,680,2768,L0_BLACKLIST=591 UDP_ENTROPY=89
2026-10-02 20:51:42,3887,9.53,298,60,2332,850,3037,L0_BLACKLIST=640 UDP_ENTROPY=210
2026-10-02 20:51:43,4236,9.42,315,62,2626,801,3435,L0_BLACKLIST=624 UDP_ENTROPY=177
2026-10-02 20:51:44,3724,9.43,322,59,2197,829,2895,L0_BLACKLIST=609 UDP_ENTROPY=220
2026-10-02 20:51:45,4154,8.99,326,61,2534,774,3380,L0_BLACKLIST=589 UDP_ENTROPY=185
2026-10-02 20:51:46,2828,9.47,195,53,1499,792,2036,L0_BLACKLIST=709 UDP_ENTROPY=83
2026-10-02 20:51:47,2236,7.77,244,36,805,667,1569,L0_BLACKLIST=583 UDP_ENTROPY=84
2026-10-02 20:51:48,2238,9.22,310,27,604,806,1432,L0_BLACKLIST=699 UDP_ENTROPY=107
2026-10-02 20:51:49,2416,8.32,227,48,1160,721,1695,L0_BLACKLIST=624 UDP_ENTROPY=97
2026-10-02 20:51:50,2536,9.29,166,52,1319,792,1744,L0_BLACKLIST=708 UDP_ENTROPY=84
2026-10-02 20:51:51,2466,8.94,179,48,1184,769,1697,L0_BLACKLIST=673 UDP_ENTROPY=96
2026-10-02 20:51:52,2241,8.25,179,50,1120,698,1543,L0_BLACKLIST=629 UDP_ENTROPY=69
2026-10-02 20:51:53,2415,9.36,195,45,1087,823,1592,L0_BLACKLIST=719 UDP_ENTROPY=104
2026-10-02 20:51:54,2551,8.87,168,55,1403,771,1780,L0_BLACKLIST=657 UDP_ENTROPY=114
2026-10-02 20:51:55,2628,9.14,165,53,1393,787,1841,L0_BLACKLIST=698 UDP_ENTROPY=89
2026-10-02 20:51:56,2441,8.12,185,48,1172,695,1746,L0_BLACKLIST=609 UDP_ENTROPY=86
2026-10-02 20:51:57,2331,8.02,232,34,793,694,1637,L0_BLACKLIST=605 UDP_ENTROPY=89
2026-10-02 20:51:58,887,8.17,75,11,98,701,186,L0_BLACKLIST=688 UDP_ENTROPY=13
2026-10-02 20:51:59,734,7.69,28,9,66,667,67,L0_BLACKLIST=660 UDP_ENTROPY=7
2026-10-02 20:52:00,677,7.2,25,8,54,622,55,L0_BLACKLIST=619 UDP_ENTROPY=3
2026-10-02 20:52:01,649,6.93,30,7,45,604,45,L0_BLACKLIST=597 UDP_ENTROPY=6 L2_UDP_CLOSED_PORT=1
2026-10-02 20:52:02,695,7.41,27,8,56,641,54,L0_BLACKLIST=636 UDP_ENTROPY=5
2026-10-02 20:52:03,706,7.37,26,10,71,638,68,L0_BLACKLIST=636 UDP_ENTROPY=2
2026-10-02 20:52:04,763,7.66,23,13,99,663,100,L0_BLACKLIST=662 UDP_ENTROPY=1
2026-10-02 20:52:05,723,7.59,27,9,65,657,66,L0_BLACKLIST=656 UDP_ENTROPY=1
2026-10-02 20:52:06,772,8.04,29,10,77,698,74,L0_BLACKLIST=695 UDP_ENTROPY=3
2026-10-02 20:52:07,762,8.12,29,8,61,703,59,L0_BLACKLIST=701 UDP_ENTROPY=2
2026-10-02 20:52:08,3130,30.25,32,18,563,2582,548,L0_BLACKLIST=2581 UDP_ENTROPY=1
2026-10-02 20:52:09,4620,43.63,32,18,832,3788,832,L0_BLACKLIST=3783 UDP_ENTROPY=5
2026-10-02 20:52:10,3839,35.29,31,21,806,3033,806,L0_BLACKLIST=3025 UDP_ENTROPY=8
2026-10-02 20:52:11,3337,28.74,31,26,868,2468,869,L0_BLACKLIST=2467 UDP_ENTROPY=1
2026-10-02 20:52:12,2994,25.78,31,26,778,2216,778,L0_BLACKLIST=2213 UDP_ENTROPY=3
2026-10-02 20:52:13,3367,30.03,29,23,774,2594,773,L0_BLACKLIST=2587 UDP_ENTROPY=6 TCP_OUT_OF_STATE=1
2026-10-02 20:52:14,4740,45.62,29,16,758,3995,745,L0_BLACKLIST=3979 UDP_ENTROPY=16
2026-10-02 20:52:15,4774,44.78,29,18,859,3905,869,L0_BLACKLIST=3905
2026-10-02 20:52:16,5116,49.24,30,16,819,4287,829,L0_BLACKLIST=4263 UDP_ENTROPY=24
2026-10-02 20:52:17,4789,45.74,29,17,814,3990,799,L0_BLACKLIST=3988 UDP_ENTROPY=2
2026-10-02 20:52:18,4746,45.14,27,17,807,3948,798,L0_BLACKLIST=3948
2026-10-02 20:52:19,4856,46.07,28,19,923,3924,932,L0_BLACKLIST=3924
2026-10-02 20:52:20,5155,49.56,28,18,928,4241,914,L0_BLACKLIST=4241
2026-10-02 20:52:21,5174,49.8,28,16,828,4357,817,L0_BLACKLIST=4357
2026-10-02 20:52:22,5158,49.44,30,16,825,4331,827,L0_BLACKLIST=4318 UDP_ENTROPY=12 L1_BOGON_SRC=1
2026-10-02 20:52:23,10110,105.75,372,9,910,9244,866,L0_BLACKLIST=7592 UDP_ENTROPY=1652
2026-10-02 20:52:24,9125,96.0,190,8,730,8416,709,L0_BLACKLIST=6574 UDP_ENTROPY=1842
2026-10-02 20:52:25,9230,97.25,112,8,738,8514,716,L0_BLACKLIST=7147 UDP_ENTROPY=1367
2026-10-02 20:52:26,9042,94.44,93,9,814,8266,776,L0_BLACKLIST=7470 UDP_ENTROPY=795 UDP_BLACKLISTED=1
2026-10-02 20:52:27,8442,88.01,84,9,760,7694,748,L0_BLACKLIST=7349 UDP_ENTROPY=345
2026-10-02 20:52:28,9392,99.03,78,8,751,8669,723,L0_BLACKLIST=8380 UDP_ENTROPY=289
2026-10-02 20:52:29,8508,88.97,74,9,766,7759,749,L0_BLACKLIST=7645 UDP_ENTROPY=114
2026-10-02 20:52:30,7745,79.75,70,11,852,6883,862,L0_BLACKLIST=6772 UDP_ENTROPY=111
2026-10-02 20:52:31,6789,67.5,62,15,1018,5767,1022,L0_BLACKLIST=5694 UDP_ENTROPY=72 L2_UDP_CLOSED_PORT=1
2026-10-02 20:52:32,7055,70.8,54,13,917,6161,894,L0_BLACKLIST=6076 UDP_ENTROPY=85
2026-10-02 20:52:33,6470,64.63,53,13,841,5609,861,L0_BLACKLIST=5544 UDP_ENTROPY=65
2026-10-02 20:52:34,6591,65.84,49,13,857,5728,863,L0_BLACKLIST=5666 UDP_ENTROPY=62
2026-10-02 20:52:35,6583,65.77,51,13,856,5713,870,L0_BLACKLIST=5681 UDP_ENTROPY=32
2026-10-02 20:52:36,7294,73.9,50,13,948,6333,961,L0_BLACKLIST=6275 UDP_ENTROPY=58
2026-10-02 20:52:37,6436,64.49,47,13,837,5568,868,L0_BLACKLIST=5560 UDP_ENTROPY=8
2026-10-02 20:52:38,6507,64.78,48,13,846,5630,877,L0_BLACKLIST=5620 UDP_ENTROPY=9 TCP_OUT_OF_STATE=1
2026-10-02 20:52:39,6954,70.04,44,12,834,6095,859,L0_BLACKLIST=6091 UDP_ENTROPY=4
2026-10-02 20:52:40,6160,61.13,43,14,862,5312,848,L0_BLACKLIST=5309 UDP_ENTROPY=3
2026-10-02 20:52:41,7112,71.72,42,12,853,6219,893,L0_BLACKLIST=6210 UDP_ENTROPY=9
2026-10-02 20:52:42,6769,68.0,43,14,948,5833,936,L0_BLACKLIST=5826 UDP_ENTROPY=7
2026-10-02 20:52:43,7159,72.41,43,12,859,6291,868,L0_BLACKLIST=6281 UDP_ENTROPY=10
2026-10-02 20:52:44,7333,74.34,42,12,880,6433,900,L0_BLACKLIST=6426 UDP_ENTROPY=7
2026-10-02 20:52:45,7064,71.28,39,12,848,6196,868,L0_BLACKLIST=6191 UDP_ENTROPY=5
2026-10-02 20:52:46,6377,63.4,40,14,893,5502,875,L0_BLACKLIST=5497 UDP_ENTROPY=5
2026-10-02 20:52:47,6874,68.93,38,13,894,5984,890,L0_BLACKLIST=5980 UDP_ENTROPY=4
2026-10-02 20:52:48,6070,60.21,39,14,850,5229,841,L0_BLACKLIST=5229
2026-10-02 20:52:49,7306,74.36,40,11,804,6472,834,L0_BLACKLIST=6463 UDP_ENTROPY=9
2026-10-02 20:52:50,6507,65.03,40,13,846,5644,863,L0_BLACKLIST=5642 UDP_ENTROPY=2
2026-10-02 20:52:51,7432,75.61,41,13,966,6449,983,L0_BLACKLIST=6449
2026-10-02 20:52:52,6664,66.15,39,14,933,5745,919,L0_BLACKLIST=5745
2026-10-02 20:52:53,7378,74.06,40,14,1033,6341,1037,L0_BLACKLIST=6332 UDP_ENTROPY=9
2026-10-02 20:52:54,6566,65.06,38,14,919,5653,913,L0_BLACKLIST=5653
2026-10-02 20:52:55,7344,73.77,41,13,955,6402,942,L0_BLACKLIST=6400 UDP_ENTROPY=2
2026-10-02 20:52:56,6630,65.14,37,15,994,5640,990,L0_BLACKLIST=5637 UDP_ENTROPY=3
2026-10-02 20:52:57,7157,70.93,36,14,1002,6118,1039,L0_BLACKLIST=6114 UDP_ENTROPY=4
2026-10-02 20:52:58,6665,65.93,37,14,933,5722,943,L0_BLACKLIST=5713 UDP_ENTROPY=9
2026-10-02 20:52:59,7234,72.15,35,13,940,6264,970,L0_BLACKLIST=6258 UDP_ENTROPY=6
2026-10-02 20:53:00,7062,70.1,37,15,1059,6002,1060,L0_BLACKLIST=6000 UDP_ENTROPY=2
2026-10-02 20:53:01,7217,71.79,36,14,1010,6232,985,L0_BLACKLIST=6216 UDP_ENTROPY=15 L2_UDP_CLOSED_PORT=1
2026-10-02 20:53:02,7091,70.37,35,14,993,6114,977,L0_BLACKLIST=6114
2026-10-02 20:53:03,6694,65.5,34,15,1004,5682,1012,L0_BLACKLIST=5682
2026-10-02 20:53:04,7204,71.52,35,15,1081,6087,1117,L0_BLACKLIST=6087
2026-10-02 20:53:05,6768,66.54,34,15,1015,5773,995,L0_BLACKLIST=5773
2026-10-02 20:53:06,7405,73.47,35,15,1111,6305,1100,L0_BLACKLIST=6304 UDP_ENTROPY=1
2026-10-02 20:53:07,6875,67.59,34,15,1031,5846,1029,L0_BLACKLIST=5846
2026-10-02 20:53:08,7339,73.47,36,13,954,6389,950,L0_BLACKLIST=6375 UDP_ENTROPY=14
2026-10-02 20:53:09,6702,65.86,33,15,1005,5713,989,L0_BLACKLIST=5713
2026-10-02 20:53:10,7086,70.56,35,13,921,6131,955,L0_BLACKLIST=6131
2026-10-02 20:53:11,6785,66.76,37,15,1018,5756,1029,L0_BLACKLIST=5756
2026-10-02 20:53:12,7321,72.95,35,13,952,6344,977,L0_BLACKLIST=6344
2026-10-02 20:53:13,6705,66.42,35,14,939,5759,946,L0_BLACKLIST=5759
2026-10-02 20:53:14,7188,71.32,33,14,1006,6198,990,L0_BLACKLIST=6198
2026-10-02 20:53:15,6959,68.24,33,16,1113,5823,1136,L0_BLACKLIST=5823
2026-10-02 20:53:16,8786,54.54,152,43,3778,4928,3858,L0_BLACKLIST=4438 UDP_ENTROPY=490
2026-10-02 20:53:17,9086,20.82,184,74,6724,1651,7435,L0_BLACKLIST=1451 UDP_ENTROPY=200
2026-10-02 20:53:18,6751,19.34,198,68,4591,1687,5064,L0_BLACKLIST=1377 UDP_ENTROPY=310
2026-10-02 20:53:19,4854,16.76,173,57,2767,1438,3416,L0_BLACKLIST=1259 UDP_ENTROPY=179
2026-10-02 20:53:20,4371,17.93,214,50,2186,1572,2799,L0_BLACKLIST=1381 UDP_ENTROPY=191
2026-10-02 20:53:21,3874,12.58,234,57,2208,1092,2782,L0_BLACKLIST=921 UDP_ENTROPY=171
2026-10-02 20:53:22,4588,14.14,226,62,2845,1235,3353,L0_BLACKLIST=1014 UDP_ENTROPY=221
2026-10-02 20:53:23,4220,13.68,295,58,2448,1184,3036,L0_BLACKLIST=780 UDP_ENTROPY=404
2026-10-02 20:53:24,4403,6.78,294,68,2994,564,3839,UDP_ENTROPY=503 L0_BLACKLIST=61
2026-10-02 20:53:25,3139,8.87,267,59,1852,773,2366,UDP_ENTROPY=688 L0_BLACKLIST=85
2026-10-02 20:53:26,1989,4.2,215,60,1193,324,1665,UDP_ENTROPY=301 L0_BLACKLIST=23
2026-10-02 20:53:27,1858,4.32,238,42,780,365,1493,UDP_ENTROPY=339 L0_BLACKLIST=26
2026-10-02 20:53:28,1973,4.67,186,49,967,393,1580,UDP_ENTROPY=289 L0_BLACKLIST=103 L1_BOGON_SRC=1
2026-10-02 20:53:29,2125,4.43,147,66,1402,371,1754,UDP_ENTROPY=233 L0_BLACKLIST=138
2026-10-02 20:53:30,2093,4.84,193,58,1214,409,1684,L0_BLACKLIST=215 UDP_ENTROPY=194
2026-10-02 20:53:31,2206,4.97,185,60,1324,424,1782,UDP_ENTROPY=221 L0_BLACKLIST=202 L2_UDP_CLOSED_PORT=1
2026-10-02 20:53:32,1904,4.61,151,54,1028,376,1528,L0_BLACKLIST=202 UDP_ENTROPY=174
2026-10-02 20:53:33,2076,4.54,182,51,1059,366,1710,L0_BLACKLIST=228 UDP_ENTROPY=138
2026-10-02 20:53:34,2211,4.06,207,58,1282,314,1897,L0_BLACKLIST=208 UDP_ENTROPY=106
2026-10-02 20:53:35,2052,3.73,265,47,964,297,1755,L0_BLACKLIST=201 UDP_ENTROPY=96
2026-10-02 20:53:36,2202,3.84,330,24,528,290,1912,L0_BLACKLIST=185 UDP_ENTROPY=105
2026-10-02 20:53:37,1400,3.36,236,18,252,272,1128,L0_BLACKLIST=190 UDP_ENTROPY=82
2026-10-02 20:53:38,253,2.55,20,17,43,210,43,L0_BLACKLIST=185 UDP_ENTROPY=25
2026-10-02 20:53:39,274,2.88,28,11,30,244,30,L0_BLACKLIST=196 UDP_ENTROPY=48
2026-10-02 20:53:40,239,2.49,23,14,33,206,33,L0_BLACKLIST=166 UDP_ENTROPY=40
2026-10-02 20:53:41,207,2.24,25,9,19,189,18,L0_BLACKLIST=156 UDP_ENTROPY=33
2026-10-02 20:53:42,267,2.76,22,14,37,229,38,L0_BLACKLIST=212 UDP_ENTROPY=17
2026-10-02 20:53:43,228,2.45,22,9,21,207,21,L0_BLACKLIST=181 UDP_ENTROPY=26
2026-10-02 20:53:44,213,2.22,20,15,32,182,31,L0_BLACKLIST=178 UDP_ENTROPY=4
2026-10-02 20:53:45,232,2.5,20,9,21,211,21,L0_BLACKLIST=191 UDP_ENTROPY=20
2026-10-02 20:53:46,1253,13.13,25,10,125,1131,122,L0_BLACKLIST=1050 UDP_ENTROPY=81
2026-10-02 20:53:47,1958,20.33,26,15,294,1666,292,L0_BLACKLIST=1610 UDP_ENTROPY=56
2026-10-02 20:53:48,2215,23.31,24,9,199,2021,194,L0_BLACKLIST=2014 UDP_ENTROPY=7
2026-10-02 20:53:49,2445,25.95,24,7,171,2263,182,L0_BLACKLIST=2239 UDP_ENTROPY=24
2026-10-02 20:53:50,2459,25.18,24,15,369,2095,364,L0_BLACKLIST=2074 UDP_ENTROPY=21
2026-10-02 20:53:51,2537,26.75,24,8,203,2327,210,L0_BLACKLIST=2260 UDP_ENTROPY=67
2026-10-02 20:53:52,2690,28.46,23,8,215,2477,213,L0_BLACKLIST=2471 UDP_ENTROPY=6
2026-10-02 20:53:53,3610,33.51,24,26,939,2641,969,L0_BLACKLIST=2621 UDP_ENTROPY=20
2026-10-02 20:53:54,3685,31.53,22,30,1106,2597,1088,L0_BLACKLIST=2544 UDP_ENTROPY=53
2026-10-02 20:53:55,3286,26.43,20,32,1052,2235,1051,L0_BLACKLIST=2230 UDP_ENTROPY=5
2026-10-02 20:53:56,3758,32.06,21,29,1090,2647,1111,L0_BLACKLIST=2637 UDP_ENTROPY=10
2026-10-02 20:53:57,3710,30.27,21,30,1113,2592,1118,L0_BLACKLIST=2585 UDP_ENTROPY=7
2026-10-02 20:53:58,3387,27.46,21,34,1152,2254,1133,L0_BLACKLIST=2218 UDP_ENTROPY=36
2026-10-02 20:53:59,3365,27.18,21,31,1043,2317,1048,L0_BLACKLIST=2303 UDP_ENTROPY=13 TCP_OUT_OF_STATE=1
2026-10-02 20:54:00,3075,25.89,22,29,892,2183,892,L0_BLACKLIST=2174 UDP_ENTROPY=9
2026-10-02 20:54:01,2959,29.2,20,15,444,2520,439,L0_BLACKLIST=2514 L2_UDP_CLOSED_PORT=6
2026-10-02 20:54:02,2909,28.63,23,15,436,2468,441,L0_BLACKLIST=2394 L2_UDP_CLOSED_PORT=73 L2_SYN_CLOSED_PORT=1
2026-10-02 20:54:03,2854,28.21,23,15,428,2440,414,L0_BLACKLIST=2293 L2_UDP_CLOSED_PORT=145 L2_SYN_CLOSED_PORT=2
2026-10-02 20:54:04,2629,25.74,25,15,394,2222,407,L0_BLACKLIST=2103 L2_UDP_CLOSED_PORT=115 L2_SYN_CLOSED_PORT=3 TCP_OUT_OF_STATE=1
2026-10-02 20:54:05,2666,25.81,21,17,453,2226,440,L0_BLACKLIST=2184 L2_UDP_CLOSED_PORT=41 L2_SYN_CLOSED_PORT=1
2026-10-02 20:54:06,7594,12.68,142,80,6075,1977,5617,L2_UDP_CLOSED_PORT=873 L0_BLACKLIST=647 UDP_ENTROPY=457
2026-10-02 20:54:07,4755,6.49,221,77,3661,1308,3447,L2_UDP_CLOSED_PORT=800 L0_BLACKLIST=301 UDP_ENTROPY=207
2026-10-02 20:54:08,3289,5.92,254,62,2039,1351,1938,L2_UDP_CLOSED_PORT=921 L0_BLACKLIST=338 UDP_ENTROPY=92
2026-10-02 20:54:09,3556,6.13,210,66,2347,1361,2195,L2_UDP_CLOSED_PORT=906 L0_BLACKLIST=317 UDP_ENTROPY=138
2026-10-02 20:54:10,4026,6.64,185,71,2858,1262,2764,L2_UDP_CLOSED_PORT=786 L0_BLACKLIST=365 UDP_ENTROPY=111
2026-10-02 20:54:11,3561,5.73,224,68,2421,1267,2294,L2_UDP_CLOSED_PORT=840 L0_BLACKLIST=300 UDP_ENTROPY=127
2026-10-02 20:54:12,4389,5.42,323,64,2809,1730,2659,L2_UDP_CLOSED_PORT=1368 L0_BLACKLIST=211 UDP_ENTROPY=151
2026-10-02 20:54:13,2745,4.36,228,59,1620,1197,1548,L2_UDP_CLOSED_PORT=918 L0_BLACKLIST=212 UDP_ENTROPY=67
2026-10-02 20:54:14,1956,4.08,207,42,822,1157,799,L2_UDP_CLOSED_PORT=919 L0_BLACKLIST=209 UDP_ENTROPY=29
2026-10-02 20:54:15,15314,11.46,5201,2,306,15012,302,L2_UDP_CLOSED_PORT=14803 L0_BLACKLIST=196 UDP_ENTROPY=13
2026-10-02 20:54:16,18862,13.7,6305,3,566,18298,564,L2_UDP_CLOSED_PORT=18085 L0_BLACKLIST=186 UDP_ENTROPY=27
2026-10-02 20:54:17,19782,14.4,6617,4,791,18996,786,L2_UDP_CLOSED_PORT=18767 L0_BLACKLIST=187 UDP_ENTROPY=42
2026-10-02 20:54:18,19157,13.05,6535,4,766,18491,666,L2_UDP_CLOSED_PORT=18346 L0_BLACKLIST=115 UDP_ENTROPY=30
2026-10-02 20:54:19,17890,11.93,5173,4,716,17257,633,L2_UDP_CLOSED_PORT=17070 L0_BLACKLIST=154 UDP_ENTROPY=33
2026-10-02 20:54:20,1785,4.07,199,44,785,1028,757,L2_UDP_CLOSED_PORT=772 L0_BLACKLIST=231 UDP_ENTROPY=25
2026-10-02 20:54:21,1855,4.25,238,41,761,1134,721,L2_UDP_CLOSED_PORT=867 L0_BLACKLIST=228 UDP_ENTROPY=39
2026-10-02 20:54:22,1972,3.65,303,40,789,1221,751,L2_UDP_CLOSED_PORT=1016 L0_BLACKLIST=172 UDP_ENTROPY=33
2026-10-02 20:54:23,1757,2.74,359,33,580,1207,550,L2_UDP_CLOSED_PORT=1075 L0_BLACKLIST=112 UDP_ENTROPY=20
2026-10-02 20:54:24,1701,1.11,349,27,459,1259,442,L2_UDP_CLOSED_PORT=1242 UDP_ENTROPY=10 L0_BLACKLIST=7
2026-10-02 20:54:25,418,0.51,94,30,125,293,125,L2_UDP_CLOSED_PORT=277 L0_BLACKLIST=15 UDP_ENTROPY=1
2026-10-02 20:54:26,95,0.14,3,93,88,7,88,hb
2026-10-02 20:54:31,97,0.2,0,100,97,0,97,hb
2026-10-02 20:54:56,163,0.19,0,100,163,0,163,hb
2026-10-02 20:55:01,156,0.16,0,100,156,0,156,hb
2026-10-02 20:55:26,153,1.32,0,100,153,0,153,hb
2026-10-02 20:55:31,144,0.58,0,100,144,0,144,hb
2026-10-02 20:55:46,1935,2.57,110,83,1606,620,1315,L2_UDP_CLOSED_PORT=320 UDP_ENTROPY=300
2026-10-02 20:55:47,7334,4.33,322,76,5574,1940,5394,L2_UDP_CLOSED_PORT=1730 UDP_ENTROPY=210
2026-10-02 20:55:48,4090,2.74,310,65,2658,1546,2544,L2_UDP_CLOSED_PORT=1432 UDP_ENTROPY=114
2026-10-02 20:55:49,2987,2.01,318,58,1732,1355,1632,L2_UDP_CLOSED_PORT=1261 UDP_ENTROPY=94
2026-10-02 20:55:50,3264,2.12,428,52,1697,1631,1633,L2_UDP_CLOSED_PORT=1556 UDP_ENTROPY=75
2026-10-02 20:55:51,4013,2.3,383,58,2328,130,3883,UDP_ENTROPY=130
2026-10-02 20:55:52,3566,2.3,276,65,2318,224,3342,UDP_ENTROPY=224
2026-10-02 20:55:53,3477,2.5,214,63,2191,197,3280,UDP_ENTROPY=197
2026-10-02 20:55:54,4950,2.99,296,59,2920,232,4718,UDP_ENTROPY=232
2026-10-02 20:55:55,4096,2.71,348,56,2294,242,3854,UDP_ENTROPY=242
2026-10-02 20:55:56,2919,2.04,265,49,1430,176,2743,UDP_ENTROPY=176
2026-10-02 20:55:57,2668,1.6,213,53,1414,106,2562,UDP_ENTROPY=105 TCP_OUT_OF_STATE=1
2026-10-02 20:55:58,1961,1.21,139,55,1079,68,1893,UDP_ENTROPY=68
2026-10-02 20:55:59,1874,1.3,187,48,900,126,1748,UDP_ENTROPY=126
2026-10-02 20:56:00,1753,1.26,140,54,947,85,1668,UDP_ENTROPY=85
2026-10-02 20:56:01,1809,1.17,126,57,1031,97,1712,UDP_ENTROPY=96 L2_UDP_CLOSED_PORT=1
2026-10-02 20:56:02,1646,1.1,280,41,675,79,1567,UDP_ENTROPY=79
2026-10-02 20:56:03,1807,1.18,343,37,669,89,1718,UDP_ENTROPY=89
2026-10-02 20:56:04,1790,1.21,311,41,734,95,1695,UDP_ENTROPY=95
2026-10-02 20:56:05,1935,1.23,278,46,890,88,1847,UDP_ENTROPY=88
2026-10-02 20:56:06,1539,1.1,148,47,723,83,1456,UDP_ENTROPY=83
2026-10-02 20:56:07,1912,1.41,175,56,1071,148,1764,UDP_ENTROPY=148
2026-10-02 20:56:08,1885,1.37,168,50,942,109,1776,UDP_ENTROPY=109
2026-10-02 20:56:09,2018,1.26,160,55,1110,91,1927,UDP_ENTROPY=91
2026-10-02 20:56:10,2210,1.7,186,55,1216,121,2089,UDP_ENTROPY=121
2026-10-02 20:56:11,2204,1.57,200,50,1102,146,2058,UDP_ENTROPY=146
2026-10-02 20:56:12,2186,1.42,216,40,874,102,2084,UDP_ENTROPY=102
2026-10-02 20:56:13,2155,1.28,222,40,862,75,2080,UDP_ENTROPY=75
2026-10-02 20:56:14,2057,1.57,279,26,535,156,1901,UDP_ENTROPY=156
2026-10-02 20:56:15,2148,1.44,257,33,709,121,2027,UDP_ENTROPY=121
2026-10-02 20:56:16,1205,0.97,188,36,434,81,1124,UDP_ENTROPY=81
2026-10-02 20:56:17,85,0.26,0,98,83,0,85,hb
2026-10-02 20:56:31,6731,3.45,337,80,5385,0,6731,hb
2026-10-02 20:56:32,6124,3.46,402,77,4715,220,5904,UDP_ENTROPY=220
2026-10-02 20:56:33,3167,1.89,289,66,2090,129,3038,UDP_ENTROPY=129
2026-10-02 20:56:34,2938,1.83,287,62,1822,114,2824,UDP_ENTROPY=114
2026-10-02 20:56:35,4783,2.9,490,73,3492,214,4569,UDP_ENTROPY=214
2026-10-02 20:56:36,3587,2.17,389,76,2726,126,3461,UDP_ENTROPY=126
2026-10-02 20:56:37,3155,1.9,379,76,2398,133,3022,UDP_ENTROPY=133
2026-10-02 20:56:38,2977,1.82,452,66,1965,101,2876,UDP_ENTROPY=101
2026-10-02 20:56:39,2720,1.62,349,71,1931,101,2619,UDP_ENTROPY=101
2026-10-02 20:56:40,2276,1.5,231,78,1775,115,2161,UDP_ENTROPY=115
2026-10-02 20:56:41,2611,1.56,340,70,1828,88,2523,UDP_ENTROPY=88
2026-10-02 20:56:42,1940,1.22,297,64,1242,69,1871,UDP_ENTROPY=69
2026-10-02 20:56:43,1536,0.96,284,62,952,63,1473,UDP_ENTROPY=63
2026-10-02 20:56:44,1536,1.06,284,62,952,76,1460,UDP_ENTROPY=76
2026-10-02 20:56:45,1720,1.07,294,60,1032,71,1649,UDP_ENTROPY=71
2026-10-02 20:56:46,1682,1.07,257,65,1093,60,1622,UDP_ENTROPY=59 L1_BOGON_SRC=1
2026-10-02 20:56:47,1763,1.11,268,69,1216,75,1688,UDP_ENTROPY=75
2026-10-02 20:56:48,1721,1.1,280,65,1119,59,1662,UDP_ENTROPY=59
2026-10-02 20:56:49,1722,1.09,247,69,1188,67,1655,UDP_ENTROPY=67
2026-10-02 20:56:50,1702,1.13,326,58,987,70,1632,UDP_ENTROPY=70
2026-10-02 20:56:51,1100,0.66,174,65,715,30,1070,UDP_ENTROPY=30
2026-10-02 20:56:52,925,0.66,154,62,574,37,888,UDP_ENTROPY=37
2026-10-02 20:56:53,815,0.53,195,54,440,27,788,UDP_ENTROPY=27
2026-10-02 20:56:54,141,0.19,55,39,55,0,141,hb
2026-10-02 20:57:01,9,0.05,0,100,9,0,9,hb
2026-10-02 20:57:24,42,0.1,0,90,38,0,42,hb
2026-10-02 20:57:31,88,0.17,0,91,80,0,88,hb
2026-10-02 20:57:48,1092,2.11,99,83,906,191,901,UDP_ENTROPY=191
2026-10-02 20:57:49,7966,5.4,262,84,6691,419,7547,UDP_ENTROPY=419
2026-10-02 20:57:50,4032,2.49,245,75,3024,188,3844,UDP_ENTROPY=188
2026-10-02 20:57:51,3063,2.06,216,71,2175,184,2879,UDP_ENTROPY=184
2026-10-02 20:57:52,3246,2.23,318,67,2175,222,3024,UDP_ENTROPY=221 L1_BOGON_SRC=1
2026-10-02 20:57:53,3750,2.39,295,71,2662,184,3566,UDP_ENTROPY=184
2026-10-02 20:57:54,3212,2.36,178,78,2505,200,3012,UDP_ENTROPY=200
2026-10-02 20:57:55,3890,2.46,255,73,2840,179,3711,UDP_ENTROPY=179
2026-10-02 20:57:56,2280,1.5,180,73,1664,120,2160,UDP_ENTROPY=120
2026-10-02 20:57:57,1679,1.14,121,75,1259,90,1589,UDP_ENTROPY=90
2026-10-02 20:57:58,1504,1.04,125,67,1008,98,1406,UDP_ENTROPY=98
2026-10-02 20:57:59,2006,1.44,118,67,1344,124,1882,UDP_ENTROPY=124
2026-10-02 20:58:00,2119,1.33,102,68,1441,92,2027,UDP_ENTROPY=92
2026-10-02 20:58:01,1852,1.35,162,64,1185,121,1731,UDP_ENTROPY=120 L2_UDP_CLOSED_PORT=1
2026-10-02 20:58:02,1917,1.28,228,55,1054,109,1808,UDP_ENTROPY=109
2026-10-02 20:58:03,1942,1.36,227,60,1165,110,1832,UDP_ENTROPY=110
2026-10-02 20:58:04,1749,1.06,136,72,1259,43,1706,UDP_ENTROPY=43
2026-10-02 20:58:05,1949,1.24,148,76,1481,80,1869,UDP_ENTROPY=80
2026-10-02 20:58:06,2092,1.33,152,74,1548,89,2003,UDP_ENTROPY=89
2026-10-02 20:58:07,1858,1.2,151,70,1301,88,1770,UDP_ENTROPY=88
2026-10-02 20:58:08,1704,1.13,170,61,1039,69,1635,UDP_ENTROPY=69
2026-10-02 20:58:31,250,1.52,0,98,245,0,250,hb
2026-10-02 20:58:41,5891,4.51,251,80,4713,384,5507,UDP_ENTROPY=384
2026-10-02 20:58:42,4894,3.03,378,68,3328,237,4657,UDP_ENTROPY=237
2026-10-02 20:58:43,2955,1.82,219,71,2098,109,2846,UDP_ENTROPY=109
2026-10-02 20:58:44,3039,1.95,253,72,2188,157,2882,UDP_ENTROPY=157
2026-10-02 20:58:45,3737,2.5,306,72,2691,189,3548,UDP_ENTROPY=189
2026-10-02 20:58:46,3256,2.02,167,83,2702,153,3103,UDP_ENTROPY=153
2026-10-02 20:58:47,4032,2.61,191,80,3226,218,3814,UDP_ENTROPY=218
2026-10-02 20:58:48,2497,1.53,130,78,1948,101,2396,UDP_ENTROPY=101
2026-10-02 20:58:49,1720,1.23,89,81,1393,104,1616,UDP_ENTROPY=104
2026-10-02 20:58:50,1526,1.0,99,79,1206,71,1455,UDP_ENTROPY=71
2026-10-02 20:58:51,1713,1.18,119,80,1370,98,1615,UDP_ENTROPY=98
2026-10-02 20:58:52,1877,1.18,117,78,1464,94,1783,UDP_ENTROPY=94
2026-10-02 20:58:53,1870,1.23,157,67,1253,81,1789,UDP_ENTROPY=81
2026-10-02 20:58:54,1865,1.24,136,72,1343,97,1768,UDP_ENTROPY=97
2026-10-02 20:58:55,1613,1.16,99,81,1307,92,1521,UDP_ENTROPY=92
2026-10-02 20:58:56,1837,1.23,96,80,1470,100,1737,UDP_ENTROPY=100
2026-10-02 20:58:57,2134,1.46,93,81,1729,114,2020,UDP_ENTROPY=113 L1_BOGON_SRC=1
2026-10-02 20:58:58,2029,1.41,105,80,1623,137,1892,UDP_ENTROPY=137
2026-10-02 20:58:59,1984,1.41,131,76,1508,128,1856,UDP_ENTROPY=128
2026-10-02 20:59:00,1064,0.71,90,66,702,45,1019,UDP_ENTROPY=44 L2_UDP_CLOSED_PORT=1
2026-10-02 20:59:01,50,0.17,0,100,50,0,50,hb
2026-10-02 20:59:31,322,0.29,0,99,319,0,322,hb
2026-10-02 20:59:48,3451,2.8,400,35,1208,258,3193,UDP_ENTROPY=258
2026-10-02 20:59:49,3078,2.36,357,38,1170,218,2860,UDP_ENTROPY=218
2026-10-02 20:59:50,3361,2.33,584,30,1008,226,3135,UDP_ENTROPY=226
2026-10-02 20:59:51,3675,2.5,864,18,662,236,3439,UDP_ENTROPY=236
2026-10-02 20:59:52,3463,2.36,728,18,623,214,3249,UDP_ENTROPY=214
2026-10-02 20:59:53,4004,2.49,833,17,681,205,3799,UDP_ENTROPY=205
2026-10-02 20:59:54,2747,1.98,641,19,522,182,2565,UDP_ENTROPY=182
2026-10-02 20:59:55,1903,1.26,414,21,400,97,1806,UDP_ENTROPY=97
2026-10-02 20:59:56,1624,1.18,335,18,292,86,1538,UDP_ENTROPY=86
2026-10-02 20:59:57,1630,1.23,414,23,375,123,1507,UDP_ENTROPY=123
2026-10-02 20:59:58,1922,1.27,422,18,346,88,1834,UDP_ENTROPY=88
2026-10-02 20:59:59,1818,1.21,379,18,327,85,1733,UDP_ENTROPY=85
2026-10-02 21:00:00,2065,1.48,456,18,372,131,1934,UDP_ENTROPY=131
2026-10-02 21:00:01,1625,1.11,382,18,292,100,1525,UDP_ENTROPY=99 L2_UDP_CLOSED_PORT=1
2026-10-02 21:00:02,1816,1.27,367,4,73,94,1722,UDP_ENTROPY=94
2026-10-02 21:00:03,2102,1.42,494,2,42,118,1984,UDP_ENTROPY=118
2026-10-02 21:00:04,2095,1.45,499,2,42,127,1968,UDP_ENTROPY=126 L1_BOGON_SRC=1
2026-10-02 21:00:05,1955,1.29,407,1,20,101,1854,UDP_ENTROPY=101
2026-10-02 21:00:06,1687,1.26,431,2,34,123,1564,UDP_ENTROPY=123
2026-10-02 21:00:07,304,0.21,101,8,24,0,304,hb
2026-10-02 21:00:16,7220,5.09,1264,21,1516,509,6711,UDP_ENTROPY=509
2026-10-02 21:00:17,4034,2.29,824,10,403,142,3892,UDP_ENTROPY=142
2026-10-02 21:00:18,3023,1.93,234,66,1995,139,2884,UDP_ENTROPY=139
2026-10-02 21:00:19,3386,2.04,478,33,1117,142,3244,UDP_ENTROPY=142
2026-10-02 21:00:20,3743,2.32,586,34,1273,150,3593,UDP_ENTROPY=150
2026-10-02 21:00:21,3584,2.32,661,33,1183,192,3392,UDP_ENTROPY=192
2026-10-02 21:00:22,3634,2.23,634,35,1272,146,3488,UDP_ENTROPY=146
2026-10-02 21:00:23,2088,1.23,361,31,647,75,2013,UDP_ENTROPY=75
2026-10-02 21:00:24,1590,1.03,233,32,509,58,1532,UDP_ENTROPY=58
2026-10-02 21:00:25,1611,1.09,235,36,580,86,1525,UDP_ENTROPY=86
2026-10-02 21:00:26,1993,1.39,305,38,757,108,1885,UDP_ENTROPY=108
2026-10-02 21:00:27,1918,1.24,333,33,633,94,1824,UDP_ENTROPY=94
2026-10-02 21:00:28,1922,1.21,321,33,634,91,1831,UDP_ENTROPY=91
2026-10-02 21:00:29,1670,1.08,258,29,484,80,1590,UDP_ENTROPY=80
2026-10-02 21:00:30,1774,1.23,247,36,639,89,1685,UDP_ENTROPY=89
2026-10-02 21:00:31,2062,1.35,326,37,763,107,1955,UDP_ENTROPY=106 L2_UDP_CLOSED_PORT=1
2026-10-02 21:00:32,2012,1.36,471,10,201,98,1914,UDP_ENTROPY=98
2026-10-02 21:00:33,2009,1.28,486,4,80,94,1915,UDP_ENTROPY=94
2026-10-02 21:00:34,1657,1.08,360,3,50,68,1589,UDP_ENTROPY=68
2026-10-02 21:00:37,34,0.1,1,97,33,0,34,hb
2026-10-02 21:01:17,719,0.55,18,95,683,0,719,hb
2026-10-02 21:01:30,6959,6.21,615,35,2436,804,6155,UDP_ENTROPY=804
2026-10-02 21:01:31,8390,4.78,578,55,4614,227,8163,UDP_ENTROPY=226 L2_UDP_CLOSED_PORT=1
2026-10-02 21:01:32,5863,3.41,533,44,2580,196,5667,UDP_ENTROPY=196
2026-10-02 21:01:33,4341,2.84,513,33,1433,228,4113,UDP_ENTROPY=228
2026-10-02 21:01:34,3333,2.19,389,35,1167,136,3197,UDP_ENTROPY=136
2026-10-02 21:01:35,3344,1.93,331,38,1271,87,3257,UDP_ENTROPY=87
2026-10-02 21:01:36,3467,2.22,329,43,1491,145,3322,UDP_ENTROPY=145
2026-10-02 21:01:37,3645,2.48,484,34,1239,199,3446,UDP_ENTROPY=199
2026-10-02 21:01:38,4042,2.58,440,41,1657,165,3877,UDP_ENTROPY=165
2026-10-02 21:01:39,4409,2.64,412,41,1808,141,4268,UDP_ENTROPY=141
2026-10-02 21:01:40,4428,2.78,477,40,1771,190,4238,UDP_ENTROPY=190
2026-10-02 21:01:41,3576,2.32,439,30,1073,159,3417,UDP_ENTROPY=159
2026-10-02 21:01:42,4054,2.47,779,23,932,151,3903,UDP_ENTROPY=151
2026-10-02 21:01:43,4489,2.37,355,48,2155,50,4439,UDP_ENTROPY=50
2026-10-02 21:01:44,4207,2.82,245,71,2987,158,4049,UDP_ENTROPY=158
2026-10-02 21:01:45,3176,2.08,350,40,1270,123,3053,UDP_ENTROPY=123
2026-10-02 21:01:46,2910,1.85,297,41,1193,118,2792,UDP_ENTROPY=118
2026-10-02 21:01:47,2187,1.35,218,33,722,65,2122,UDP_ENTROPY=65
2026-10-02 21:01:48,1976,1.24,250,6,119,72,1904,UDP_ENTROPY=72
2026-10-02 21:01:49,2039,1.36,237,10,204,77,1962,UDP_ENTROPY=77
2026-10-02 21:01:50,1786,1.19,249,15,268,74,1712,UDP_ENTROPY=74
2026-10-02 21:01:51,1915,1.38,219,6,115,100,1815,UDP_ENTROPY=100
2026-10-02 21:01:52,1821,1.17,217,7,127,76,1745,UDP_ENTROPY=76
2026-10-02 21:01:53,2225,1.46,258,5,111,97,2128,UDP_ENTROPY=97
2026-10-02 21:01:54,2160,1.42,343,5,108,109,2051,UDP_ENTROPY=109
2026-10-02 21:01:55,1917,1.33,249,5,96,83,1834,UDP_ENTROPY=83
2026-10-02 21:01:56,2326,1.39,275,8,186,69,2257,UDP_ENTROPY=69
2026-10-02 21:01:57,1833,1.39,252,6,110,113,1720,UDP_ENTROPY=113
2026-10-02 21:01:58,1978,1.32,402,3,59,98,1880,UDP_ENTROPY=98
2026-10-02 21:01:59,1624,1.06,418,4,65,61,1563,UDP_ENTROPY=61
2026-10-02 21:02:00,736,0.6,120,41,302,4,732,hb
